model,allocation,tie_rule,score,clip,source_group,N,B,A,E,risk,retention,risk_pass,coverage_pass,joint_pass,zero_retained,count_lower_bound
Combined,global,identity,confidence_deficit,case10_1,case10,3408,1357,2741,690,0.2517329441809559,0.8042840375586855,False,True,False,False,0.2517329441809559
Combined,global,identity,confidence_deficit,case11,case11,1808,69,1768,29,0.016402714932126698,0.9778761061946902,True,True,True,False,0.016402714932126698
Combined,global,identity,confidence_deficit,case12_2,case12,3968,869,3439,340,0.09886594940389648,0.8666834677419355,True,True,True,False,0.09886594940389648
Combined,global,identity,confidence_deficit,case13_1,case13,1568,219,1547,198,0.1279896574014221,0.9866071428571429,True,True,True,False,0.1279896574014221
Combined,global,identity,confidence_deficit,case13_3,case13,2816,34,2810,28,0.0099644128113879,0.9978693181818182,True,True,True,False,0.0099644128113879
Combined,global,identity,confidence_deficit,case14_2,case14,2400,2376,752,728,0.9680851063829787,0.31333333333333335,False,False,False,False,0.9680851063829787
Combined,global,identity,confidence_deficit,case14_4,case14,2320,2114,1235,1029,0.8331983805668016,0.5323275862068966,False,True,False,False,0.8331983805668016
Combined,global,identity,confidence_deficit,case14_6,case14,3200,3098,990,888,0.896969696969697,0.309375,False,False,False,False,0.896969696969697
Combined,global,identity,confidence_deficit,case1_2,case1,3456,3,3453,0,0.0,0.9991319444444444,True,True,True,False,0.0
Combined,global,identity,confidence_deficit,case20_7,case20,2720,940,2275,495,0.2175824175824176,0.8363970588235294,False,True,False,False,0.2175824175824176
Combined,global,identity,confidence_deficit,case20_9,case20,2400,610,2020,230,0.11386138613861387,0.8416666666666667,True,True,True,False,0.11386138613861387
Combined,global,identity,confidence_deficit,case24_1,case24,2400,178,2377,155,0.06520824568784182,0.9904166666666666,True,True,True,False,0.06520824568784182
Combined,global,identity,confidence_deficit,case24_3,case24,2432,0,2432,0,0.0,1.0,True,True,True,False,0.0
Combined,global,identity,confidence_deficit,case24_5,case24,2400,55,2385,40,0.016771488469601678,0.99375,True,True,True,False,0.016771488469601678
Combined,global,identity,confidence_deficit,case25_2,case25,2176,101,2148,73,0.03398510242085661,0.9871323529411765,True,True,True,False,0.03398510242085661
Combined,global,identity,confidence_deficit,case29_1,case29,3424,463,3214,253,0.07871810827629122,0.9386682242990654,True,True,True,False,0.07871810827629122
Combined,global,identity,confidence_deficit,case2_3,case2,2400,0,2400,0,0.0,1.0,True,True,True,False,0.0
Combined,global,identity,confidence_deficit,case2_6,case2,1584,0,1584,0,0.0,1.0,True,True,True,False,0.0
Combined,global,identity,confidence_deficit,case2_9,case2,1792,0,1792,0,0.0,1.0,True,True,True,False,0.0
Combined,global,identity,confidence_deficit,case31,case31,2928,58,2925,55,0.018803418803418803,0.9989754098360656,True,True,True,False,0.018803418803418803
Combined,global,identity,confidence_deficit,case32_2,case32,1600,7,1600,7,0.004375,1.0,True,True,True,False,0.004375
Combined,global,identity,confidence_deficit,case32_4,case32,2960,459,2762,261,0.0944967414916727,0.9331081081081081,True,True,True,False,0.0944967414916727
Combined,global,identity,confidence_deficit,case32_6,case32,2736,36,2726,26,0.009537784299339692,0.9963450292397661,True,True,True,False,0.009537784299339692
Combined,global,identity,confidence_deficit,case34_2,case34,1984,26,1982,24,0.012108980827447022,0.998991935483871,True,True,True,False,0.012108980827447022
Combined,global,identity,confidence_deficit,case35_2,case35,1440,0,1440,0,0.0,1.0,True,True,True,False,0.0
Combined,global,identity,confidence_deficit,case35_8,case35,1856,369,1839,352,0.1914083741163676,0.9908405172413793,False,True,False,False,0.1914083741163676
Combined,global,identity,confidence_deficit,case36_2,case36,2400,1799,1708,1107,0.6481264637002342,0.7116666666666667,False,True,False,False,0.6481264637002342
Combined,global,identity,confidence_deficit,case36_4,case36,2048,1964,1274,1190,0.9340659340659341,0.6220703125,False,True,False,False,0.9340659340659341
Combined,global,identity,confidence_deficit,case37_2,case37,2544,213,2468,137,0.05551053484602917,0.970125786163522,True,True,True,False,0.05551053484602917
Combined,global,identity,confidence_deficit,case38_2,case38,4064,1552,3347,835,0.24947714371078578,0.8235728346456693,False,True,False,False,0.24947714371078578
Combined,global,identity,confidence_deficit,case39_2,case39,4320,517,4152,349,0.08405587668593449,0.9611111111111111,True,True,True,False,0.08405587668593449
Combined,global,identity,confidence_deficit,case3_1,case3,3168,314,3017,163,0.054027179317202516,0.9523358585858586,True,True,True,False,0.054027179317202516
Combined,global,identity,confidence_deficit,case40,case40,2544,643,2160,259,0.11990740740740741,0.8490566037735849,True,True,True,False,0.11990740740740741
Combined,global,identity,confidence_deficit,case43,case43,4160,269,3958,67,0.016927741283476502,0.9514423076923076,True,True,True,False,0.016927741283476502
Combined,global,identity,confidence_deficit,case47_2,case47,2400,118,2349,67,0.02852277564921243,0.97875,True,True,True,False,0.02852277564921243
Combined,global,identity,confidence_deficit,case47_4,case47,2128,0,2128,0,0.0,1.0,True,True,True,False,0.0
Combined,global,identity,confidence_deficit,case48,case48,2816,649,2445,278,0.11370143149284254,0.8682528409090909,True,True,True,False,0.11370143149284254
Combined,global,identity,confidence_deficit,case50_2,case50,2400,14,2398,12,0.0050041701417848205,0.9991666666666666,True,True,True,False,0.0050041701417848205
Combined,global,identity,confidence_deficit,case50_4,case50,3792,273,3692,173,0.04685807150595883,0.9736286919831224,True,True,True,False,0.04685807150595883
Combined,global,identity,confidence_deficit,case51_10,case51,3488,64,3483,59,0.016939420040195233,0.9985665137614679,True,True,True,False,0.016939420040195233
Combined,global,identity,confidence_deficit,case51_3,case51,3360,302,3214,156,0.04853764779091475,0.9565476190476191,True,True,True,False,0.04853764779091475
Combined,global,identity,confidence_deficit,case51_5,case51,2400,221,2277,98,0.043039086517347384,0.94875,True,True,True,False,0.043039086517347384
Combined,global,identity,confidence_deficit,case51_7,case51,2144,560,1694,110,0.06493506493506493,0.7901119402985075,True,True,True,False,0.06493506493506493
Combined,global,identity,confidence_deficit,case51_9,case51,2400,617,2287,504,0.22037603847835593,0.9529166666666666,False,True,False,False,0.22037603847835593
Combined,global,identity,confidence_deficit,case54_1,case54,3376,1710,2056,390,0.18968871595330739,0.6090047393364929,False,True,False,False,0.18968871595330739
Combined,global,identity,confidence_deficit,case56_1,case56,2400,126,2351,77,0.0327520204168439,0.9795833333333334,True,True,True,False,0.0327520204168439
Combined,global,identity,confidence_deficit,case5_4,case5,2400,19,2395,14,0.005845511482254697,0.9979166666666667,True,True,True,False,0.005845511482254697
Combined,global,identity,confidence_deficit,case60,case60,2336,1658,1575,897,0.5695238095238095,0.6742294520547946,False,True,False,False,0.5695238095238095
Combined,global,identity,confidence_deficit,case61_3,case61,3536,203,3468,135,0.03892733564013841,0.9807692307692307,True,True,True,False,0.03892733564013841
Combined,global,identity,confidence_deficit,case63_3,case63,2768,68,2747,47,0.017109574080815437,0.9924132947976878,True,True,True,False,0.017109574080815437
Combined,global,identity,confidence_deficit,case66_2,case66,5168,18,5165,15,0.002904162633107454,0.9994195046439629,True,True,True,False,0.002904162633107454
Combined,global,identity,confidence_deficit,case66_4,case66,3776,0,3776,0,0.0,1.0,True,True,True,False,0.0
Combined,global,identity,confidence_deficit,case66_6,case66,2144,0,2144,0,0.0,1.0,True,True,True,False,0.0
Combined,global,identity,confidence_deficit,case66_9,case66,3200,8,3195,3,0.0009389671361502347,0.9984375,True,True,True,False,0.0009389671361502347
Combined,global,identity,confidence_deficit,case68_1,case68,2624,238,2562,176,0.06869633099141297,0.9763719512195121,True,True,True,False,0.06869633099141297
Combined,global,identity,confidence_deficit,case68_3,case68,2608,584,2369,345,0.14563106796116504,0.9083588957055214,True,True,True,False,0.14563106796116504
Combined,global,identity,confidence_deficit,case68_5,case68,2400,109,2377,86,0.0361800588977703,0.9904166666666666,True,True,True,False,0.0361800588977703
Combined,global,identity,confidence_deficit,case68_7,case68,3680,686,3348,354,0.1057347670250896,0.9097826086956522,True,True,True,False,0.1057347670250896
Combined,global,identity,confidence_deficit,case6_3,case6,3360,3132,856,628,0.7336448598130841,0.25476190476190474,False,False,False,False,0.7336448598130841
Combined,global,identity,confidence_deficit,case71_1,case71,2048,647,1698,297,0.17491166077738515,0.8291015625,False,True,False,False,0.17491166077738515
Combined,global,identity,confidence_deficit,case71_5,case71,3616,89,3553,26,0.007317759639741064,0.9825774336283186,True,True,True,False,0.007317759639741064
Combined,global,identity,confidence_deficit,case72_3,case72,1664,0,1664,0,0.0,1.0,True,True,True,False,0.0
Combined,global,identity,confidence_deficit,case74_1,case74,2512,1111,1796,395,0.21993318485523386,0.714968152866242,False,True,False,False,0.21993318485523386
Combined,global,identity,confidence_deficit,case75_1,case75,2400,343,2150,93,0.04325581395348837,0.8958333333333334,True,True,True,False,0.04325581395348837
Combined,global,identity,confidence_deficit,case7_2,case7,2096,98,2039,41,0.020107896027464444,0.9728053435114504,True,True,True,False,0.020107896027464444
Combined,global,identity,confidence_deficit,case80_2,case80,2400,11,2394,5,0.0020885547201336674,0.9975,True,True,True,False,0.0020885547201336674
Combined,global,identity,confidence_deficit,case80_4,case80,2400,0,2400,0,0.0,1.0,True,True,True,False,0.0
Combined,global,identity,confidence_deficit,case80_6,case80,2400,0,2400,0,0.0,1.0,True,True,True,False,0.0
Combined,global,identity,confidence_deficit,case80_8,case80,2320,6,2317,3,0.001294777729823047,0.9987068965517242,True,True,True,False,0.001294777729823047
Combined,global,identity,confidence_deficit,case81_2,case81,4384,119,4291,26,0.006059193661151247,0.978786496350365,True,True,True,False,0.006059193661151247
Combined,global,identity,confidence_deficit,case83_3,case83,2144,0,2144,0,0.0,1.0,True,True,True,False,0.0
Combined,global,identity,confidence_deficit,case85_7,case85,2400,1069,1701,370,0.2175191064079953,0.70875,False,True,False,False,0.2175191064079953
Combined,global,identity,confidence_deficit,case86_1,case86,2400,199,2236,35,0.015652951699463326,0.9316666666666666,True,True,True,False,0.015652951699463326
Combined,global,identity,confidence_deficit,case89,case89,2384,264,2370,250,0.10548523206751055,0.9941275167785235,True,True,True,False,0.10548523206751055
Combined,global,identity,confidence_deficit,case8_2,case8,2256,6,2256,6,0.0026595744680851063,1.0,True,True,True,False,0.0026595744680851063
Combined,global,identity,confidence_deficit,case90_1,case90,2400,42,2375,17,0.007157894736842105,0.9895833333333334,True,True,True,False,0.007157894736842105
Combined,global,identity,confidence_deficit,case91_1,case91,2400,1462,1524,586,0.38451443569553806,0.635,False,True,False,False,0.38451443569553806
Combined,global,identity,confidence_deficit,case91_3,case91,2400,2218,859,677,0.7881257275902211,0.35791666666666666,False,False,False,False,0.7881257275902211
Combined,global,identity,confidence_deficit,case91_5,case91,2400,1060,1940,600,0.30927835051546393,0.8083333333333333,False,True,False,False,0.30927835051546393
Combined,global,identity,confidence_deficit,case91_7,case91,3744,370,3577,203,0.05675146771037182,0.9553952991452992,True,True,True,False,0.05675146771037182
Combined,global,identity,confidence_deficit,case93_2,case93,3760,379,3534,153,0.0432937181663837,0.9398936170212766,True,True,True,False,0.0432937181663837
Combined,global,identity,confidence_deficit,case95_1,case95,4144,999,3695,550,0.14884979702300405,0.8916505791505791,True,True,True,False,0.14884979702300405
Combined,global,identity,confidence_deficit,case95_3,case95,2400,2378,217,195,0.8986175115207373,0.09041666666666667,False,False,False,False,0.8986175115207373
Combined,global,identity,confidence_deficit,case96_1,case96,1840,1220,891,271,0.3041526374859708,0.4842391304347826,False,False,False,False,0.3041526374859708
Combined,global,identity,confidence_deficit,case97_1,case97,2400,2125,1100,825,0.75,0.4583333333333333,False,False,False,False,0.75
Combined,global,identity,confidence_deficit,case97_3,case97,2032,837,1695,500,0.2949852507374631,0.8341535433070866,False,True,False,False,0.2949852507374631
Combined,global,identity,entropy,case10_1,case10,3408,1357,2913,1268,0.4352900789564023,0.8547535211267606,False,True,False,False,0.2959148644009612
Combined,global,identity,entropy,case11,case11,1808,69,1777,64,0.03601575689364097,0.9828539823008849,True,True,True,False,0.021384355655599326
Combined,global,identity,entropy,case12_2,case12,3968,869,3958,864,0.21829206670035373,0.9974798387096774,False,True,False,False,0.2170288024254674
Combined,global,identity,entropy,case13_1,case13,1568,219,1083,171,0.15789473684210525,0.6906887755102041,False,True,False,False,0.0
Combined,global,identity,entropy,case13_3,case13,2816,34,2739,22,0.008032128514056224,0.97265625,True,True,True,False,0.0
Combined,global,identity,entropy,case14_2,case14,2400,2376,2311,2309,0.9991345737775854,0.9629166666666666,False,True,False,False,0.9896148853310255
Combined,global,identity,entropy,case14_4,case14,2320,2114,1923,1801,0.9365574622984919,0.8288793103448275,False,True,False,False,0.8928757150286012
Combined,global,identity,entropy,case14_6,case14,3200,3098,3003,2952,0.983016983016983,0.9384375,False,True,False,False,0.9660339660339661
Combined,global,identity,entropy,case1_2,case1,3456,3,3453,3,0.0008688097306689834,0.9991319444444444,True,True,True,False,0.0
Combined,global,identity,entropy,case20_7,case20,2720,940,2401,899,0.3744273219491878,0.8827205882352941,False,True,False,False,0.25864223240316536
Combined,global,identity,entropy,case20_9,case20,2400,610,2362,598,0.2531752751905165,0.9841666666666666,False,True,False,False,0.24216765453005928
Combined,global,identity,entropy,case24_1,case24,2400,178,1772,152,0.08577878103837472,0.7383333333333333,True,True,True,False,0.0
Combined,global,identity,entropy,case24_3,case24,2432,0,2427,0,0.0,0.9979440789473685,True,True,True,False,0.0
Combined,global,identity,entropy,case24_5,case24,2400,55,2193,43,0.0196078431372549,0.91375,True,True,True,False,0.0
Combined,global,identity,entropy,case25_2,case25,2176,101,2082,73,0.03506243996157541,0.9568014705882353,True,True,True,False,0.0033621517771373678
Combined,global,identity,entropy,case29_1,case29,3424,463,2871,368,0.1281783350748868,0.8384929906542056,True,True,True,False,0.0
Combined,global,identity,entropy,case2_3,case2,2400,0,2319,0,0.0,0.96625,True,True,True,False,0.0
Combined,global,identity,entropy,case2_6,case2,1584,0,1568,0,0.0,0.98989898989899,True,True,True,False,0.0
Combined,global,identity,entropy,case2_9,case2,1792,0,1717,0,0.0,0.9581473214285714,True,True,True,False,0.0
Combined,global,identity,entropy,case31,case31,2928,58,2467,37,0.014997973246858533,0.8425546448087432,True,True,True,False,0.0
Combined,global,identity,entropy,case32_2,case32,1600,7,1149,2,0.0017406440382941688,0.718125,True,True,True,False,0.0
Combined,global,identity,entropy,case32_4,case32,2960,459,1936,361,0.18646694214876033,0.654054054054054,False,True,False,False,0.0
Combined,global,identity,entropy,case32_6,case32,2736,36,2217,30,0.013531799729364006,0.8103070175438597,True,True,True,False,0.0
Combined,global,identity,entropy,case34_2,case34,1984,26,1800,21,0.011666666666666667,0.907258064516129,True,True,True,False,0.0
Combined,global,identity,entropy,case35_2,case35,1440,0,654,0,0.0,0.45416666666666666,True,False,False,False,0.0
Combined,global,identity,entropy,case35_8,case35,1856,369,90,48,0.5333333333333333,0.04849137931034483,False,False,False,False,0.0
Combined,global,identity,entropy,case36_2,case36,2400,1799,2160,1754,0.812037037037037,0.9,False,True,False,False,0.7217592592592592
Combined,global,identity,entropy,case36_4,case36,2048,1964,1969,1900,0.9649568308786186,0.96142578125,False,True,False,False,0.95733875063484
Combined,global,identity,entropy,case37_2,case37,2544,213,1435,185,0.1289198606271777,0.5640723270440252,True,True,True,False,0.0
Combined,global,identity,entropy,case38_2,case38,4064,1552,3952,1502,0.3800607287449393,0.9724409448818898,False,True,False,False,0.3643724696356275
Combined,global,identity,entropy,case39_2,case39,4320,517,3487,436,0.12503584743332377,0.8071759259259259,True,True,True,False,0.0
Combined,global,identity,entropy,case3_1,case3,3168,314,3086,302,0.09786130913804278,0.9741161616161617,True,True,True,False,0.07517822423849643
Combined,global,identity,entropy,case40,case40,2544,643,2507,636,0.2536896689270044,0.9854559748427673,False,True,False,False,0.24172317510969285
Combined,global,identity,entropy,case43,case43,4160,269,4054,266,0.06561420818944252,0.9745192307692307,True,True,True,False,0.0402072027627035
Combined,global,identity,entropy,case47_2,case47,2400,118,2203,106,0.048116205174761686,0.9179166666666667,True,True,True,False,0.0
Combined,global,identity,entropy,case47_4,case47,2128,0,2127,0,0.0,0.9995300751879699,True,True,True,False,0.0
Combined,global,identity,entropy,case48,case48,2816,649,2650,611,0.23056603773584905,0.9410511363636364,False,True,False,False,0.18226415094339624
Combined,global,identity,entropy,case50_2,case50,2400,14,1780,10,0.0056179775280898875,0.7416666666666667,True,True,True,False,0.0
Combined,global,identity,entropy,case50_4,case50,3792,273,2508,215,0.08572567783094098,0.6613924050632911,True,True,True,False,0.0
Combined,global,identity,entropy,case51_10,case51,3488,64,2354,47,0.019966015293118096,0.6748853211009175,True,True,True,False,0.0
Combined,global,identity,entropy,case51_3,case51,3360,302,3077,291,0.0945726356841079,0.9157738095238095,True,True,True,False,0.006174845628859279
Combined,global,identity,entropy,case51_5,case51,2400,221,2339,214,0.09149209063702438,0.9745833333333334,True,True,True,False,0.06840530141085935
Combined,global,identity,entropy,case51_7,case51,2144,560,2066,544,0.2633107454017425,0.9636194029850746,False,True,False,False,0.23330106485963215
Combined,global,identity,entropy,case51_9,case51,2400,617,1671,257,0.1538001196888091,0.69625,False,True,False,False,0.0
Combined,global,identity,entropy,case54_1,case54,3376,1710,3124,1662,0.532010243277849,0.9253554502369669,False,True,False,False,0.4667093469910371
Combined,global,identity,entropy,case56_1,case56,2400,126,2349,112,0.04767986377181779,0.97875,True,True,True,False,0.031928480204342274
Combined,global,identity,entropy,case5_4,case5,2400,19,2356,19,0.008064516129032258,0.9816666666666667,True,True,True,False,0.0
Combined,global,identity,entropy,case60,case60,2336,1658,1856,1546,0.8329741379310345,0.7945205479452054,False,True,False,False,0.634698275862069
Combined,global,identity,entropy,case61_3,case61,3536,203,3451,197,0.057084902926687914,0.9759615384615384,True,True,True,False,0.034192987539843525
Combined,global,identity,entropy,case63_3,case63,2768,68,2723,65,0.02387073081160485,0.983742774566474,True,True,True,False,0.008446566287183254
Combined,global,identity,entropy,case66_2,case66,5168,18,5133,9,0.0017533606078316774,0.9932275541795665,True,True,True,False,0.0
Combined,global,identity,entropy,case66_4,case66,3776,0,3717,0,0.0,0.984375,True,True,True,False,0.0
Combined,global,identity,entropy,case66_6,case66,2144,0,2142,0,0.0,0.9990671641791045,True,True,True,False,0.0
Combined,global,identity,entropy,case66_9,case66,3200,8,3158,8,0.00253324889170361,0.986875,True,True,True,False,0.0
Combined,global,identity,entropy,case68_1,case68,2624,238,736,135,0.18342391304347827,0.2804878048780488,False,False,False,False,0.0
Combined,global,identity,entropy,case68_3,case68,2608,584,550,388,0.7054545454545454,0.21088957055214724,False,False,False,False,0.0
Combined,global,identity,entropy,case68_5,case68,2400,109,1008,49,0.04861111111111111,0.42,True,False,False,False,0.0
Combined,global,identity,entropy,case68_7,case68,3680,686,2495,585,0.23446893787575152,0.6779891304347826,False,True,False,False,0.0
Combined,global,identity,entropy,case6_3,case6,3360,3132,3317,3103,0.9354838709677419,0.987202380952381,False,True,False,False,0.931263189629183
Combined,global,identity,entropy,case71_1,case71,2048,647,1654,561,0.3391777509068924,0.8076171875,False,True,False,False,0.15296251511487305
Combined,global,identity,entropy,case71_5,case71,3616,89,3612,89,0.024640088593576966,0.9988938053097345,True,True,True,False,0.02353266888150609
Combined,global,identity,entropy,case72_3,case72,1664,0,1664,0,0.0,1.0,True,True,True,False,0.0
Combined,global,identity,entropy,case74_1,case74,2512,1111,2278,1066,0.4679543459174715,0.9068471337579618,False,True,False,False,0.3849868305531168
Combined,global,identity,entropy,case75_1,case75,2400,343,2368,325,0.13724662162162163,0.9866666666666667,True,True,True,False,0.13133445945945946
Combined,global,identity,entropy,case7_2,case7,2096,98,2065,94,0.04552058111380145,0.9852099236641222,True,True,True,False,0.0324455205811138
Combined,global,identity,entropy,case80_2,case80,2400,11,2382,8,0.0033585222502099076,0.9925,True,True,True,False,0.0
Combined,global,identity,entropy,case80_4,case80,2400,0,2390,0,0.0,0.9958333333333333,True,True,True,False,0.0
Combined,global,identity,entropy,case80_6,case80,2400,0,2362,0,0.0,0.9841666666666666,True,True,True,False,0.0
Combined,global,identity,entropy,case80_8,case80,2320,6,2319,6,0.00258732212160414,0.9995689655172414,True,True,True,False,0.0021561017680034496
Combined,global,identity,entropy,case81_2,case81,4384,119,4367,119,0.027249828257384933,0.9961222627737226,True,True,True,False,0.023356995649187084
Combined,global,identity,entropy,case83_3,case83,2144,0,2144,0,0.0,1.0,True,True,True,False,0.0
Combined,global,identity,entropy,case85_7,case85,2400,1069,2047,1040,0.5080605764533463,0.8529166666666667,False,True,False,False,0.3497801660967269
Combined,global,identity,entropy,case86_1,case86,2400,199,2382,193,0.08102434928631402,0.9925,True,True,True,False,0.07598656591099916
Combined,global,identity,entropy,case89,case89,2384,264,2128,225,0.10573308270676691,0.8926174496644296,True,True,True,False,0.0037593984962406013
Combined,global,identity,entropy,case8_2,case8,2256,6,2109,3,0.001422475106685633,0.9348404255319149,True,True,True,False,0.0
Combined,global,identity,entropy,case90_1,case90,2400,42,2207,29,0.013140009062075216,0.9195833333333333,True,True,True,False,0.0
Combined,global,identity,entropy,case91_1,case91,2400,1462,2185,1388,0.6352402745995424,0.9104166666666667,False,True,False,False,0.5707093821510297
Combined,global,identity,entropy,case91_3,case91,2400,2218,2343,2178,0.9295774647887324,0.97625,False,True,False,False,0.9223218096457533
Combined,global,identity,entropy,case91_5,case91,2400,1060,1845,857,0.4644986449864499,0.76875,False,True,False,False,0.27371273712737126
Combined,global,identity,entropy,case91_7,case91,3744,370,3644,342,0.0938529088913282,0.9732905982905983,True,True,True,False,0.07409440175631174
Combined,global,identity,entropy,case93_2,case93,3760,379,3490,354,0.101432664756447,0.9281914893617021,True,True,True,False,0.031232091690544413
Combined,global,identity,entropy,case95_1,case95,4144,999,3526,851,0.2413499716392513,0.8508687258687259,False,True,False,False,0.10805445263754963
Combined,global,identity,entropy,case95_3,case95,2400,2378,2384,2374,0.9958053691275168,0.9933333333333333,False,True,False,False,0.9907718120805369
Combined,global,identity,entropy,case96_1,case96,1840,1220,1758,1195,0.679749715585893,0.9554347826086956,False,True,False,False,0.6473265073947668
Combined,global,identity,entropy,case97_1,case97,2400,2125,1925,1914,0.9942857142857143,0.8020833333333334,False,True,False,False,0.8571428571428571
Combined,global,identity,entropy,case97_3,case97,2032,837,1584,755,0.47664141414141414,0.7795275590551181,False,True,False,False,0.2455808080808081
Combined,global,identity,negative_area_fraction,case10_1,case10,3408,1357,3408,1357,0.39818075117370894,1.0,False,True,False,False,0.39818075117370894
Combined,global,identity,negative_area_fraction,case11,case11,1808,69,1808,69,0.03816371681415929,1.0,True,True,True,False,0.03816371681415929
Combined,global,identity,negative_area_fraction,case12_2,case12,3968,869,3968,869,0.21900201612903225,1.0,False,True,False,False,0.21900201612903225
Combined,global,identity,negative_area_fraction,case13_1,case13,1568,219,1568,219,0.13966836734693877,1.0,True,True,True,False,0.13966836734693877
Combined,global,identity,negative_area_fraction,case13_3,case13,2816,34,2816,34,0.012073863636363636,1.0,True,True,True,False,0.012073863636363636
Combined,global,identity,negative_area_fraction,case14_2,case14,2400,2376,2400,2376,0.99,1.0,False,True,False,False,0.99
Combined,global,identity,negative_area_fraction,case14_4,case14,2320,2114,2320,2114,0.9112068965517242,1.0,False,True,False,False,0.9112068965517242
Combined,global,identity,negative_area_fraction,case14_6,case14,3200,3098,3030,2928,0.9663366336633663,0.946875,False,True,False,False,0.9663366336633663
Combined,global,identity,negative_area_fraction,case1_2,case1,3456,3,3453,0,0.0,0.9991319444444444,True,True,True,False,0.0
Combined,global,identity,negative_area_fraction,case20_7,case20,2720,940,2072,292,0.14092664092664092,0.7617647058823529,True,True,True,False,0.14092664092664092
Combined,global,identity,negative_area_fraction,case20_9,case20,2400,610,1900,110,0.05789473684210526,0.7916666666666666,True,True,True,False,0.05789473684210526
Combined,global,identity,negative_area_fraction,case24_1,case24,2400,178,2364,142,0.06006768189509306,0.985,True,True,True,False,0.06006768189509306
Combined,global,identity,negative_area_fraction,case24_3,case24,2432,0,2432,0,0.0,1.0,True,True,True,False,0.0
Combined,global,identity,negative_area_fraction,case24_5,case24,2400,55,2372,27,0.011382799325463743,0.9883333333333333,True,True,True,False,0.011382799325463743
Combined,global,identity,negative_area_fraction,case25_2,case25,2176,101,2122,47,0.022148916116870875,0.9751838235294118,True,True,True,False,0.022148916116870875
Combined,global,identity,negative_area_fraction,case29_1,case29,3424,463,3112,151,0.04852185089974293,0.9088785046728972,True,True,True,False,0.04852185089974293
Combined,global,identity,negative_area_fraction,case2_3,case2,2400,0,2400,0,0.0,1.0,True,True,True,False,0.0
Combined,global,identity,negative_area_fraction,case2_6,case2,1584,0,1584,0,0.0,1.0,True,True,True,False,0.0
Combined,global,identity,negative_area_fraction,case2_9,case2,1792,0,1792,0,0.0,1.0,True,True,True,False,0.0
Combined,global,identity,negative_area_fraction,case31,case31,2928,58,2920,50,0.017123287671232876,0.9972677595628415,True,True,True,False,0.017123287671232876
Combined,global,identity,negative_area_fraction,case32_2,case32,1600,7,1600,7,0.004375,1.0,True,True,True,False,0.004375
Combined,global,identity,negative_area_fraction,case32_4,case32,2960,459,2657,156,0.05871283402333459,0.8976351351351352,True,True,True,False,0.05871283402333459
Combined,global,identity,negative_area_fraction,case32_6,case32,2736,36,2721,21,0.007717750826901874,0.9945175438596491,True,True,True,False,0.007717750826901874
Combined,global,identity,negative_area_fraction,case34_2,case34,1984,26,1979,21,0.010611419909044972,0.9974798387096774,True,True,True,False,0.010611419909044972
Combined,global,identity,negative_area_fraction,case35_2,case35,1440,0,1440,0,0.0,1.0,True,True,True,False,0.0
Combined,global,identity,negative_area_fraction,case35_8,case35,1856,369,1828,341,0.18654266958424506,0.9849137931034483,False,True,False,False,0.18654266958424506
Combined,global,identity,negative_area_fraction,case36_2,case36,2400,1799,1369,768,0.5609934258582907,0.5704166666666667,False,True,False,False,0.5609934258582907
Combined,global,identity,negative_area_fraction,case36_4,case36,2048,1964,1020,936,0.9176470588235294,0.498046875,False,False,False,False,0.9176470588235294
Combined,global,identity,negative_area_fraction,case37_2,case37,2544,213,2434,103,0.042317173377156944,0.9567610062893082,True,True,True,False,0.042317173377156944
Combined,global,identity,negative_area_fraction,case38_2,case38,4064,1552,3039,527,0.1734123066798289,0.7477854330708661,False,True,False,False,0.1734123066798289
Combined,global,identity,negative_area_fraction,case39_2,case39,4320,517,4044,241,0.059594460929772504,0.9361111111111111,True,True,True,False,0.059594460929772504
Combined,global,identity,negative_area_fraction,case3_1,case3,3168,314,2950,96,0.03254237288135593,0.9311868686868687,True,True,True,False,0.03254237288135593
Combined,global,identity,negative_area_fraction,case40,case40,2544,643,2038,137,0.06722276741903828,0.8011006289308176,True,True,True,False,0.06722276741903828
Combined,global,identity,negative_area_fraction,case43,case43,4160,269,3914,23,0.005876341338783853,0.9408653846153846,True,True,True,False,0.005876341338783853
Combined,global,identity,negative_area_fraction,case47_2,case47,2400,118,2329,47,0.020180334907685702,0.9704166666666667,True,True,True,False,0.020180334907685702
Combined,global,identity,negative_area_fraction,case47_4,case47,2128,0,2128,0,0.0,1.0,True,True,True,False,0.0
Combined,global,identity,negative_area_fraction,case48,case48,2816,649,2323,156,0.06715454154111063,0.8249289772727273,True,True,True,False,0.06715454154111063
Combined,global,identity,negative_area_fraction,case50_2,case50,2400,14,2396,10,0.004173622704507512,0.9983333333333333,True,True,True,False,0.004173622704507512
Combined,global,identity,negative_area_fraction,case50_4,case50,3792,273,3650,131,0.035890410958904106,0.9625527426160337,True,True,True,False,0.035890410958904106
Combined,global,identity,negative_area_fraction,case51_10,case51,3488,64,3469,45,0.012972038051311616,0.994552752293578,True,True,True,False,0.012972038051311616
Combined,global,identity,negative_area_fraction,case51_3,case51,3360,302,3148,90,0.028589580686149935,0.9369047619047619,True,True,True,False,0.028589580686149935
Combined,global,identity,negative_area_fraction,case51_5,case51,2400,221,2236,57,0.025491949910554562,0.9316666666666666,True,True,True,False,0.025491949910554562
Combined,global,identity,negative_area_fraction,case51_7,case51,2144,560,1631,47,0.028816676885346414,0.7607276119402985,True,True,True,False,0.028816676885346414
Combined,global,identity,negative_area_fraction,case51_9,case51,2400,617,2231,448,0.2008068130883012,0.9295833333333333,False,True,False,False,0.2008068130883012
Combined,global,identity,negative_area_fraction,case54_1,case54,3376,1710,1831,165,0.09011469142545057,0.5423578199052133,True,True,True,False,0.09011469142545057
Combined,global,identity,negative_area_fraction,case56_1,case56,2400,126,2324,50,0.021514629948364887,0.9683333333333334,True,True,True,False,0.021514629948364887
Combined,global,identity,negative_area_fraction,case5_4,case5,2400,19,2391,10,0.004182350480970306,0.99625,True,True,True,False,0.004182350480970306
Combined,global,identity,negative_area_fraction,case60,case60,2336,1658,1350,672,0.49777777777777776,0.5779109589041096,False,True,False,False,0.49777777777777776
Combined,global,identity,negative_area_fraction,case61_3,case61,3536,203,3429,96,0.02799650043744532,0.9697398190045249,True,True,True,False,0.02799650043744532
Combined,global,identity,negative_area_fraction,case63_3,case63,2768,68,2728,28,0.010263929618768328,0.9855491329479769,True,True,True,False,0.010263929618768328
Combined,global,identity,negative_area_fraction,case66_2,case66,5168,18,5162,12,0.002324680356450988,0.9988390092879257,True,True,True,False,0.002324680356450988
Combined,global,identity,negative_area_fraction,case66_4,case66,3776,0,3776,0,0.0,1.0,True,True,True,False,0.0
Combined,global,identity,negative_area_fraction,case66_6,case66,2144,0,2144,0,0.0,1.0,True,True,True,False,0.0
Combined,global,identity,negative_area_fraction,case66_9,case66,3200,8,3194,2,0.0006261740763932373,0.998125,True,True,True,False,0.0006261740763932373
Combined,global,identity,negative_area_fraction,case68_1,case68,2624,238,2522,136,0.05392545598731166,0.9611280487804879,True,True,True,False,0.05392545598731166
Combined,global,identity,negative_area_fraction,case68_3,case68,2608,584,2274,250,0.10993843447669305,0.8719325153374233,True,True,True,False,0.10993843447669305
Combined,global,identity,negative_area_fraction,case68_5,case68,2400,109,2368,77,0.03251689189189189,0.9866666666666667,True,True,True,False,0.03251689189189189
Combined,global,identity,negative_area_fraction,case68_7,case68,3680,686,3217,223,0.0693192415293752,0.8741847826086957,True,True,True,False,0.0693192415293752
Combined,global,identity,negative_area_fraction,case6_3,case6,3360,3132,492,264,0.5365853658536586,0.14642857142857144,False,False,False,False,0.5365853658536586
Combined,global,identity,negative_area_fraction,case71_1,case71,2048,647,1597,196,0.12273011897307451,0.77978515625,True,True,True,False,0.12273011897307451
Combined,global,identity,negative_area_fraction,case71_5,case71,3616,89,3535,8,0.002263083451202263,0.9775995575221239,True,True,True,False,0.002263083451202263
Combined,global,identity,negative_area_fraction,case72_3,case72,1664,0,1664,0,0.0,1.0,True,True,True,False,0.0
Combined,global,identity,negative_area_fraction,case74_1,case74,2512,1111,1630,229,0.14049079754601226,0.6488853503184714,True,True,True,False,0.14049079754601226
Combined,global,identity,negative_area_fraction,case75_1,case75,2400,343,2103,46,0.021873514027579647,0.87625,True,True,True,False,0.021873514027579647
Combined,global,identity,negative_area_fraction,case7_2,case7,2096,98,2018,20,0.009910802775024777,0.9627862595419847,True,True,True,False,0.009910802775024777
Combined,global,identity,negative_area_fraction,case80_2,case80,2400,11,2393,4,0.001671541997492687,0.9970833333333333,True,True,True,False,0.001671541997492687
Combined,global,identity,negative_area_fraction,case80_4,case80,2400,0,2400,0,0.0,1.0,True,True,True,False,0.0
Combined,global,identity,negative_area_fraction,case80_6,case80,2400,0,2400,0,0.0,1.0,True,True,True,False,0.0
Combined,global,identity,negative_area_fraction,case80_8,case80,2320,6,2316,2,0.0008635578583765112,0.9982758620689656,True,True,True,False,0.0008635578583765112
Combined,global,identity,negative_area_fraction,case81_2,case81,4384,119,4274,9,0.0021057557323350493,0.9749087591240876,True,True,True,False,0.0021057557323350493
Combined,global,identity,negative_area_fraction,case83_3,case83,2144,0,2144,0,0.0,1.0,True,True,True,False,0.0
Combined,global,identity,negative_area_fraction,case85_7,case85,2400,1069,1488,157,0.10551075268817205,0.62,True,True,True,False,0.10551075268817205
Combined,global,identity,negative_area_fraction,case86_1,case86,2400,199,2214,13,0.005871725383920506,0.9225,True,True,True,False,0.005871725383920506
Combined,global,identity,negative_area_fraction,case89,case89,2384,264,2353,233,0.09902252443688908,0.986996644295302,True,True,True,False,0.09902252443688908
Combined,global,identity,negative_area_fraction,case8_2,case8,2256,6,2256,6,0.0026595744680851063,1.0,True,True,True,False,0.0026595744680851063
Combined,global,identity,negative_area_fraction,case90_1,case90,2400,42,2370,12,0.005063291139240506,0.9875,True,True,True,False,0.005063291139240506
Combined,global,identity,negative_area_fraction,case91_1,case91,2400,1462,1258,320,0.2543720190779014,0.5241666666666667,False,True,False,False,0.2543720190779014
Combined,global,identity,negative_area_fraction,case91_3,case91,2400,2218,424,242,0.5707547169811321,0.17666666666666667,False,False,False,False,0.5707547169811321
Combined,global,identity,negative_area_fraction,case91_5,case91,2400,1060,1735,395,0.2276657060518732,0.7229166666666667,False,True,False,False,0.2276657060518732
Combined,global,identity,negative_area_fraction,case91_7,case91,3744,370,3481,107,0.030738293593794888,0.9297542735042735,True,True,True,False,0.030738293593794888
Combined,global,identity,negative_area_fraction,case93_2,case93,3760,379,3481,100,0.028727377190462512,0.9257978723404255,True,True,True,False,0.028727377190462512
Combined,global,identity,negative_area_fraction,case95_1,case95,4144,999,3536,391,0.11057692307692307,0.8532818532818532,True,True,True,False,0.11057692307692307
Combined,global,identity,negative_area_fraction,case95_3,case95,2400,2378,99,77,0.7777777777777778,0.04125,False,False,False,False,0.7777777777777778
Combined,global,identity,negative_area_fraction,case96_1,case96,1840,1220,738,118,0.15989159891598917,0.40108695652173915,False,False,False,False,0.15989159891598917
Combined,global,identity,negative_area_fraction,case97_1,case97,2400,2125,793,518,0.6532156368221942,0.3304166666666667,False,False,False,False,0.6532156368221942
Combined,global,identity,negative_area_fraction,case97_3,case97,2032,837,1570,375,0.23885350318471338,0.7726377952755905,False,True,False,False,0.23885350318471338
Combined,global,sha256,confidence_deficit,case10_1,case10,3408,1357,2741,690,0.2517329441809559,0.8042840375586855,False,True,False,False,0.2517329441809559
Combined,global,sha256,confidence_deficit,case11,case11,1808,69,1768,29,0.016402714932126698,0.9778761061946902,True,True,True,False,0.016402714932126698
Combined,global,sha256,confidence_deficit,case12_2,case12,3968,869,3439,340,0.09886594940389648,0.8666834677419355,True,True,True,False,0.09886594940389648
Combined,global,sha256,confidence_deficit,case13_1,case13,1568,219,1547,198,0.1279896574014221,0.9866071428571429,True,True,True,False,0.1279896574014221
Combined,global,sha256,confidence_deficit,case13_3,case13,2816,34,2810,28,0.0099644128113879,0.9978693181818182,True,True,True,False,0.0099644128113879
Combined,global,sha256,confidence_deficit,case14_2,case14,2400,2376,752,728,0.9680851063829787,0.31333333333333335,False,False,False,False,0.9680851063829787
Combined,global,sha256,confidence_deficit,case14_4,case14,2320,2114,1235,1029,0.8331983805668016,0.5323275862068966,False,True,False,False,0.8331983805668016
Combined,global,sha256,confidence_deficit,case14_6,case14,3200,3098,990,888,0.896969696969697,0.309375,False,False,False,False,0.896969696969697
Combined,global,sha256,confidence_deficit,case1_2,case1,3456,3,3453,0,0.0,0.9991319444444444,True,True,True,False,0.0
Combined,global,sha256,confidence_deficit,case20_7,case20,2720,940,2275,495,0.2175824175824176,0.8363970588235294,False,True,False,False,0.2175824175824176
Combined,global,sha256,confidence_deficit,case20_9,case20,2400,610,2020,230,0.11386138613861387,0.8416666666666667,True,True,True,False,0.11386138613861387
Combined,global,sha256,confidence_deficit,case24_1,case24,2400,178,2377,155,0.06520824568784182,0.9904166666666666,True,True,True,False,0.06520824568784182
Combined,global,sha256,confidence_deficit,case24_3,case24,2432,0,2432,0,0.0,1.0,True,True,True,False,0.0
Combined,global,sha256,confidence_deficit,case24_5,case24,2400,55,2385,40,0.016771488469601678,0.99375,True,True,True,False,0.016771488469601678
Combined,global,sha256,confidence_deficit,case25_2,case25,2176,101,2148,73,0.03398510242085661,0.9871323529411765,True,True,True,False,0.03398510242085661
Combined,global,sha256,confidence_deficit,case29_1,case29,3424,463,3214,253,0.07871810827629122,0.9386682242990654,True,True,True,False,0.07871810827629122
Combined,global,sha256,confidence_deficit,case2_3,case2,2400,0,2400,0,0.0,1.0,True,True,True,False,0.0
Combined,global,sha256,confidence_deficit,case2_6,case2,1584,0,1584,0,0.0,1.0,True,True,True,False,0.0
Combined,global,sha256,confidence_deficit,case2_9,case2,1792,0,1792,0,0.0,1.0,True,True,True,False,0.0
Combined,global,sha256,confidence_deficit,case31,case31,2928,58,2925,55,0.018803418803418803,0.9989754098360656,True,True,True,False,0.018803418803418803
Combined,global,sha256,confidence_deficit,case32_2,case32,1600,7,1600,7,0.004375,1.0,True,True,True,False,0.004375
Combined,global,sha256,confidence_deficit,case32_4,case32,2960,459,2762,261,0.0944967414916727,0.9331081081081081,True,True,True,False,0.0944967414916727
Combined,global,sha256,confidence_deficit,case32_6,case32,2736,36,2726,26,0.009537784299339692,0.9963450292397661,True,True,True,False,0.009537784299339692
Combined,global,sha256,confidence_deficit,case34_2,case34,1984,26,1982,24,0.012108980827447022,0.998991935483871,True,True,True,False,0.012108980827447022
Combined,global,sha256,confidence_deficit,case35_2,case35,1440,0,1440,0,0.0,1.0,True,True,True,False,0.0
Combined,global,sha256,confidence_deficit,case35_8,case35,1856,369,1839,352,0.1914083741163676,0.9908405172413793,False,True,False,False,0.1914083741163676
Combined,global,sha256,confidence_deficit,case36_2,case36,2400,1799,1708,1107,0.6481264637002342,0.7116666666666667,False,True,False,False,0.6481264637002342
Combined,global,sha256,confidence_deficit,case36_4,case36,2048,1964,1274,1190,0.9340659340659341,0.6220703125,False,True,False,False,0.9340659340659341
Combined,global,sha256,confidence_deficit,case37_2,case37,2544,213,2468,137,0.05551053484602917,0.970125786163522,True,True,True,False,0.05551053484602917
Combined,global,sha256,confidence_deficit,case38_2,case38,4064,1552,3347,835,0.24947714371078578,0.8235728346456693,False,True,False,False,0.24947714371078578
Combined,global,sha256,confidence_deficit,case39_2,case39,4320,517,4152,349,0.08405587668593449,0.9611111111111111,True,True,True,False,0.08405587668593449
Combined,global,sha256,confidence_deficit,case3_1,case3,3168,314,3017,163,0.054027179317202516,0.9523358585858586,True,True,True,False,0.054027179317202516
Combined,global,sha256,confidence_deficit,case40,case40,2544,643,2160,259,0.11990740740740741,0.8490566037735849,True,True,True,False,0.11990740740740741
Combined,global,sha256,confidence_deficit,case43,case43,4160,269,3958,67,0.016927741283476502,0.9514423076923076,True,True,True,False,0.016927741283476502
Combined,global,sha256,confidence_deficit,case47_2,case47,2400,118,2349,67,0.02852277564921243,0.97875,True,True,True,False,0.02852277564921243
Combined,global,sha256,confidence_deficit,case47_4,case47,2128,0,2128,0,0.0,1.0,True,True,True,False,0.0
Combined,global,sha256,confidence_deficit,case48,case48,2816,649,2445,278,0.11370143149284254,0.8682528409090909,True,True,True,False,0.11370143149284254
Combined,global,sha256,confidence_deficit,case50_2,case50,2400,14,2398,12,0.0050041701417848205,0.9991666666666666,True,True,True,False,0.0050041701417848205
Combined,global,sha256,confidence_deficit,case50_4,case50,3792,273,3692,173,0.04685807150595883,0.9736286919831224,True,True,True,False,0.04685807150595883
Combined,global,sha256,confidence_deficit,case51_10,case51,3488,64,3483,59,0.016939420040195233,0.9985665137614679,True,True,True,False,0.016939420040195233
Combined,global,sha256,confidence_deficit,case51_3,case51,3360,302,3214,156,0.04853764779091475,0.9565476190476191,True,True,True,False,0.04853764779091475
Combined,global,sha256,confidence_deficit,case51_5,case51,2400,221,2277,98,0.043039086517347384,0.94875,True,True,True,False,0.043039086517347384
Combined,global,sha256,confidence_deficit,case51_7,case51,2144,560,1694,110,0.06493506493506493,0.7901119402985075,True,True,True,False,0.06493506493506493
Combined,global,sha256,confidence_deficit,case51_9,case51,2400,617,2287,504,0.22037603847835593,0.9529166666666666,False,True,False,False,0.22037603847835593
Combined,global,sha256,confidence_deficit,case54_1,case54,3376,1710,2056,390,0.18968871595330739,0.6090047393364929,False,True,False,False,0.18968871595330739
Combined,global,sha256,confidence_deficit,case56_1,case56,2400,126,2351,77,0.0327520204168439,0.9795833333333334,True,True,True,False,0.0327520204168439
Combined,global,sha256,confidence_deficit,case5_4,case5,2400,19,2395,14,0.005845511482254697,0.9979166666666667,True,True,True,False,0.005845511482254697
Combined,global,sha256,confidence_deficit,case60,case60,2336,1658,1575,897,0.5695238095238095,0.6742294520547946,False,True,False,False,0.5695238095238095
Combined,global,sha256,confidence_deficit,case61_3,case61,3536,203,3468,135,0.03892733564013841,0.9807692307692307,True,True,True,False,0.03892733564013841
Combined,global,sha256,confidence_deficit,case63_3,case63,2768,68,2747,47,0.017109574080815437,0.9924132947976878,True,True,True,False,0.017109574080815437
Combined,global,sha256,confidence_deficit,case66_2,case66,5168,18,5165,15,0.002904162633107454,0.9994195046439629,True,True,True,False,0.002904162633107454
Combined,global,sha256,confidence_deficit,case66_4,case66,3776,0,3776,0,0.0,1.0,True,True,True,False,0.0
Combined,global,sha256,confidence_deficit,case66_6,case66,2144,0,2144,0,0.0,1.0,True,True,True,False,0.0
Combined,global,sha256,confidence_deficit,case66_9,case66,3200,8,3195,3,0.0009389671361502347,0.9984375,True,True,True,False,0.0009389671361502347
Combined,global,sha256,confidence_deficit,case68_1,case68,2624,238,2562,176,0.06869633099141297,0.9763719512195121,True,True,True,False,0.06869633099141297
Combined,global,sha256,confidence_deficit,case68_3,case68,2608,584,2369,345,0.14563106796116504,0.9083588957055214,True,True,True,False,0.14563106796116504
Combined,global,sha256,confidence_deficit,case68_5,case68,2400,109,2377,86,0.0361800588977703,0.9904166666666666,True,True,True,False,0.0361800588977703
Combined,global,sha256,confidence_deficit,case68_7,case68,3680,686,3348,354,0.1057347670250896,0.9097826086956522,True,True,True,False,0.1057347670250896
Combined,global,sha256,confidence_deficit,case6_3,case6,3360,3132,856,628,0.7336448598130841,0.25476190476190474,False,False,False,False,0.7336448598130841
Combined,global,sha256,confidence_deficit,case71_1,case71,2048,647,1698,297,0.17491166077738515,0.8291015625,False,True,False,False,0.17491166077738515
Combined,global,sha256,confidence_deficit,case71_5,case71,3616,89,3553,26,0.007317759639741064,0.9825774336283186,True,True,True,False,0.007317759639741064
Combined,global,sha256,confidence_deficit,case72_3,case72,1664,0,1664,0,0.0,1.0,True,True,True,False,0.0
Combined,global,sha256,confidence_deficit,case74_1,case74,2512,1111,1796,395,0.21993318485523386,0.714968152866242,False,True,False,False,0.21993318485523386
Combined,global,sha256,confidence_deficit,case75_1,case75,2400,343,2150,93,0.04325581395348837,0.8958333333333334,True,True,True,False,0.04325581395348837
Combined,global,sha256,confidence_deficit,case7_2,case7,2096,98,2039,41,0.020107896027464444,0.9728053435114504,True,True,True,False,0.020107896027464444
Combined,global,sha256,confidence_deficit,case80_2,case80,2400,11,2394,5,0.0020885547201336674,0.9975,True,True,True,False,0.0020885547201336674
Combined,global,sha256,confidence_deficit,case80_4,case80,2400,0,2400,0,0.0,1.0,True,True,True,False,0.0
Combined,global,sha256,confidence_deficit,case80_6,case80,2400,0,2400,0,0.0,1.0,True,True,True,False,0.0
Combined,global,sha256,confidence_deficit,case80_8,case80,2320,6,2317,3,0.001294777729823047,0.9987068965517242,True,True,True,False,0.001294777729823047
Combined,global,sha256,confidence_deficit,case81_2,case81,4384,119,4291,26,0.006059193661151247,0.978786496350365,True,True,True,False,0.006059193661151247
Combined,global,sha256,confidence_deficit,case83_3,case83,2144,0,2144,0,0.0,1.0,True,True,True,False,0.0
Combined,global,sha256,confidence_deficit,case85_7,case85,2400,1069,1701,370,0.2175191064079953,0.70875,False,True,False,False,0.2175191064079953
Combined,global,sha256,confidence_deficit,case86_1,case86,2400,199,2236,35,0.015652951699463326,0.9316666666666666,True,True,True,False,0.015652951699463326
Combined,global,sha256,confidence_deficit,case89,case89,2384,264,2370,250,0.10548523206751055,0.9941275167785235,True,True,True,False,0.10548523206751055
Combined,global,sha256,confidence_deficit,case8_2,case8,2256,6,2256,6,0.0026595744680851063,1.0,True,True,True,False,0.0026595744680851063
Combined,global,sha256,confidence_deficit,case90_1,case90,2400,42,2375,17,0.007157894736842105,0.9895833333333334,True,True,True,False,0.007157894736842105
Combined,global,sha256,confidence_deficit,case91_1,case91,2400,1462,1524,586,0.38451443569553806,0.635,False,True,False,False,0.38451443569553806
Combined,global,sha256,confidence_deficit,case91_3,case91,2400,2218,859,677,0.7881257275902211,0.35791666666666666,False,False,False,False,0.7881257275902211
Combined,global,sha256,confidence_deficit,case91_5,case91,2400,1060,1940,600,0.30927835051546393,0.8083333333333333,False,True,False,False,0.30927835051546393
Combined,global,sha256,confidence_deficit,case91_7,case91,3744,370,3577,203,0.05675146771037182,0.9553952991452992,True,True,True,False,0.05675146771037182
Combined,global,sha256,confidence_deficit,case93_2,case93,3760,379,3534,153,0.0432937181663837,0.9398936170212766,True,True,True,False,0.0432937181663837
Combined,global,sha256,confidence_deficit,case95_1,case95,4144,999,3695,550,0.14884979702300405,0.8916505791505791,True,True,True,False,0.14884979702300405
Combined,global,sha256,confidence_deficit,case95_3,case95,2400,2378,217,195,0.8986175115207373,0.09041666666666667,False,False,False,False,0.8986175115207373
Combined,global,sha256,confidence_deficit,case96_1,case96,1840,1220,891,271,0.3041526374859708,0.4842391304347826,False,False,False,False,0.3041526374859708
Combined,global,sha256,confidence_deficit,case97_1,case97,2400,2125,1100,825,0.75,0.4583333333333333,False,False,False,False,0.75
Combined,global,sha256,confidence_deficit,case97_3,case97,2032,837,1695,500,0.2949852507374631,0.8341535433070866,False,True,False,False,0.2949852507374631
Combined,global,sha256,entropy,case10_1,case10,3408,1357,2913,1268,0.4352900789564023,0.8547535211267606,False,True,False,False,0.2959148644009612
Combined,global,sha256,entropy,case11,case11,1808,69,1777,64,0.03601575689364097,0.9828539823008849,True,True,True,False,0.021384355655599326
Combined,global,sha256,entropy,case12_2,case12,3968,869,3958,864,0.21829206670035373,0.9974798387096774,False,True,False,False,0.2170288024254674
Combined,global,sha256,entropy,case13_1,case13,1568,219,1083,171,0.15789473684210525,0.6906887755102041,False,True,False,False,0.0
Combined,global,sha256,entropy,case13_3,case13,2816,34,2739,22,0.008032128514056224,0.97265625,True,True,True,False,0.0
Combined,global,sha256,entropy,case14_2,case14,2400,2376,2311,2309,0.9991345737775854,0.9629166666666666,False,True,False,False,0.9896148853310255
Combined,global,sha256,entropy,case14_4,case14,2320,2114,1923,1801,0.9365574622984919,0.8288793103448275,False,True,False,False,0.8928757150286012
Combined,global,sha256,entropy,case14_6,case14,3200,3098,3003,2952,0.983016983016983,0.9384375,False,True,False,False,0.9660339660339661
Combined,global,sha256,entropy,case1_2,case1,3456,3,3453,3,0.0008688097306689834,0.9991319444444444,True,True,True,False,0.0
Combined,global,sha256,entropy,case20_7,case20,2720,940,2401,899,0.3744273219491878,0.8827205882352941,False,True,False,False,0.25864223240316536
Combined,global,sha256,entropy,case20_9,case20,2400,610,2362,598,0.2531752751905165,0.9841666666666666,False,True,False,False,0.24216765453005928
Combined,global,sha256,entropy,case24_1,case24,2400,178,1772,152,0.08577878103837472,0.7383333333333333,True,True,True,False,0.0
Combined,global,sha256,entropy,case24_3,case24,2432,0,2427,0,0.0,0.9979440789473685,True,True,True,False,0.0
Combined,global,sha256,entropy,case24_5,case24,2400,55,2193,43,0.0196078431372549,0.91375,True,True,True,False,0.0
Combined,global,sha256,entropy,case25_2,case25,2176,101,2082,73,0.03506243996157541,0.9568014705882353,True,True,True,False,0.0033621517771373678
Combined,global,sha256,entropy,case29_1,case29,3424,463,2871,368,0.1281783350748868,0.8384929906542056,True,True,True,False,0.0
Combined,global,sha256,entropy,case2_3,case2,2400,0,2319,0,0.0,0.96625,True,True,True,False,0.0
Combined,global,sha256,entropy,case2_6,case2,1584,0,1568,0,0.0,0.98989898989899,True,True,True,False,0.0
Combined,global,sha256,entropy,case2_9,case2,1792,0,1717,0,0.0,0.9581473214285714,True,True,True,False,0.0
Combined,global,sha256,entropy,case31,case31,2928,58,2467,37,0.014997973246858533,0.8425546448087432,True,True,True,False,0.0
Combined,global,sha256,entropy,case32_2,case32,1600,7,1149,2,0.0017406440382941688,0.718125,True,True,True,False,0.0
Combined,global,sha256,entropy,case32_4,case32,2960,459,1936,361,0.18646694214876033,0.654054054054054,False,True,False,False,0.0
Combined,global,sha256,entropy,case32_6,case32,2736,36,2217,30,0.013531799729364006,0.8103070175438597,True,True,True,False,0.0
Combined,global,sha256,entropy,case34_2,case34,1984,26,1800,21,0.011666666666666667,0.907258064516129,True,True,True,False,0.0
Combined,global,sha256,entropy,case35_2,case35,1440,0,654,0,0.0,0.45416666666666666,True,False,False,False,0.0
Combined,global,sha256,entropy,case35_8,case35,1856,369,90,48,0.5333333333333333,0.04849137931034483,False,False,False,False,0.0
Combined,global,sha256,entropy,case36_2,case36,2400,1799,2160,1754,0.812037037037037,0.9,False,True,False,False,0.7217592592592592
Combined,global,sha256,entropy,case36_4,case36,2048,1964,1969,1900,0.9649568308786186,0.96142578125,False,True,False,False,0.95733875063484
Combined,global,sha256,entropy,case37_2,case37,2544,213,1435,185,0.1289198606271777,0.5640723270440252,True,True,True,False,0.0
Combined,global,sha256,entropy,case38_2,case38,4064,1552,3952,1502,0.3800607287449393,0.9724409448818898,False,True,False,False,0.3643724696356275
Combined,global,sha256,entropy,case39_2,case39,4320,517,3487,436,0.12503584743332377,0.8071759259259259,True,True,True,False,0.0
Combined,global,sha256,entropy,case3_1,case3,3168,314,3086,302,0.09786130913804278,0.9741161616161617,True,True,True,False,0.07517822423849643
Combined,global,sha256,entropy,case40,case40,2544,643,2507,636,0.2536896689270044,0.9854559748427673,False,True,False,False,0.24172317510969285
Combined,global,sha256,entropy,case43,case43,4160,269,4054,266,0.06561420818944252,0.9745192307692307,True,True,True,False,0.0402072027627035
Combined,global,sha256,entropy,case47_2,case47,2400,118,2203,106,0.048116205174761686,0.9179166666666667,True,True,True,False,0.0
Combined,global,sha256,entropy,case47_4,case47,2128,0,2127,0,0.0,0.9995300751879699,True,True,True,False,0.0
Combined,global,sha256,entropy,case48,case48,2816,649,2650,611,0.23056603773584905,0.9410511363636364,False,True,False,False,0.18226415094339624
Combined,global,sha256,entropy,case50_2,case50,2400,14,1780,10,0.0056179775280898875,0.7416666666666667,True,True,True,False,0.0
Combined,global,sha256,entropy,case50_4,case50,3792,273,2508,215,0.08572567783094098,0.6613924050632911,True,True,True,False,0.0
Combined,global,sha256,entropy,case51_10,case51,3488,64,2354,47,0.019966015293118096,0.6748853211009175,True,True,True,False,0.0
Combined,global,sha256,entropy,case51_3,case51,3360,302,3077,291,0.0945726356841079,0.9157738095238095,True,True,True,False,0.006174845628859279
Combined,global,sha256,entropy,case51_5,case51,2400,221,2339,214,0.09149209063702438,0.9745833333333334,True,True,True,False,0.06840530141085935
Combined,global,sha256,entropy,case51_7,case51,2144,560,2066,544,0.2633107454017425,0.9636194029850746,False,True,False,False,0.23330106485963215
Combined,global,sha256,entropy,case51_9,case51,2400,617,1671,257,0.1538001196888091,0.69625,False,True,False,False,0.0
Combined,global,sha256,entropy,case54_1,case54,3376,1710,3124,1662,0.532010243277849,0.9253554502369669,False,True,False,False,0.4667093469910371
Combined,global,sha256,entropy,case56_1,case56,2400,126,2349,112,0.04767986377181779,0.97875,True,True,True,False,0.031928480204342274
Combined,global,sha256,entropy,case5_4,case5,2400,19,2356,19,0.008064516129032258,0.9816666666666667,True,True,True,False,0.0
Combined,global,sha256,entropy,case60,case60,2336,1658,1856,1546,0.8329741379310345,0.7945205479452054,False,True,False,False,0.634698275862069
Combined,global,sha256,entropy,case61_3,case61,3536,203,3451,197,0.057084902926687914,0.9759615384615384,True,True,True,False,0.034192987539843525
Combined,global,sha256,entropy,case63_3,case63,2768,68,2723,65,0.02387073081160485,0.983742774566474,True,True,True,False,0.008446566287183254
Combined,global,sha256,entropy,case66_2,case66,5168,18,5133,9,0.0017533606078316774,0.9932275541795665,True,True,True,False,0.0
Combined,global,sha256,entropy,case66_4,case66,3776,0,3717,0,0.0,0.984375,True,True,True,False,0.0
Combined,global,sha256,entropy,case66_6,case66,2144,0,2142,0,0.0,0.9990671641791045,True,True,True,False,0.0
Combined,global,sha256,entropy,case66_9,case66,3200,8,3158,8,0.00253324889170361,0.986875,True,True,True,False,0.0
Combined,global,sha256,entropy,case68_1,case68,2624,238,736,135,0.18342391304347827,0.2804878048780488,False,False,False,False,0.0
Combined,global,sha256,entropy,case68_3,case68,2608,584,550,388,0.7054545454545454,0.21088957055214724,False,False,False,False,0.0
Combined,global,sha256,entropy,case68_5,case68,2400,109,1008,49,0.04861111111111111,0.42,True,False,False,False,0.0
Combined,global,sha256,entropy,case68_7,case68,3680,686,2495,585,0.23446893787575152,0.6779891304347826,False,True,False,False,0.0
Combined,global,sha256,entropy,case6_3,case6,3360,3132,3317,3103,0.9354838709677419,0.987202380952381,False,True,False,False,0.931263189629183
Combined,global,sha256,entropy,case71_1,case71,2048,647,1654,561,0.3391777509068924,0.8076171875,False,True,False,False,0.15296251511487305
Combined,global,sha256,entropy,case71_5,case71,3616,89,3612,89,0.024640088593576966,0.9988938053097345,True,True,True,False,0.02353266888150609
Combined,global,sha256,entropy,case72_3,case72,1664,0,1664,0,0.0,1.0,True,True,True,False,0.0
Combined,global,sha256,entropy,case74_1,case74,2512,1111,2278,1066,0.4679543459174715,0.9068471337579618,False,True,False,False,0.3849868305531168
Combined,global,sha256,entropy,case75_1,case75,2400,343,2368,325,0.13724662162162163,0.9866666666666667,True,True,True,False,0.13133445945945946
Combined,global,sha256,entropy,case7_2,case7,2096,98,2065,94,0.04552058111380145,0.9852099236641222,True,True,True,False,0.0324455205811138
Combined,global,sha256,entropy,case80_2,case80,2400,11,2382,8,0.0033585222502099076,0.9925,True,True,True,False,0.0
Combined,global,sha256,entropy,case80_4,case80,2400,0,2390,0,0.0,0.9958333333333333,True,True,True,False,0.0
Combined,global,sha256,entropy,case80_6,case80,2400,0,2362,0,0.0,0.9841666666666666,True,True,True,False,0.0
Combined,global,sha256,entropy,case80_8,case80,2320,6,2319,6,0.00258732212160414,0.9995689655172414,True,True,True,False,0.0021561017680034496
Combined,global,sha256,entropy,case81_2,case81,4384,119,4367,119,0.027249828257384933,0.9961222627737226,True,True,True,False,0.023356995649187084
Combined,global,sha256,entropy,case83_3,case83,2144,0,2144,0,0.0,1.0,True,True,True,False,0.0
Combined,global,sha256,entropy,case85_7,case85,2400,1069,2047,1040,0.5080605764533463,0.8529166666666667,False,True,False,False,0.3497801660967269
Combined,global,sha256,entropy,case86_1,case86,2400,199,2382,193,0.08102434928631402,0.9925,True,True,True,False,0.07598656591099916
Combined,global,sha256,entropy,case89,case89,2384,264,2128,225,0.10573308270676691,0.8926174496644296,True,True,True,False,0.0037593984962406013
Combined,global,sha256,entropy,case8_2,case8,2256,6,2109,3,0.001422475106685633,0.9348404255319149,True,True,True,False,0.0
Combined,global,sha256,entropy,case90_1,case90,2400,42,2207,29,0.013140009062075216,0.9195833333333333,True,True,True,False,0.0
Combined,global,sha256,entropy,case91_1,case91,2400,1462,2185,1388,0.6352402745995424,0.9104166666666667,False,True,False,False,0.5707093821510297
Combined,global,sha256,entropy,case91_3,case91,2400,2218,2343,2178,0.9295774647887324,0.97625,False,True,False,False,0.9223218096457533
Combined,global,sha256,entropy,case91_5,case91,2400,1060,1845,857,0.4644986449864499,0.76875,False,True,False,False,0.27371273712737126
Combined,global,sha256,entropy,case91_7,case91,3744,370,3644,342,0.0938529088913282,0.9732905982905983,True,True,True,False,0.07409440175631174
Combined,global,sha256,entropy,case93_2,case93,3760,379,3490,354,0.101432664756447,0.9281914893617021,True,True,True,False,0.031232091690544413
Combined,global,sha256,entropy,case95_1,case95,4144,999,3526,851,0.2413499716392513,0.8508687258687259,False,True,False,False,0.10805445263754963
Combined,global,sha256,entropy,case95_3,case95,2400,2378,2384,2374,0.9958053691275168,0.9933333333333333,False,True,False,False,0.9907718120805369
Combined,global,sha256,entropy,case96_1,case96,1840,1220,1758,1195,0.679749715585893,0.9554347826086956,False,True,False,False,0.6473265073947668
Combined,global,sha256,entropy,case97_1,case97,2400,2125,1925,1914,0.9942857142857143,0.8020833333333334,False,True,False,False,0.8571428571428571
Combined,global,sha256,entropy,case97_3,case97,2032,837,1584,755,0.47664141414141414,0.7795275590551181,False,True,False,False,0.2455808080808081
Combined,global,sha256,negative_area_fraction,case10_1,case10,3408,1357,2678,627,0.23412994772218074,0.7857981220657277,False,True,False,False,0.23412994772218074
Combined,global,sha256,negative_area_fraction,case11,case11,1808,69,1762,23,0.013053348467650397,0.9745575221238938,True,True,True,False,0.013053348467650397
Combined,global,sha256,negative_area_fraction,case12_2,case12,3968,869,3456,357,0.1032986111111111,0.8709677419354839,True,True,True,False,0.1032986111111111
Combined,global,sha256,negative_area_fraction,case13_1,case13,1568,219,1546,197,0.12742561448900389,0.985969387755102,True,True,True,False,0.12742561448900389
Combined,global,sha256,negative_area_fraction,case13_3,case13,2816,34,2805,23,0.00819964349376114,0.99609375,True,True,True,False,0.00819964349376114
Combined,global,sha256,negative_area_fraction,case14_2,case14,2400,2376,852,828,0.971830985915493,0.355,False,False,False,False,0.971830985915493
Combined,global,sha256,negative_area_fraction,case14_4,case14,2320,2114,1127,921,0.8172138420585625,0.4857758620689655,False,False,False,False,0.8172138420585625
Combined,global,sha256,negative_area_fraction,case14_6,case14,3200,3098,1109,1007,0.9080252479711451,0.3465625,False,False,False,False,0.9080252479711451
Combined,global,sha256,negative_area_fraction,case1_2,case1,3456,3,3455,2,0.0005788712011577424,0.9997106481481481,True,True,True,False,0.0005788712011577424
Combined,global,sha256,negative_area_fraction,case20_7,case20,2720,940,2215,435,0.1963882618510158,0.8143382352941176,False,True,False,False,0.1963882618510158
Combined,global,sha256,negative_area_fraction,case20_9,case20,2400,610,1988,198,0.09959758551307847,0.8283333333333334,True,True,True,False,0.09959758551307847
Combined,global,sha256,negative_area_fraction,case24_1,case24,2400,178,2369,147,0.06205149852258337,0.9870833333333333,True,True,True,False,0.06205149852258337
Combined,global,sha256,negative_area_fraction,case24_3,case24,2432,0,2432,0,0.0,1.0,True,True,True,False,0.0
Combined,global,sha256,negative_area_fraction,case24_5,case24,2400,55,2381,36,0.015119697606047878,0.9920833333333333,True,True,True,False,0.015119697606047878
Combined,global,sha256,negative_area_fraction,case25_2,case25,2176,101,2127,52,0.024447578749412318,0.9774816176470589,True,True,True,False,0.024447578749412318
Combined,global,sha256,negative_area_fraction,case29_1,case29,3424,463,3170,209,0.06593059936908517,0.9258177570093458,True,True,True,False,0.06593059936908517
Combined,global,sha256,negative_area_fraction,case2_3,case2,2400,0,2400,0,0.0,1.0,True,True,True,False,0.0
Combined,global,sha256,negative_area_fraction,case2_6,case2,1584,0,1584,0,0.0,1.0,True,True,True,False,0.0
Combined,global,sha256,negative_area_fraction,case2_9,case2,1792,0,1792,0,0.0,1.0,True,True,True,False,0.0
Combined,global,sha256,negative_area_fraction,case31,case31,2928,58,2923,53,0.018132056106739652,0.9982923497267759,True,True,True,False,0.018132056106739652
Combined,global,sha256,negative_area_fraction,case32_2,case32,1600,7,1600,7,0.004375,1.0,True,True,True,False,0.004375
Combined,global,sha256,negative_area_fraction,case32_4,case32,2960,459,2731,230,0.08421823507872574,0.9226351351351352,True,True,True,False,0.08421823507872574
Combined,global,sha256,negative_area_fraction,case32_6,case32,2736,36,2728,28,0.010263929618768328,0.9970760233918129,True,True,True,False,0.010263929618768328
Combined,global,sha256,negative_area_fraction,case34_2,case34,1984,26,1980,22,0.011111111111111112,0.9979838709677419,True,True,True,False,0.011111111111111112
Combined,global,sha256,negative_area_fraction,case35_2,case35,1440,0,1440,0,0.0,1.0,True,True,True,False,0.0
Combined,global,sha256,negative_area_fraction,case35_8,case35,1856,369,1837,350,0.19052803483941208,0.9897629310344828,False,True,False,False,0.19052803483941208
Combined,global,sha256,negative_area_fraction,case36_2,case36,2400,1799,1581,980,0.6198608475648324,0.65875,False,True,False,False,0.6198608475648324
Combined,global,sha256,negative_area_fraction,case36_4,case36,2048,1964,1271,1187,0.933910306845004,0.62060546875,False,True,False,False,0.933910306845004
Combined,global,sha256,negative_area_fraction,case37_2,case37,2544,213,2456,125,0.050895765472312705,0.9654088050314465,True,True,True,False,0.050895765472312705
Combined,global,sha256,negative_area_fraction,case38_2,case38,4064,1552,3226,714,0.2213267203967762,0.7937992125984252,False,True,False,False,0.2213267203967762
Combined,global,sha256,negative_area_fraction,case39_2,case39,4320,517,4103,300,0.073117231294175,0.9497685185185185,True,True,True,False,0.073117231294175
Combined,global,sha256,negative_area_fraction,case3_1,case3,3168,314,2996,142,0.04739652870493992,0.9457070707070707,True,True,True,False,0.04739652870493992
Combined,global,sha256,negative_area_fraction,case40,case40,2544,643,2153,252,0.11704598235020901,0.8463050314465409,True,True,True,False,0.11704598235020901
Combined,global,sha256,negative_area_fraction,case43,case43,4160,269,3964,73,0.018415741675075682,0.9528846153846153,True,True,True,False,0.018415741675075682
Combined,global,sha256,negative_area_fraction,case47_2,case47,2400,118,2346,64,0.027280477408354646,0.9775,True,True,True,False,0.027280477408354646
Combined,global,sha256,negative_area_fraction,case47_4,case47,2128,0,2128,0,0.0,1.0,True,True,True,False,0.0
Combined,global,sha256,negative_area_fraction,case48,case48,2816,649,2419,252,0.10417527904092601,0.8590198863636364,True,True,True,False,0.10417527904092601
Combined,global,sha256,negative_area_fraction,case50_2,case50,2400,14,2397,11,0.00458906967042136,0.99875,True,True,True,False,0.00458906967042136
Combined,global,sha256,negative_area_fraction,case50_4,case50,3792,273,3683,164,0.044528916644040184,0.9712552742616034,True,True,True,False,0.044528916644040184
Combined,global,sha256,negative_area_fraction,case51_10,case51,3488,64,3475,51,0.014676258992805755,0.9962729357798165,True,True,True,False,0.014676258992805755
Combined,global,sha256,negative_area_fraction,case51_3,case51,3360,302,3195,137,0.042879499217527386,0.9508928571428571,True,True,True,False,0.042879499217527386
Combined,global,sha256,negative_area_fraction,case51_5,case51,2400,221,2266,87,0.038393645189761696,0.9441666666666667,True,True,True,False,0.038393645189761696
Combined,global,sha256,negative_area_fraction,case51_7,case51,2144,560,1737,153,0.08808290155440414,0.8101679104477612,True,True,True,False,0.08808290155440414
Combined,global,sha256,negative_area_fraction,case51_9,case51,2400,617,2262,479,0.21175950486295314,0.9425,False,True,False,False,0.21175950486295314
Combined,global,sha256,negative_area_fraction,case54_1,case54,3376,1710,2143,477,0.2225851609892674,0.6347748815165877,False,True,False,False,0.2225851609892674
Combined,global,sha256,negative_area_fraction,case56_1,case56,2400,126,2342,68,0.029035012809564473,0.9758333333333333,True,True,True,False,0.029035012809564473
Combined,global,sha256,negative_area_fraction,case5_4,case5,2400,19,2393,12,0.005014625992478061,0.9970833333333333,True,True,True,False,0.005014625992478061
Combined,global,sha256,negative_area_fraction,case60,case60,2336,1658,1544,866,0.560880829015544,0.660958904109589,False,True,False,False,0.560880829015544
Combined,global,sha256,negative_area_fraction,case61_3,case61,3536,203,3451,118,0.034192987539843525,0.9759615384615384,True,True,True,False,0.034192987539843525
Combined,global,sha256,negative_area_fraction,case63_3,case63,2768,68,2741,41,0.014958044509303174,0.9902456647398844,True,True,True,False,0.014958044509303174
Combined,global,sha256,negative_area_fraction,case66_2,case66,5168,18,5163,13,0.0025179159403447607,0.9990325077399381,True,True,True,False,0.0025179159403447607
Combined,global,sha256,negative_area_fraction,case66_4,case66,3776,0,3776,0,0.0,1.0,True,True,True,False,0.0
Combined,global,sha256,negative_area_fraction,case66_6,case66,2144,0,2144,0,0.0,1.0,True,True,True,False,0.0
Combined,global,sha256,negative_area_fraction,case66_9,case66,3200,8,3196,4,0.0012515644555694619,0.99875,True,True,True,False,0.0012515644555694619
Combined,global,sha256,negative_area_fraction,case68_1,case68,2624,238,2548,162,0.06357927786499215,0.9710365853658537,True,True,True,False,0.06357927786499215
Combined,global,sha256,negative_area_fraction,case68_3,case68,2608,584,2349,325,0.13835674755214986,0.9006901840490797,True,True,True,False,0.13835674755214986
Combined,global,sha256,negative_area_fraction,case68_5,case68,2400,109,2373,82,0.034555415086388534,0.98875,True,True,True,False,0.034555415086388534
Combined,global,sha256,negative_area_fraction,case68_7,case68,3680,686,3321,327,0.0984643179765131,0.902445652173913,True,True,True,False,0.0984643179765131
Combined,global,sha256,negative_area_fraction,case6_3,case6,3360,3132,1089,861,0.790633608815427,0.32410714285714287,False,False,False,False,0.790633608815427
Combined,global,sha256,negative_area_fraction,case71_1,case71,2048,647,1696,295,0.17393867924528303,0.828125,False,True,False,False,0.17393867924528303
Combined,global,sha256,negative_area_fraction,case71_5,case71,3616,89,3552,25,0.007038288288288288,0.9823008849557522,True,True,True,False,0.007038288288288288
Combined,global,sha256,negative_area_fraction,case72_3,case72,1664,0,1664,0,0.0,1.0,True,True,True,False,0.0
Combined,global,sha256,negative_area_fraction,case74_1,case74,2512,1111,1829,428,0.23400765445598687,0.7281050955414012,False,True,False,False,0.23400765445598687
Combined,global,sha256,negative_area_fraction,case75_1,case75,2400,343,2161,104,0.04812586765386395,0.9004166666666666,True,True,True,False,0.04812586765386395
Combined,global,sha256,negative_area_fraction,case7_2,case7,2096,98,2038,40,0.019627085377821395,0.9723282442748091,True,True,True,False,0.019627085377821395
Combined,global,sha256,negative_area_fraction,case80_2,case80,2400,11,2394,5,0.0020885547201336674,0.9975,True,True,True,False,0.0020885547201336674
Combined,global,sha256,negative_area_fraction,case80_4,case80,2400,0,2400,0,0.0,1.0,True,True,True,False,0.0
Combined,global,sha256,negative_area_fraction,case80_6,case80,2400,0,2400,0,0.0,1.0,True,True,True,False,0.0
Combined,global,sha256,negative_area_fraction,case80_8,case80,2320,6,2317,3,0.001294777729823047,0.9987068965517242,True,True,True,False,0.001294777729823047
Combined,global,sha256,negative_area_fraction,case81_2,case81,4384,119,4294,29,0.006753609687936655,0.979470802919708,True,True,True,False,0.006753609687936655
Combined,global,sha256,negative_area_fraction,case83_3,case83,2144,0,2144,0,0.0,1.0,True,True,True,False,0.0
Combined,global,sha256,negative_area_fraction,case85_7,case85,2400,1069,1689,358,0.21195973949082297,0.70375,False,True,False,False,0.21195973949082297
Combined,global,sha256,negative_area_fraction,case86_1,case86,2400,199,2264,63,0.02782685512367491,0.9433333333333334,True,True,True,False,0.02782685512367491
Combined,global,sha256,negative_area_fraction,case89,case89,2384,264,2354,234,0.0994052676295667,0.9874161073825504,True,True,True,False,0.0994052676295667
Combined,global,sha256,negative_area_fraction,case8_2,case8,2256,6,2256,6,0.0026595744680851063,1.0,True,True,True,False,0.0026595744680851063
Combined,global,sha256,negative_area_fraction,case90_1,case90,2400,42,2378,20,0.008410428931875526,0.9908333333333333,True,True,True,False,0.008410428931875526
Combined,global,sha256,negative_area_fraction,case91_1,case91,2400,1462,1503,565,0.3759148369926813,0.62625,False,True,False,False,0.3759148369926813
Combined,global,sha256,negative_area_fraction,case91_3,case91,2400,2218,843,661,0.7841043890865955,0.35125,False,False,False,False,0.7841043890865955
Combined,global,sha256,negative_area_fraction,case91_5,case91,2400,1060,1877,537,0.28609483217900905,0.7820833333333334,False,True,False,False,0.28609483217900905
Combined,global,sha256,negative_area_fraction,case91_7,case91,3744,370,3546,172,0.048505358150028204,0.9471153846153846,True,True,True,False,0.048505358150028204
Combined,global,sha256,negative_area_fraction,case93_2,case93,3760,379,3545,164,0.046262341325811,0.9428191489361702,True,True,True,False,0.046262341325811
Combined,global,sha256,negative_area_fraction,case95_1,case95,4144,999,3671,526,0.14328520839008443,0.8858590733590733,True,True,True,False,0.14328520839008443
Combined,global,sha256,negative_area_fraction,case95_3,case95,2400,2378,578,556,0.9619377162629758,0.24083333333333334,False,False,False,False,0.9619377162629758
Combined,global,sha256,negative_area_fraction,case96_1,case96,1840,1220,983,363,0.36927772126144454,0.5342391304347827,False,True,False,False,0.36927772126144454
Combined,global,sha256,negative_area_fraction,case97_1,case97,2400,2125,1128,853,0.7562056737588653,0.47,False,False,False,False,0.7562056737588653
Combined,global,sha256,negative_area_fraction,case97_3,case97,2032,837,1665,470,0.2822822822822823,0.8193897637795275,False,True,False,False,0.2822822822822823
Combined,half_per_clip,identity,confidence_deficit,case10_1,case10,3408,1357,2562,511,0.1994535519125683,0.7517605633802817,False,True,False,False,0.1994535519125683
Combined,half_per_clip,identity,confidence_deficit,case11,case11,1808,69,1761,22,0.01249290176036343,0.974004424778761,True,True,True,False,0.01249290176036343
Combined,half_per_clip,identity,confidence_deficit,case12_2,case12,3968,869,3335,236,0.07076461769115443,0.8404737903225806,True,True,True,False,0.07076461769115443
Combined,half_per_clip,identity,confidence_deficit,case13_1,case13,1568,219,1540,191,0.12402597402597403,0.9821428571428571,True,True,True,False,0.12402597402597403
Combined,half_per_clip,identity,confidence_deficit,case13_3,case13,2816,34,2806,24,0.008553100498930863,0.9964488636363636,True,True,True,False,0.008553100498930863
Combined,half_per_clip,identity,confidence_deficit,case14_2,case14,2400,2376,1200,1176,0.98,0.5,False,True,False,False,0.98
Combined,half_per_clip,identity,confidence_deficit,case14_4,case14,2320,2114,1160,954,0.8224137931034483,0.5,False,True,False,False,0.8224137931034483
Combined,half_per_clip,identity,confidence_deficit,case14_6,case14,3200,3098,1600,1498,0.93625,0.5,False,True,False,False,0.93625
Combined,half_per_clip,identity,confidence_deficit,case1_2,case1,3456,3,3453,0,0.0,0.9991319444444444,True,True,True,False,0.0
Combined,half_per_clip,identity,confidence_deficit,case20_7,case20,2720,940,2134,354,0.16588566073102157,0.7845588235294118,False,True,False,False,0.16588566073102157
Combined,half_per_clip,identity,confidence_deficit,case20_9,case20,2400,610,1933,143,0.07397827211588205,0.8054166666666667,True,True,True,False,0.07397827211588205
Combined,half_per_clip,identity,confidence_deficit,case24_1,case24,2400,178,2369,147,0.06205149852258337,0.9870833333333333,True,True,True,False,0.06205149852258337
Combined,half_per_clip,identity,confidence_deficit,case24_3,case24,2432,0,2432,0,0.0,1.0,True,True,True,False,0.0
Combined,half_per_clip,identity,confidence_deficit,case24_5,case24,2400,55,2377,32,0.013462347496844763,0.9904166666666666,True,True,True,False,0.013462347496844763
Combined,half_per_clip,identity,confidence_deficit,case25_2,case25,2176,101,2131,56,0.02627874237447208,0.9793198529411765,True,True,True,False,0.02627874237447208
Combined,half_per_clip,identity,confidence_deficit,case29_1,case29,3424,463,3151,190,0.060298317994287524,0.920268691588785,True,True,True,False,0.060298317994287524
Combined,half_per_clip,identity,confidence_deficit,case2_3,case2,2400,0,2400,0,0.0,1.0,True,True,True,False,0.0
Combined,half_per_clip,identity,confidence_deficit,case2_6,case2,1584,0,1584,0,0.0,1.0,True,True,True,False,0.0
Combined,half_per_clip,identity,confidence_deficit,case2_9,case2,1792,0,1792,0,0.0,1.0,True,True,True,False,0.0
Combined,half_per_clip,identity,confidence_deficit,case31,case31,2928,58,2923,53,0.018132056106739652,0.9982923497267759,True,True,True,False,0.018132056106739652
Combined,half_per_clip,identity,confidence_deficit,case32_2,case32,1600,7,1600,7,0.004375,1.0,True,True,True,False,0.004375
Combined,half_per_clip,identity,confidence_deficit,case32_4,case32,2960,459,2699,198,0.07336050389032975,0.9118243243243244,True,True,True,False,0.07336050389032975
Combined,half_per_clip,identity,confidence_deficit,case32_6,case32,2736,36,2724,24,0.00881057268722467,0.9956140350877193,True,True,True,False,0.00881057268722467
Combined,half_per_clip,identity,confidence_deficit,case34_2,case34,1984,26,1981,23,0.011610297829379102,0.9984879032258065,True,True,True,False,0.011610297829379102
Combined,half_per_clip,identity,confidence_deficit,case35_2,case35,1440,0,1440,0,0.0,1.0,True,True,True,False,0.0
Combined,half_per_clip,identity,confidence_deficit,case35_8,case35,1856,369,1833,346,0.18876159301691217,0.9876077586206896,False,True,False,False,0.18876159301691217
Combined,half_per_clip,identity,confidence_deficit,case36_2,case36,2400,1799,1492,891,0.5971849865951743,0.6216666666666667,False,True,False,False,0.5971849865951743
Combined,half_per_clip,identity,confidence_deficit,case36_4,case36,2048,1964,1113,1029,0.9245283018867925,0.54345703125,False,True,False,False,0.9245283018867925
Combined,half_per_clip,identity,confidence_deficit,case37_2,case37,2544,213,2446,115,0.04701553556827474,0.9614779874213837,True,True,True,False,0.04701553556827474
Combined,half_per_clip,identity,confidence_deficit,case38_2,case38,4064,1552,3153,641,0.20329844592451635,0.7758366141732284,False,True,False,False,0.20329844592451635
Combined,half_per_clip,identity,confidence_deficit,case39_2,case39,4320,517,4089,286,0.06994375152849107,0.9465277777777777,True,True,True,False,0.06994375152849107
Combined,half_per_clip,identity,confidence_deficit,case3_1,case3,3168,314,2980,126,0.042281879194630875,0.9406565656565656,True,True,True,False,0.042281879194630875
Combined,half_per_clip,identity,confidence_deficit,case40,case40,2544,643,2078,177,0.08517805582290663,0.8168238993710691,True,True,True,False,0.08517805582290663
Combined,half_per_clip,identity,confidence_deficit,case43,case43,4160,269,3927,36,0.009167303284950344,0.9439903846153846,True,True,True,False,0.009167303284950344
Combined,half_per_clip,identity,confidence_deficit,case47_2,case47,2400,118,2338,56,0.023952095808383235,0.9741666666666666,True,True,True,False,0.023952095808383235
Combined,half_per_clip,identity,confidence_deficit,case47_4,case47,2128,0,2128,0,0.0,1.0,True,True,True,False,0.0
Combined,half_per_clip,identity,confidence_deficit,case48,case48,2816,649,2364,197,0.08333333333333333,0.8394886363636364,True,True,True,False,0.08333333333333333
Combined,half_per_clip,identity,confidence_deficit,case50_2,case50,2400,14,2398,12,0.0050041701417848205,0.9991666666666666,True,True,True,False,0.0050041701417848205
Combined,half_per_clip,identity,confidence_deficit,case50_4,case50,3792,273,3659,140,0.0382618201694452,0.9649261603375527,True,True,True,False,0.0382618201694452
Combined,half_per_clip,identity,confidence_deficit,case51_10,case51,3488,64,3476,52,0.014959723820483314,0.9965596330275229,True,True,True,False,0.014959723820483314
Combined,half_per_clip,identity,confidence_deficit,case51_3,case51,3360,302,3183,125,0.039271127866792335,0.9473214285714285,True,True,True,False,0.039271127866792335
Combined,half_per_clip,identity,confidence_deficit,case51_5,case51,2400,221,2252,73,0.03241563055062167,0.9383333333333334,True,True,True,False,0.03241563055062167
Combined,half_per_clip,identity,confidence_deficit,case51_7,case51,2144,560,1653,69,0.041742286751361164,0.7709888059701493,True,True,True,False,0.041742286751361164
Combined,half_per_clip,identity,confidence_deficit,case51_9,case51,2400,617,2251,468,0.2079075966237228,0.9379166666666666,False,True,False,False,0.2079075966237228
Combined,half_per_clip,identity,confidence_deficit,case54_1,case54,3376,1710,1913,247,0.12911657083115524,0.5666469194312796,True,True,True,False,0.12911657083115524
Combined,half_per_clip,identity,confidence_deficit,case56_1,case56,2400,126,2338,64,0.02737382378100941,0.9741666666666666,True,True,True,False,0.02737382378100941
Combined,half_per_clip,identity,confidence_deficit,case5_4,case5,2400,19,2394,13,0.005430242272347535,0.9975,True,True,True,False,0.005430242272347535
Combined,half_per_clip,identity,confidence_deficit,case60,case60,2336,1658,1423,745,0.5235418130709768,0.6091609589041096,False,True,False,False,0.5235418130709768
Combined,half_per_clip,identity,confidence_deficit,case61_3,case61,3536,203,3445,112,0.03251088534107402,0.9742647058823529,True,True,True,False,0.03251088534107402
Combined,half_per_clip,identity,confidence_deficit,case63_3,case63,2768,68,2733,33,0.012074643249176729,0.9873554913294798,True,True,True,False,0.012074643249176729
Combined,half_per_clip,identity,confidence_deficit,case66_2,case66,5168,18,5164,14,0.002711076684740511,0.9992260061919505,True,True,True,False,0.002711076684740511
Combined,half_per_clip,identity,confidence_deficit,case66_4,case66,3776,0,3776,0,0.0,1.0,True,True,True,False,0.0
Combined,half_per_clip,identity,confidence_deficit,case66_6,case66,2144,0,2144,0,0.0,1.0,True,True,True,False,0.0
Combined,half_per_clip,identity,confidence_deficit,case66_9,case66,3200,8,3194,2,0.0006261740763932373,0.998125,True,True,True,False,0.0006261740763932373
Combined,half_per_clip,identity,confidence_deficit,case68_1,case68,2624,238,2541,155,0.06099960645415191,0.9683689024390244,True,True,True,False,0.06099960645415191
Combined,half_per_clip,identity,confidence_deficit,case68_3,case68,2608,584,2310,286,0.12380952380952381,0.8857361963190185,True,True,True,False,0.12380952380952381
Combined,half_per_clip,identity,confidence_deficit,case68_5,case68,2400,109,2371,80,0.03374103753690426,0.9879166666666667,True,True,True,False,0.03374103753690426
Combined,half_per_clip,identity,confidence_deficit,case68_7,case68,3680,686,3270,276,0.08440366972477065,0.8885869565217391,True,True,True,False,0.08440366972477065
Combined,half_per_clip,identity,confidence_deficit,case6_3,case6,3360,3132,1680,1452,0.8642857142857143,0.5,False,True,False,False,0.8642857142857143
Combined,half_per_clip,identity,confidence_deficit,case71_1,case71,2048,647,1627,226,0.1389059618930547,0.79443359375,True,True,True,False,0.1389059618930547
Combined,half_per_clip,identity,confidence_deficit,case71_5,case71,3616,89,3542,15,0.004234895539243365,0.9795353982300885,True,True,True,False,0.004234895539243365
Combined,half_per_clip,identity,confidence_deficit,case72_3,case72,1664,0,1664,0,0.0,1.0,True,True,True,False,0.0
Combined,half_per_clip,identity,confidence_deficit,case74_1,case74,2512,1111,1692,291,0.17198581560283688,0.6735668789808917,False,True,False,False,0.17198581560283688
Combined,half_per_clip,identity,confidence_deficit,case75_1,case75,2400,343,2120,63,0.029716981132075472,0.8833333333333333,True,True,True,False,0.029716981132075472
Combined,half_per_clip,identity,confidence_deficit,case7_2,case7,2096,98,2023,25,0.012357884330202669,0.9651717557251909,True,True,True,False,0.012357884330202669
Combined,half_per_clip,identity,confidence_deficit,case80_2,case80,2400,11,2393,4,0.001671541997492687,0.9970833333333333,True,True,True,False,0.001671541997492687
Combined,half_per_clip,identity,confidence_deficit,case80_4,case80,2400,0,2400,0,0.0,1.0,True,True,True,False,0.0
Combined,half_per_clip,identity,confidence_deficit,case80_6,case80,2400,0,2400,0,0.0,1.0,True,True,True,False,0.0
Combined,half_per_clip,identity,confidence_deficit,case80_8,case80,2320,6,2317,3,0.001294777729823047,0.9987068965517242,True,True,True,False,0.001294777729823047
Combined,half_per_clip,identity,confidence_deficit,case81_2,case81,4384,119,4279,14,0.003271792474877308,0.9760492700729927,True,True,True,False,0.003271792474877308
Combined,half_per_clip,identity,confidence_deficit,case83_3,case83,2144,0,2144,0,0.0,1.0,True,True,True,False,0.0
Combined,half_per_clip,identity,confidence_deficit,case85_7,case85,2400,1069,1560,229,0.1467948717948718,0.65,True,True,True,False,0.1467948717948718
Combined,half_per_clip,identity,confidence_deficit,case86_1,case86,2400,199,2224,23,0.010341726618705036,0.9266666666666666,True,True,True,False,0.010341726618705036
Combined,half_per_clip,identity,confidence_deficit,case89,case89,2384,264,2361,241,0.10207539178314273,0.9903523489932886,True,True,True,False,0.10207539178314273
Combined,half_per_clip,identity,confidence_deficit,case8_2,case8,2256,6,2256,6,0.0026595744680851063,1.0,True,True,True,False,0.0026595744680851063
Combined,half_per_clip,identity,confidence_deficit,case90_1,case90,2400,42,2373,15,0.006321112515802781,0.98875,True,True,True,False,0.006321112515802781
Combined,half_per_clip,identity,confidence_deficit,case91_1,case91,2400,1462,1350,412,0.30518518518518517,0.5625,False,True,False,False,0.30518518518518517
Combined,half_per_clip,identity,confidence_deficit,case91_3,case91,2400,2218,1200,1018,0.8483333333333334,0.5,False,True,False,False,0.8483333333333334
Combined,half_per_clip,identity,confidence_deficit,case91_5,case91,2400,1060,1808,468,0.2588495575221239,0.7533333333333333,False,True,False,False,0.2588495575221239
Combined,half_per_clip,identity,confidence_deficit,case91_7,case91,3744,370,3515,141,0.04011379800853485,0.9388354700854701,True,True,True,False,0.04011379800853485
Combined,half_per_clip,identity,confidence_deficit,case93_2,case93,3760,379,3504,123,0.0351027397260274,0.9319148936170213,True,True,True,False,0.0351027397260274
Combined,half_per_clip,identity,confidence_deficit,case95_1,case95,4144,999,3596,451,0.12541713014460512,0.8677606177606177,True,True,True,False,0.12541713014460512
Combined,half_per_clip,identity,confidence_deficit,case95_3,case95,2400,2378,1200,1178,0.9816666666666667,0.5,False,True,False,False,0.9816666666666667
Combined,half_per_clip,identity,confidence_deficit,case96_1,case96,1840,1220,920,300,0.32608695652173914,0.5,False,True,False,False,0.32608695652173914
Combined,half_per_clip,identity,confidence_deficit,case97_1,case97,2400,2125,1200,925,0.7708333333333334,0.5,False,True,False,False,0.7708333333333334
Combined,half_per_clip,identity,confidence_deficit,case97_3,case97,2032,837,1623,428,0.26370918052988296,0.7987204724409449,False,True,False,False,0.26370918052988296
Combined,half_per_clip,identity,entropy,case10_1,case10,3408,1357,2834,1249,0.4407198306280875,0.8315727699530516,False,True,False,False,0.276287932251235
Combined,half_per_clip,identity,entropy,case11,case11,1808,69,1767,64,0.03621958121109225,0.9773230088495575,True,True,True,False,0.01584606677985286
Combined,half_per_clip,identity,entropy,case12_2,case12,3968,869,3957,864,0.21834723275208492,0.9972278225806451,False,True,False,False,0.2168309325246399
Combined,half_per_clip,identity,entropy,case13_1,case13,1568,219,1027,159,0.15481986368062317,0.6549744897959183,False,True,False,False,0.0
Combined,half_per_clip,identity,entropy,case13_3,case13,2816,34,2727,21,0.007700770077007701,0.9683948863636364,True,True,True,False,0.0
Combined,half_per_clip,identity,entropy,case14_2,case14,2400,2376,2291,2289,0.9991270187690965,0.9545833333333333,False,True,False,False,0.9895242252291576
Combined,half_per_clip,identity,entropy,case14_4,case14,2320,2114,1896,1780,0.9388185654008439,0.8172413793103448,False,True,False,False,0.8913502109704642
Combined,half_per_clip,identity,entropy,case14_6,case14,3200,3098,2992,2943,0.9836229946524064,0.935,False,True,False,False,0.9659090909090909
Combined,half_per_clip,identity,entropy,case1_2,case1,3456,3,3453,3,0.0008688097306689834,0.9991319444444444,True,True,True,False,0.0
Combined,half_per_clip,identity,entropy,case20_7,case20,2720,940,2339,885,0.3783668234288157,0.8599264705882353,False,True,False,False,0.23899102180418982
Combined,half_per_clip,identity,entropy,case20_9,case20,2400,610,2351,596,0.2535091450446618,0.9795833333333334,False,True,False,False,0.23862186303700553
Combined,half_per_clip,identity,entropy,case24_1,case24,2400,178,1715,149,0.08688046647230321,0.7145833333333333,True,True,True,False,0.0
Combined,half_per_clip,identity,entropy,case24_3,case24,2432,0,2421,0,0.0,0.9954769736842105,True,True,True,False,0.0
Combined,half_per_clip,identity,entropy,case24_5,case24,2400,55,2157,41,0.019007881316643487,0.89875,True,True,True,False,0.0
Combined,half_per_clip,identity,entropy,case25_2,case25,2176,101,2080,73,0.035096153846153846,0.9558823529411765,True,True,True,False,0.002403846153846154
Combined,half_per_clip,identity,entropy,case29_1,case29,3424,463,2831,361,0.12751677852348994,0.8268107476635514,True,True,True,False,0.0
Combined,half_per_clip,identity,entropy,case2_3,case2,2400,0,2300,0,0.0,0.9583333333333334,True,True,True,False,0.0
Combined,half_per_clip,identity,entropy,case2_6,case2,1584,0,1562,0,0.0,0.9861111111111112,True,True,True,False,0.0
Combined,half_per_clip,identity,entropy,case2_9,case2,1792,0,1691,0,0.0,0.9436383928571429,True,True,True,False,0.0
Combined,half_per_clip,identity,entropy,case31,case31,2928,58,2408,34,0.014119601328903655,0.8224043715846995,True,True,True,False,0.0
Combined,half_per_clip,identity,entropy,case32_2,case32,1600,7,1107,2,0.0018066847335140017,0.691875,True,True,True,False,0.0
Combined,half_per_clip,identity,entropy,case32_4,case32,2960,459,1875,357,0.1904,0.6334459459459459,False,True,False,False,0.0
Combined,half_per_clip,identity,entropy,case32_6,case32,2736,36,2159,29,0.013432144511347846,0.7891081871345029,True,True,True,False,0.0
Combined,half_per_clip,identity,entropy,case34_2,case34,1984,26,1754,20,0.011402508551881414,0.8840725806451613,True,True,True,False,0.0
Combined,half_per_clip,identity,entropy,case35_2,case35,1440,0,720,0,0.0,0.5,True,True,True,False,0.0
Combined,half_per_clip,identity,entropy,case35_8,case35,1856,369,928,232,0.25,0.5,False,True,False,False,0.0
Combined,half_per_clip,identity,entropy,case36_2,case36,2400,1799,2129,1743,0.818694222639737,0.8870833333333333,False,True,False,False,0.7177078440582433
Combined,half_per_clip,identity,entropy,case36_4,case36,2048,1964,1960,1892,0.9653061224489796,0.95703125,False,True,False,False,0.9571428571428572
Combined,half_per_clip,identity,entropy,case37_2,case37,2544,213,1353,182,0.1345158906134516,0.5318396226415094,True,True,True,False,0.0
Combined,half_per_clip,identity,entropy,case38_2,case38,4064,1552,3917,1493,0.38115905029359204,0.9638287401574803,False,True,False,False,0.35869287720194026
Combined,half_per_clip,identity,entropy,case39_2,case39,4320,517,3364,426,0.12663495838287753,0.7787037037037037,True,True,True,False,0.0
Combined,half_per_clip,identity,entropy,case3_1,case3,3168,314,3056,302,0.09882198952879581,0.9646464646464646,True,True,True,False,0.06609947643979057
Combined,half_per_clip,identity,entropy,case40,case40,2544,643,2498,635,0.25420336269015215,0.9819182389937107,False,True,False,False,0.2389911929543635
Combined,half_per_clip,identity,entropy,case43,case43,4160,269,4035,265,0.06567534076827757,0.9699519230769231,True,True,True,False,0.035687732342007436
Combined,half_per_clip,identity,entropy,case47_2,case47,2400,118,2182,106,0.04857928505957837,0.9091666666666667,True,True,True,False,0.0
Combined,half_per_clip,identity,entropy,case47_4,case47,2128,0,2127,0,0.0,0.9995300751879699,True,True,True,False,0.0
Combined,half_per_clip,identity,entropy,case48,case48,2816,649,2638,611,0.23161485974222895,0.9367897727272727,False,True,False,False,0.17854435178165276
Combined,half_per_clip,identity,entropy,case50_2,case50,2400,14,1711,8,0.004675628287551139,0.7129166666666666,True,True,True,False,0.0
Combined,half_per_clip,identity,entropy,case50_4,case50,3792,273,2351,212,0.09017439387494683,0.6199894514767933,True,True,True,False,0.0
Combined,half_per_clip,identity,entropy,case51_10,case51,3488,64,2212,42,0.0189873417721519,0.6341743119266054,True,True,True,False,0.0
Combined,half_per_clip,identity,entropy,case51_3,case51,3360,302,3027,289,0.09547406673273869,0.9008928571428572,True,True,True,False,0.0
Combined,half_per_clip,identity,entropy,case51_5,case51,2400,221,2328,214,0.09192439862542956,0.97,True,True,True,False,0.06400343642611683
Combined,half_per_clip,identity,entropy,case51_7,case51,2144,560,2044,540,0.26418786692759294,0.9533582089552238,False,True,False,False,0.22504892367906065
Combined,half_per_clip,identity,entropy,case51_9,case51,2400,617,1618,251,0.15512978986402967,0.6741666666666667,False,True,False,False,0.0
Combined,half_per_clip,identity,entropy,case54_1,case54,3376,1710,3073,1653,0.5379108363163033,0.9102488151658767,False,True,False,False,0.45785876993166286
Combined,half_per_clip,identity,entropy,case56_1,case56,2400,126,2338,110,0.04704875962360992,0.9741666666666666,True,True,True,False,0.02737382378100941
Combined,half_per_clip,identity,entropy,case5_4,case5,2400,19,2342,19,0.008112724167378309,0.9758333333333333,True,True,True,False,0.0
Combined,half_per_clip,identity,entropy,case60,case60,2336,1658,1834,1534,0.836423118865867,0.7851027397260274,False,True,False,False,0.6303162486368593
Combined,half_per_clip,identity,entropy,case61_3,case61,3536,203,3433,197,0.05738421205942325,0.9708710407239819,True,True,True,False,0.029129041654529567
Combined,half_per_clip,identity,entropy,case63_3,case63,2768,68,2710,64,0.023616236162361623,0.9790462427745664,True,True,True,False,0.0036900369003690036
Combined,half_per_clip,identity,entropy,case66_2,case66,5168,18,5120,9,0.0017578125,0.9907120743034056,True,True,True,False,0.0
Combined,half_per_clip,identity,entropy,case66_4,case66,3776,0,3678,0,0.0,0.9740466101694916,True,True,True,False,0.0
Combined,half_per_clip,identity,entropy,case66_6,case66,2144,0,2141,0,0.0,0.9986007462686567,True,True,True,False,0.0
Combined,half_per_clip,identity,entropy,case66_9,case66,3200,8,3146,8,0.0025429116338207248,0.983125,True,True,True,False,0.0
Combined,half_per_clip,identity,entropy,case68_1,case68,2624,238,1312,163,0.12423780487804878,0.5,True,True,True,False,0.0
Combined,half_per_clip,identity,entropy,case68_3,case68,2608,584,1304,496,0.3803680981595092,0.5,False,True,False,False,0.0
Combined,half_per_clip,identity,entropy,case68_5,case68,2400,109,1200,53,0.04416666666666667,0.5,True,True,True,False,0.0
Combined,half_per_clip,identity,entropy,case68_7,case68,3680,686,2386,568,0.23805532271584243,0.6483695652173913,False,True,False,False,0.0
Combined,half_per_clip,identity,entropy,case6_3,case6,3360,3132,3307,3097,0.9364983368612035,0.9842261904761904,False,True,False,False,0.9310553371635923
Combined,half_per_clip,identity,entropy,case71_1,case71,2048,647,1633,553,0.33864053888548684,0.79736328125,False,True,False,False,0.14206981016533987
Combined,half_per_clip,identity,entropy,case71_5,case71,3616,89,3611,89,0.024646912212683468,0.9986172566371682,True,True,True,False,0.02326225422320687
Combined,half_per_clip,identity,entropy,case72_3,case72,1664,0,1664,0,0.0,1.0,True,True,True,False,0.0
Combined,half_per_clip,identity,entropy,case74_1,case74,2512,1111,2230,1058,0.4744394618834081,0.8877388535031847,False,True,False,False,0.3717488789237668
Combined,half_per_clip,identity,entropy,case75_1,case75,2400,343,2363,323,0.1366906474820144,0.9845833333333334,True,True,True,False,0.12949640287769784
Combined,half_per_clip,identity,entropy,case7_2,case7,2096,98,2055,91,0.044282238442822384,0.9804389312977099,True,True,True,False,0.027737226277372264
Combined,half_per_clip,identity,entropy,case80_2,case80,2400,11,2378,8,0.00336417157275021,0.9908333333333333,True,True,True,False,0.0
Combined,half_per_clip,identity,entropy,case80_4,case80,2400,0,2384,0,0.0,0.9933333333333333,True,True,True,False,0.0
Combined,half_per_clip,identity,entropy,case80_6,case80,2400,0,2352,0,0.0,0.98,True,True,True,False,0.0
Combined,half_per_clip,identity,entropy,case80_8,case80,2320,6,2319,6,0.00258732212160414,0.9995689655172414,True,True,True,False,0.0021561017680034496
Combined,half_per_clip,identity,entropy,case81_2,case81,4384,119,4366,119,0.027256069628950986,0.9958941605839416,True,True,True,False,0.023133302794319743
Combined,half_per_clip,identity,entropy,case83_3,case83,2144,0,2144,0,0.0,1.0,True,True,True,False,0.0
Combined,half_per_clip,identity,entropy,case85_7,case85,2400,1069,2008,1035,0.5154382470119522,0.8366666666666667,False,True,False,False,0.33715139442231074
Combined,half_per_clip,identity,entropy,case86_1,case86,2400,199,2376,193,0.08122895622895623,0.99,True,True,True,False,0.07365319865319865
Combined,half_per_clip,identity,entropy,case89,case89,2384,264,2109,221,0.10478899952584163,0.8846476510067114,True,True,True,False,0.0
Combined,half_per_clip,identity,entropy,case8_2,case8,2256,6,2105,3,0.0014251781472684087,0.9330673758865248,True,True,True,False,0.0
Combined,half_per_clip,identity,entropy,case90_1,case90,2400,42,2181,29,0.013296652911508482,0.90875,True,True,True,False,0.0
Combined,half_per_clip,identity,entropy,case91_1,case91,2400,1462,2139,1379,0.6446937821411874,0.89125,False,True,False,False,0.5614773258532024
Combined,half_per_clip,identity,entropy,case91_3,case91,2400,2218,2334,2170,0.9297343616109683,0.9725,False,True,False,False,0.9220222793487575
Combined,half_per_clip,identity,entropy,case91_5,case91,2400,1060,1806,850,0.4706533776301218,0.7525,False,True,False,False,0.25802879291251385
Combined,half_per_clip,identity,entropy,case91_7,case91,3744,370,3615,339,0.0937759336099585,0.9655448717948718,True,True,True,False,0.06666666666666667
Combined,half_per_clip,identity,entropy,case93_2,case93,3760,379,3466,353,0.10184650894402769,0.9218085106382978,True,True,True,False,0.02452394691286786
Combined,half_per_clip,identity,entropy,case95_1,case95,4144,999,3465,835,0.240981240981241,0.8361486486486487,False,True,False,False,0.09235209235209235
Combined,half_per_clip,identity,entropy,case95_3,case95,2400,2378,2382,2373,0.9962216624685138,0.9925,False,True,False,False,0.9907640638119227
Combined,half_per_clip,identity,entropy,case96_1,case96,1840,1220,1744,1193,0.6840596330275229,0.9478260869565217,False,True,False,False,0.6444954128440367
Combined,half_per_clip,identity,entropy,case97_1,case97,2400,2125,1907,1899,0.9958049292081804,0.7945833333333333,False,True,False,False,0.8557944415312009
Combined,half_per_clip,identity,entropy,case97_3,case97,2032,837,1535,743,0.48403908794788275,0.7554133858267716,False,True,False,False,0.22149837133550487
Combined,half_per_clip,identity,negative_area_fraction,case10_1,case10,3408,1357,3408,1357,0.39818075117370894,1.0,False,True,False,False,0.39818075117370894
Combined,half_per_clip,identity,negative_area_fraction,case11,case11,1808,69,1808,69,0.03816371681415929,1.0,True,True,True,False,0.03816371681415929
Combined,half_per_clip,identity,negative_area_fraction,case12_2,case12,3968,869,3968,869,0.21900201612903225,1.0,False,True,False,False,0.21900201612903225
Combined,half_per_clip,identity,negative_area_fraction,case13_1,case13,1568,219,1568,219,0.13966836734693877,1.0,True,True,True,False,0.13966836734693877
Combined,half_per_clip,identity,negative_area_fraction,case13_3,case13,2816,34,2816,34,0.012073863636363636,1.0,True,True,True,False,0.012073863636363636
Combined,half_per_clip,identity,negative_area_fraction,case14_2,case14,2400,2376,1332,1308,0.9819819819819819,0.555,False,True,False,False,0.9819819819819819
Combined,half_per_clip,identity,negative_area_fraction,case14_4,case14,2320,2114,1160,954,0.8224137931034483,0.5,False,True,False,False,0.8224137931034483
Combined,half_per_clip,identity,negative_area_fraction,case14_6,case14,3200,3098,1600,1498,0.93625,0.5,False,True,False,False,0.93625
Combined,half_per_clip,identity,negative_area_fraction,case1_2,case1,3456,3,3453,0,0.0,0.9991319444444444,True,True,True,False,0.0
Combined,half_per_clip,identity,negative_area_fraction,case20_7,case20,2720,940,2072,292,0.14092664092664092,0.7617647058823529,True,True,True,False,0.14092664092664092
Combined,half_per_clip,identity,negative_area_fraction,case20_9,case20,2400,610,1900,110,0.05789473684210526,0.7916666666666666,True,True,True,False,0.05789473684210526
Combined,half_per_clip,identity,negative_area_fraction,case24_1,case24,2400,178,2364,142,0.06006768189509306,0.985,True,True,True,False,0.06006768189509306
Combined,half_per_clip,identity,negative_area_fraction,case24_3,case24,2432,0,2432,0,0.0,1.0,True,True,True,False,0.0
Combined,half_per_clip,identity,negative_area_fraction,case24_5,case24,2400,55,2372,27,0.011382799325463743,0.9883333333333333,True,True,True,False,0.011382799325463743
Combined,half_per_clip,identity,negative_area_fraction,case25_2,case25,2176,101,2122,47,0.022148916116870875,0.9751838235294118,True,True,True,False,0.022148916116870875
Combined,half_per_clip,identity,negative_area_fraction,case29_1,case29,3424,463,3112,151,0.04852185089974293,0.9088785046728972,True,True,True,False,0.04852185089974293
Combined,half_per_clip,identity,negative_area_fraction,case2_3,case2,2400,0,2400,0,0.0,1.0,True,True,True,False,0.0
Combined,half_per_clip,identity,negative_area_fraction,case2_6,case2,1584,0,1584,0,0.0,1.0,True,True,True,False,0.0
Combined,half_per_clip,identity,negative_area_fraction,case2_9,case2,1792,0,1792,0,0.0,1.0,True,True,True,False,0.0
Combined,half_per_clip,identity,negative_area_fraction,case31,case31,2928,58,2920,50,0.017123287671232876,0.9972677595628415,True,True,True,False,0.017123287671232876
Combined,half_per_clip,identity,negative_area_fraction,case32_2,case32,1600,7,1600,7,0.004375,1.0,True,True,True,False,0.004375
Combined,half_per_clip,identity,negative_area_fraction,case32_4,case32,2960,459,2657,156,0.05871283402333459,0.8976351351351352,True,True,True,False,0.05871283402333459
Combined,half_per_clip,identity,negative_area_fraction,case32_6,case32,2736,36,2721,21,0.007717750826901874,0.9945175438596491,True,True,True,False,0.007717750826901874
Combined,half_per_clip,identity,negative_area_fraction,case34_2,case34,1984,26,1979,21,0.010611419909044972,0.9974798387096774,True,True,True,False,0.010611419909044972
Combined,half_per_clip,identity,negative_area_fraction,case35_2,case35,1440,0,1440,0,0.0,1.0,True,True,True,False,0.0
Combined,half_per_clip,identity,negative_area_fraction,case35_8,case35,1856,369,1828,341,0.18654266958424506,0.9849137931034483,False,True,False,False,0.18654266958424506
Combined,half_per_clip,identity,negative_area_fraction,case36_2,case36,2400,1799,1369,768,0.5609934258582907,0.5704166666666667,False,True,False,False,0.5609934258582907
Combined,half_per_clip,identity,negative_area_fraction,case36_4,case36,2048,1964,1024,940,0.91796875,0.5,False,True,False,False,0.91796875
Combined,half_per_clip,identity,negative_area_fraction,case37_2,case37,2544,213,2434,103,0.042317173377156944,0.9567610062893082,True,True,True,False,0.042317173377156944
Combined,half_per_clip,identity,negative_area_fraction,case38_2,case38,4064,1552,3039,527,0.1734123066798289,0.7477854330708661,False,True,False,False,0.1734123066798289
Combined,half_per_clip,identity,negative_area_fraction,case39_2,case39,4320,517,4044,241,0.059594460929772504,0.9361111111111111,True,True,True,False,0.059594460929772504
Combined,half_per_clip,identity,negative_area_fraction,case3_1,case3,3168,314,2950,96,0.03254237288135593,0.9311868686868687,True,True,True,False,0.03254237288135593
Combined,half_per_clip,identity,negative_area_fraction,case40,case40,2544,643,2038,137,0.06722276741903828,0.8011006289308176,True,True,True,False,0.06722276741903828
Combined,half_per_clip,identity,negative_area_fraction,case43,case43,4160,269,3914,23,0.005876341338783853,0.9408653846153846,True,True,True,False,0.005876341338783853
Combined,half_per_clip,identity,negative_area_fraction,case47_2,case47,2400,118,2329,47,0.020180334907685702,0.9704166666666667,True,True,True,False,0.020180334907685702
Combined,half_per_clip,identity,negative_area_fraction,case47_4,case47,2128,0,2128,0,0.0,1.0,True,True,True,False,0.0
Combined,half_per_clip,identity,negative_area_fraction,case48,case48,2816,649,2323,156,0.06715454154111063,0.8249289772727273,True,True,True,False,0.06715454154111063
Combined,half_per_clip,identity,negative_area_fraction,case50_2,case50,2400,14,2396,10,0.004173622704507512,0.9983333333333333,True,True,True,False,0.004173622704507512
Combined,half_per_clip,identity,negative_area_fraction,case50_4,case50,3792,273,3650,131,0.035890410958904106,0.9625527426160337,True,True,True,False,0.035890410958904106
Combined,half_per_clip,identity,negative_area_fraction,case51_10,case51,3488,64,3469,45,0.012972038051311616,0.994552752293578,True,True,True,False,0.012972038051311616
Combined,half_per_clip,identity,negative_area_fraction,case51_3,case51,3360,302,3148,90,0.028589580686149935,0.9369047619047619,True,True,True,False,0.028589580686149935
Combined,half_per_clip,identity,negative_area_fraction,case51_5,case51,2400,221,2236,57,0.025491949910554562,0.9316666666666666,True,True,True,False,0.025491949910554562
Combined,half_per_clip,identity,negative_area_fraction,case51_7,case51,2144,560,1631,47,0.028816676885346414,0.7607276119402985,True,True,True,False,0.028816676885346414
Combined,half_per_clip,identity,negative_area_fraction,case51_9,case51,2400,617,2231,448,0.2008068130883012,0.9295833333333333,False,True,False,False,0.2008068130883012
Combined,half_per_clip,identity,negative_area_fraction,case54_1,case54,3376,1710,1831,165,0.09011469142545057,0.5423578199052133,True,True,True,False,0.09011469142545057
Combined,half_per_clip,identity,negative_area_fraction,case56_1,case56,2400,126,2324,50,0.021514629948364887,0.9683333333333334,True,True,True,False,0.021514629948364887
Combined,half_per_clip,identity,negative_area_fraction,case5_4,case5,2400,19,2391,10,0.004182350480970306,0.99625,True,True,True,False,0.004182350480970306
Combined,half_per_clip,identity,negative_area_fraction,case60,case60,2336,1658,1350,672,0.49777777777777776,0.5779109589041096,False,True,False,False,0.49777777777777776
Combined,half_per_clip,identity,negative_area_fraction,case61_3,case61,3536,203,3429,96,0.02799650043744532,0.9697398190045249,True,True,True,False,0.02799650043744532
Combined,half_per_clip,identity,negative_area_fraction,case63_3,case63,2768,68,2728,28,0.010263929618768328,0.9855491329479769,True,True,True,False,0.010263929618768328
Combined,half_per_clip,identity,negative_area_fraction,case66_2,case66,5168,18,5162,12,0.002324680356450988,0.9988390092879257,True,True,True,False,0.002324680356450988
Combined,half_per_clip,identity,negative_area_fraction,case66_4,case66,3776,0,3776,0,0.0,1.0,True,True,True,False,0.0
Combined,half_per_clip,identity,negative_area_fraction,case66_6,case66,2144,0,2144,0,0.0,1.0,True,True,True,False,0.0
Combined,half_per_clip,identity,negative_area_fraction,case66_9,case66,3200,8,3194,2,0.0006261740763932373,0.998125,True,True,True,False,0.0006261740763932373
Combined,half_per_clip,identity,negative_area_fraction,case68_1,case68,2624,238,2522,136,0.05392545598731166,0.9611280487804879,True,True,True,False,0.05392545598731166
Combined,half_per_clip,identity,negative_area_fraction,case68_3,case68,2608,584,2274,250,0.10993843447669305,0.8719325153374233,True,True,True,False,0.10993843447669305
Combined,half_per_clip,identity,negative_area_fraction,case68_5,case68,2400,109,2368,77,0.03251689189189189,0.9866666666666667,True,True,True,False,0.03251689189189189
Combined,half_per_clip,identity,negative_area_fraction,case68_7,case68,3680,686,3217,223,0.0693192415293752,0.8741847826086957,True,True,True,False,0.0693192415293752
Combined,half_per_clip,identity,negative_area_fraction,case6_3,case6,3360,3132,1680,1452,0.8642857142857143,0.5,False,True,False,False,0.8642857142857143
Combined,half_per_clip,identity,negative_area_fraction,case71_1,case71,2048,647,1597,196,0.12273011897307451,0.77978515625,True,True,True,False,0.12273011897307451
Combined,half_per_clip,identity,negative_area_fraction,case71_5,case71,3616,89,3535,8,0.002263083451202263,0.9775995575221239,True,True,True,False,0.002263083451202263
Combined,half_per_clip,identity,negative_area_fraction,case72_3,case72,1664,0,1664,0,0.0,1.0,True,True,True,False,0.0
Combined,half_per_clip,identity,negative_area_fraction,case74_1,case74,2512,1111,1630,229,0.14049079754601226,0.6488853503184714,True,True,True,False,0.14049079754601226
Combined,half_per_clip,identity,negative_area_fraction,case75_1,case75,2400,343,2103,46,0.021873514027579647,0.87625,True,True,True,False,0.021873514027579647
Combined,half_per_clip,identity,negative_area_fraction,case7_2,case7,2096,98,2018,20,0.009910802775024777,0.9627862595419847,True,True,True,False,0.009910802775024777
Combined,half_per_clip,identity,negative_area_fraction,case80_2,case80,2400,11,2393,4,0.001671541997492687,0.9970833333333333,True,True,True,False,0.001671541997492687
Combined,half_per_clip,identity,negative_area_fraction,case80_4,case80,2400,0,2400,0,0.0,1.0,True,True,True,False,0.0
Combined,half_per_clip,identity,negative_area_fraction,case80_6,case80,2400,0,2400,0,0.0,1.0,True,True,True,False,0.0
Combined,half_per_clip,identity,negative_area_fraction,case80_8,case80,2320,6,2316,2,0.0008635578583765112,0.9982758620689656,True,True,True,False,0.0008635578583765112
Combined,half_per_clip,identity,negative_area_fraction,case81_2,case81,4384,119,4274,9,0.0021057557323350493,0.9749087591240876,True,True,True,False,0.0021057557323350493
Combined,half_per_clip,identity,negative_area_fraction,case83_3,case83,2144,0,2144,0,0.0,1.0,True,True,True,False,0.0
Combined,half_per_clip,identity,negative_area_fraction,case85_7,case85,2400,1069,1488,157,0.10551075268817205,0.62,True,True,True,False,0.10551075268817205
Combined,half_per_clip,identity,negative_area_fraction,case86_1,case86,2400,199,2214,13,0.005871725383920506,0.9225,True,True,True,False,0.005871725383920506
Combined,half_per_clip,identity,negative_area_fraction,case89,case89,2384,264,2353,233,0.09902252443688908,0.986996644295302,True,True,True,False,0.09902252443688908
Combined,half_per_clip,identity,negative_area_fraction,case8_2,case8,2256,6,2256,6,0.0026595744680851063,1.0,True,True,True,False,0.0026595744680851063
Combined,half_per_clip,identity,negative_area_fraction,case90_1,case90,2400,42,2370,12,0.005063291139240506,0.9875,True,True,True,False,0.005063291139240506
Combined,half_per_clip,identity,negative_area_fraction,case91_1,case91,2400,1462,1258,320,0.2543720190779014,0.5241666666666667,False,True,False,False,0.2543720190779014
Combined,half_per_clip,identity,negative_area_fraction,case91_3,case91,2400,2218,1200,1018,0.8483333333333334,0.5,False,True,False,False,0.8483333333333334
Combined,half_per_clip,identity,negative_area_fraction,case91_5,case91,2400,1060,1735,395,0.2276657060518732,0.7229166666666667,False,True,False,False,0.2276657060518732
Combined,half_per_clip,identity,negative_area_fraction,case91_7,case91,3744,370,3481,107,0.030738293593794888,0.9297542735042735,True,True,True,False,0.030738293593794888
Combined,half_per_clip,identity,negative_area_fraction,case93_2,case93,3760,379,3481,100,0.028727377190462512,0.9257978723404255,True,True,True,False,0.028727377190462512
Combined,half_per_clip,identity,negative_area_fraction,case95_1,case95,4144,999,3536,391,0.11057692307692307,0.8532818532818532,True,True,True,False,0.11057692307692307
Combined,half_per_clip,identity,negative_area_fraction,case95_3,case95,2400,2378,1200,1178,0.9816666666666667,0.5,False,True,False,False,0.9816666666666667
Combined,half_per_clip,identity,negative_area_fraction,case96_1,case96,1840,1220,920,300,0.32608695652173914,0.5,False,True,False,False,0.32608695652173914
Combined,half_per_clip,identity,negative_area_fraction,case97_1,case97,2400,2125,1200,925,0.7708333333333334,0.5,False,True,False,False,0.7708333333333334
Combined,half_per_clip,identity,negative_area_fraction,case97_3,case97,2032,837,1570,375,0.23885350318471338,0.7726377952755905,False,True,False,False,0.23885350318471338
Combined,half_per_clip,sha256,confidence_deficit,case10_1,case10,3408,1357,2562,511,0.1994535519125683,0.7517605633802817,False,True,False,False,0.1994535519125683
Combined,half_per_clip,sha256,confidence_deficit,case11,case11,1808,69,1761,22,0.01249290176036343,0.974004424778761,True,True,True,False,0.01249290176036343
Combined,half_per_clip,sha256,confidence_deficit,case12_2,case12,3968,869,3335,236,0.07076461769115443,0.8404737903225806,True,True,True,False,0.07076461769115443
Combined,half_per_clip,sha256,confidence_deficit,case13_1,case13,1568,219,1540,191,0.12402597402597403,0.9821428571428571,True,True,True,False,0.12402597402597403
Combined,half_per_clip,sha256,confidence_deficit,case13_3,case13,2816,34,2806,24,0.008553100498930863,0.9964488636363636,True,True,True,False,0.008553100498930863
Combined,half_per_clip,sha256,confidence_deficit,case14_2,case14,2400,2376,1200,1176,0.98,0.5,False,True,False,False,0.98
Combined,half_per_clip,sha256,confidence_deficit,case14_4,case14,2320,2114,1160,954,0.8224137931034483,0.5,False,True,False,False,0.8224137931034483
Combined,half_per_clip,sha256,confidence_deficit,case14_6,case14,3200,3098,1600,1498,0.93625,0.5,False,True,False,False,0.93625
Combined,half_per_clip,sha256,confidence_deficit,case1_2,case1,3456,3,3453,0,0.0,0.9991319444444444,True,True,True,False,0.0
Combined,half_per_clip,sha256,confidence_deficit,case20_7,case20,2720,940,2134,354,0.16588566073102157,0.7845588235294118,False,True,False,False,0.16588566073102157
Combined,half_per_clip,sha256,confidence_deficit,case20_9,case20,2400,610,1933,143,0.07397827211588205,0.8054166666666667,True,True,True,False,0.07397827211588205
Combined,half_per_clip,sha256,confidence_deficit,case24_1,case24,2400,178,2369,147,0.06205149852258337,0.9870833333333333,True,True,True,False,0.06205149852258337
Combined,half_per_clip,sha256,confidence_deficit,case24_3,case24,2432,0,2432,0,0.0,1.0,True,True,True,False,0.0
Combined,half_per_clip,sha256,confidence_deficit,case24_5,case24,2400,55,2377,32,0.013462347496844763,0.9904166666666666,True,True,True,False,0.013462347496844763
Combined,half_per_clip,sha256,confidence_deficit,case25_2,case25,2176,101,2131,56,0.02627874237447208,0.9793198529411765,True,True,True,False,0.02627874237447208
Combined,half_per_clip,sha256,confidence_deficit,case29_1,case29,3424,463,3151,190,0.060298317994287524,0.920268691588785,True,True,True,False,0.060298317994287524
Combined,half_per_clip,sha256,confidence_deficit,case2_3,case2,2400,0,2400,0,0.0,1.0,True,True,True,False,0.0
Combined,half_per_clip,sha256,confidence_deficit,case2_6,case2,1584,0,1584,0,0.0,1.0,True,True,True,False,0.0
Combined,half_per_clip,sha256,confidence_deficit,case2_9,case2,1792,0,1792,0,0.0,1.0,True,True,True,False,0.0
Combined,half_per_clip,sha256,confidence_deficit,case31,case31,2928,58,2923,53,0.018132056106739652,0.9982923497267759,True,True,True,False,0.018132056106739652
Combined,half_per_clip,sha256,confidence_deficit,case32_2,case32,1600,7,1600,7,0.004375,1.0,True,True,True,False,0.004375
Combined,half_per_clip,sha256,confidence_deficit,case32_4,case32,2960,459,2699,198,0.07336050389032975,0.9118243243243244,True,True,True,False,0.07336050389032975
Combined,half_per_clip,sha256,confidence_deficit,case32_6,case32,2736,36,2724,24,0.00881057268722467,0.9956140350877193,True,True,True,False,0.00881057268722467
Combined,half_per_clip,sha256,confidence_deficit,case34_2,case34,1984,26,1981,23,0.011610297829379102,0.9984879032258065,True,True,True,False,0.011610297829379102
Combined,half_per_clip,sha256,confidence_deficit,case35_2,case35,1440,0,1440,0,0.0,1.0,True,True,True,False,0.0
Combined,half_per_clip,sha256,confidence_deficit,case35_8,case35,1856,369,1833,346,0.18876159301691217,0.9876077586206896,False,True,False,False,0.18876159301691217
Combined,half_per_clip,sha256,confidence_deficit,case36_2,case36,2400,1799,1492,891,0.5971849865951743,0.6216666666666667,False,True,False,False,0.5971849865951743
Combined,half_per_clip,sha256,confidence_deficit,case36_4,case36,2048,1964,1113,1029,0.9245283018867925,0.54345703125,False,True,False,False,0.9245283018867925
Combined,half_per_clip,sha256,confidence_deficit,case37_2,case37,2544,213,2446,115,0.04701553556827474,0.9614779874213837,True,True,True,False,0.04701553556827474
Combined,half_per_clip,sha256,confidence_deficit,case38_2,case38,4064,1552,3153,641,0.20329844592451635,0.7758366141732284,False,True,False,False,0.20329844592451635
Combined,half_per_clip,sha256,confidence_deficit,case39_2,case39,4320,517,4089,286,0.06994375152849107,0.9465277777777777,True,True,True,False,0.06994375152849107
Combined,half_per_clip,sha256,confidence_deficit,case3_1,case3,3168,314,2980,126,0.042281879194630875,0.9406565656565656,True,True,True,False,0.042281879194630875
Combined,half_per_clip,sha256,confidence_deficit,case40,case40,2544,643,2078,177,0.08517805582290663,0.8168238993710691,True,True,True,False,0.08517805582290663
Combined,half_per_clip,sha256,confidence_deficit,case43,case43,4160,269,3927,36,0.009167303284950344,0.9439903846153846,True,True,True,False,0.009167303284950344
Combined,half_per_clip,sha256,confidence_deficit,case47_2,case47,2400,118,2338,56,0.023952095808383235,0.9741666666666666,True,True,True,False,0.023952095808383235
Combined,half_per_clip,sha256,confidence_deficit,case47_4,case47,2128,0,2128,0,0.0,1.0,True,True,True,False,0.0
Combined,half_per_clip,sha256,confidence_deficit,case48,case48,2816,649,2364,197,0.08333333333333333,0.8394886363636364,True,True,True,False,0.08333333333333333
Combined,half_per_clip,sha256,confidence_deficit,case50_2,case50,2400,14,2398,12,0.0050041701417848205,0.9991666666666666,True,True,True,False,0.0050041701417848205
Combined,half_per_clip,sha256,confidence_deficit,case50_4,case50,3792,273,3659,140,0.0382618201694452,0.9649261603375527,True,True,True,False,0.0382618201694452
Combined,half_per_clip,sha256,confidence_deficit,case51_10,case51,3488,64,3476,52,0.014959723820483314,0.9965596330275229,True,True,True,False,0.014959723820483314
Combined,half_per_clip,sha256,confidence_deficit,case51_3,case51,3360,302,3183,125,0.039271127866792335,0.9473214285714285,True,True,True,False,0.039271127866792335
Combined,half_per_clip,sha256,confidence_deficit,case51_5,case51,2400,221,2252,73,0.03241563055062167,0.9383333333333334,True,True,True,False,0.03241563055062167
Combined,half_per_clip,sha256,confidence_deficit,case51_7,case51,2144,560,1653,69,0.041742286751361164,0.7709888059701493,True,True,True,False,0.041742286751361164
Combined,half_per_clip,sha256,confidence_deficit,case51_9,case51,2400,617,2251,468,0.2079075966237228,0.9379166666666666,False,True,False,False,0.2079075966237228
Combined,half_per_clip,sha256,confidence_deficit,case54_1,case54,3376,1710,1913,247,0.12911657083115524,0.5666469194312796,True,True,True,False,0.12911657083115524
Combined,half_per_clip,sha256,confidence_deficit,case56_1,case56,2400,126,2338,64,0.02737382378100941,0.9741666666666666,True,True,True,False,0.02737382378100941
Combined,half_per_clip,sha256,confidence_deficit,case5_4,case5,2400,19,2394,13,0.005430242272347535,0.9975,True,True,True,False,0.005430242272347535
Combined,half_per_clip,sha256,confidence_deficit,case60,case60,2336,1658,1423,745,0.5235418130709768,0.6091609589041096,False,True,False,False,0.5235418130709768
Combined,half_per_clip,sha256,confidence_deficit,case61_3,case61,3536,203,3445,112,0.03251088534107402,0.9742647058823529,True,True,True,False,0.03251088534107402
Combined,half_per_clip,sha256,confidence_deficit,case63_3,case63,2768,68,2733,33,0.012074643249176729,0.9873554913294798,True,True,True,False,0.012074643249176729
Combined,half_per_clip,sha256,confidence_deficit,case66_2,case66,5168,18,5164,14,0.002711076684740511,0.9992260061919505,True,True,True,False,0.002711076684740511
Combined,half_per_clip,sha256,confidence_deficit,case66_4,case66,3776,0,3776,0,0.0,1.0,True,True,True,False,0.0
Combined,half_per_clip,sha256,confidence_deficit,case66_6,case66,2144,0,2144,0,0.0,1.0,True,True,True,False,0.0
Combined,half_per_clip,sha256,confidence_deficit,case66_9,case66,3200,8,3194,2,0.0006261740763932373,0.998125,True,True,True,False,0.0006261740763932373
Combined,half_per_clip,sha256,confidence_deficit,case68_1,case68,2624,238,2541,155,0.06099960645415191,0.9683689024390244,True,True,True,False,0.06099960645415191
Combined,half_per_clip,sha256,confidence_deficit,case68_3,case68,2608,584,2310,286,0.12380952380952381,0.8857361963190185,True,True,True,False,0.12380952380952381
Combined,half_per_clip,sha256,confidence_deficit,case68_5,case68,2400,109,2371,80,0.03374103753690426,0.9879166666666667,True,True,True,False,0.03374103753690426
Combined,half_per_clip,sha256,confidence_deficit,case68_7,case68,3680,686,3270,276,0.08440366972477065,0.8885869565217391,True,True,True,False,0.08440366972477065
Combined,half_per_clip,sha256,confidence_deficit,case6_3,case6,3360,3132,1680,1452,0.8642857142857143,0.5,False,True,False,False,0.8642857142857143
Combined,half_per_clip,sha256,confidence_deficit,case71_1,case71,2048,647,1627,226,0.1389059618930547,0.79443359375,True,True,True,False,0.1389059618930547
Combined,half_per_clip,sha256,confidence_deficit,case71_5,case71,3616,89,3542,15,0.004234895539243365,0.9795353982300885,True,True,True,False,0.004234895539243365
Combined,half_per_clip,sha256,confidence_deficit,case72_3,case72,1664,0,1664,0,0.0,1.0,True,True,True,False,0.0
Combined,half_per_clip,sha256,confidence_deficit,case74_1,case74,2512,1111,1692,291,0.17198581560283688,0.6735668789808917,False,True,False,False,0.17198581560283688
Combined,half_per_clip,sha256,confidence_deficit,case75_1,case75,2400,343,2120,63,0.029716981132075472,0.8833333333333333,True,True,True,False,0.029716981132075472
Combined,half_per_clip,sha256,confidence_deficit,case7_2,case7,2096,98,2023,25,0.012357884330202669,0.9651717557251909,True,True,True,False,0.012357884330202669
Combined,half_per_clip,sha256,confidence_deficit,case80_2,case80,2400,11,2393,4,0.001671541997492687,0.9970833333333333,True,True,True,False,0.001671541997492687
Combined,half_per_clip,sha256,confidence_deficit,case80_4,case80,2400,0,2400,0,0.0,1.0,True,True,True,False,0.0
Combined,half_per_clip,sha256,confidence_deficit,case80_6,case80,2400,0,2400,0,0.0,1.0,True,True,True,False,0.0
Combined,half_per_clip,sha256,confidence_deficit,case80_8,case80,2320,6,2317,3,0.001294777729823047,0.9987068965517242,True,True,True,False,0.001294777729823047
Combined,half_per_clip,sha256,confidence_deficit,case81_2,case81,4384,119,4279,14,0.003271792474877308,0.9760492700729927,True,True,True,False,0.003271792474877308
Combined,half_per_clip,sha256,confidence_deficit,case83_3,case83,2144,0,2144,0,0.0,1.0,True,True,True,False,0.0
Combined,half_per_clip,sha256,confidence_deficit,case85_7,case85,2400,1069,1560,229,0.1467948717948718,0.65,True,True,True,False,0.1467948717948718
Combined,half_per_clip,sha256,confidence_deficit,case86_1,case86,2400,199,2224,23,0.010341726618705036,0.9266666666666666,True,True,True,False,0.010341726618705036
Combined,half_per_clip,sha256,confidence_deficit,case89,case89,2384,264,2361,241,0.10207539178314273,0.9903523489932886,True,True,True,False,0.10207539178314273
Combined,half_per_clip,sha256,confidence_deficit,case8_2,case8,2256,6,2256,6,0.0026595744680851063,1.0,True,True,True,False,0.0026595744680851063
Combined,half_per_clip,sha256,confidence_deficit,case90_1,case90,2400,42,2373,15,0.006321112515802781,0.98875,True,True,True,False,0.006321112515802781
Combined,half_per_clip,sha256,confidence_deficit,case91_1,case91,2400,1462,1350,412,0.30518518518518517,0.5625,False,True,False,False,0.30518518518518517
Combined,half_per_clip,sha256,confidence_deficit,case91_3,case91,2400,2218,1200,1018,0.8483333333333334,0.5,False,True,False,False,0.8483333333333334
Combined,half_per_clip,sha256,confidence_deficit,case91_5,case91,2400,1060,1808,468,0.2588495575221239,0.7533333333333333,False,True,False,False,0.2588495575221239
Combined,half_per_clip,sha256,confidence_deficit,case91_7,case91,3744,370,3515,141,0.04011379800853485,0.9388354700854701,True,True,True,False,0.04011379800853485
Combined,half_per_clip,sha256,confidence_deficit,case93_2,case93,3760,379,3504,123,0.0351027397260274,0.9319148936170213,True,True,True,False,0.0351027397260274
Combined,half_per_clip,sha256,confidence_deficit,case95_1,case95,4144,999,3596,451,0.12541713014460512,0.8677606177606177,True,True,True,False,0.12541713014460512
Combined,half_per_clip,sha256,confidence_deficit,case95_3,case95,2400,2378,1200,1178,0.9816666666666667,0.5,False,True,False,False,0.9816666666666667
Combined,half_per_clip,sha256,confidence_deficit,case96_1,case96,1840,1220,920,300,0.32608695652173914,0.5,False,True,False,False,0.32608695652173914
Combined,half_per_clip,sha256,confidence_deficit,case97_1,case97,2400,2125,1200,925,0.7708333333333334,0.5,False,True,False,False,0.7708333333333334
Combined,half_per_clip,sha256,confidence_deficit,case97_3,case97,2032,837,1623,428,0.26370918052988296,0.7987204724409449,False,True,False,False,0.26370918052988296
Combined,half_per_clip,sha256,entropy,case10_1,case10,3408,1357,2834,1249,0.4407198306280875,0.8315727699530516,False,True,False,False,0.276287932251235
Combined,half_per_clip,sha256,entropy,case11,case11,1808,69,1767,64,0.03621958121109225,0.9773230088495575,True,True,True,False,0.01584606677985286
Combined,half_per_clip,sha256,entropy,case12_2,case12,3968,869,3957,864,0.21834723275208492,0.9972278225806451,False,True,False,False,0.2168309325246399
Combined,half_per_clip,sha256,entropy,case13_1,case13,1568,219,1027,159,0.15481986368062317,0.6549744897959183,False,True,False,False,0.0
Combined,half_per_clip,sha256,entropy,case13_3,case13,2816,34,2727,21,0.007700770077007701,0.9683948863636364,True,True,True,False,0.0
Combined,half_per_clip,sha256,entropy,case14_2,case14,2400,2376,2291,2289,0.9991270187690965,0.9545833333333333,False,True,False,False,0.9895242252291576
Combined,half_per_clip,sha256,entropy,case14_4,case14,2320,2114,1896,1780,0.9388185654008439,0.8172413793103448,False,True,False,False,0.8913502109704642
Combined,half_per_clip,sha256,entropy,case14_6,case14,3200,3098,2992,2943,0.9836229946524064,0.935,False,True,False,False,0.9659090909090909
Combined,half_per_clip,sha256,entropy,case1_2,case1,3456,3,3453,3,0.0008688097306689834,0.9991319444444444,True,True,True,False,0.0
Combined,half_per_clip,sha256,entropy,case20_7,case20,2720,940,2339,885,0.3783668234288157,0.8599264705882353,False,True,False,False,0.23899102180418982
Combined,half_per_clip,sha256,entropy,case20_9,case20,2400,610,2351,596,0.2535091450446618,0.9795833333333334,False,True,False,False,0.23862186303700553
Combined,half_per_clip,sha256,entropy,case24_1,case24,2400,178,1715,149,0.08688046647230321,0.7145833333333333,True,True,True,False,0.0
Combined,half_per_clip,sha256,entropy,case24_3,case24,2432,0,2421,0,0.0,0.9954769736842105,True,True,True,False,0.0
Combined,half_per_clip,sha256,entropy,case24_5,case24,2400,55,2157,41,0.019007881316643487,0.89875,True,True,True,False,0.0
Combined,half_per_clip,sha256,entropy,case25_2,case25,2176,101,2080,73,0.035096153846153846,0.9558823529411765,True,True,True,False,0.002403846153846154
Combined,half_per_clip,sha256,entropy,case29_1,case29,3424,463,2831,361,0.12751677852348994,0.8268107476635514,True,True,True,False,0.0
Combined,half_per_clip,sha256,entropy,case2_3,case2,2400,0,2300,0,0.0,0.9583333333333334,True,True,True,False,0.0
Combined,half_per_clip,sha256,entropy,case2_6,case2,1584,0,1562,0,0.0,0.9861111111111112,True,True,True,False,0.0
Combined,half_per_clip,sha256,entropy,case2_9,case2,1792,0,1691,0,0.0,0.9436383928571429,True,True,True,False,0.0
Combined,half_per_clip,sha256,entropy,case31,case31,2928,58,2408,34,0.014119601328903655,0.8224043715846995,True,True,True,False,0.0
Combined,half_per_clip,sha256,entropy,case32_2,case32,1600,7,1107,2,0.0018066847335140017,0.691875,True,True,True,False,0.0
Combined,half_per_clip,sha256,entropy,case32_4,case32,2960,459,1875,357,0.1904,0.6334459459459459,False,True,False,False,0.0
Combined,half_per_clip,sha256,entropy,case32_6,case32,2736,36,2159,29,0.013432144511347846,0.7891081871345029,True,True,True,False,0.0
Combined,half_per_clip,sha256,entropy,case34_2,case34,1984,26,1754,20,0.011402508551881414,0.8840725806451613,True,True,True,False,0.0
Combined,half_per_clip,sha256,entropy,case35_2,case35,1440,0,720,0,0.0,0.5,True,True,True,False,0.0
Combined,half_per_clip,sha256,entropy,case35_8,case35,1856,369,928,232,0.25,0.5,False,True,False,False,0.0
Combined,half_per_clip,sha256,entropy,case36_2,case36,2400,1799,2129,1743,0.818694222639737,0.8870833333333333,False,True,False,False,0.7177078440582433
Combined,half_per_clip,sha256,entropy,case36_4,case36,2048,1964,1960,1892,0.9653061224489796,0.95703125,False,True,False,False,0.9571428571428572
Combined,half_per_clip,sha256,entropy,case37_2,case37,2544,213,1353,182,0.1345158906134516,0.5318396226415094,True,True,True,False,0.0
Combined,half_per_clip,sha256,entropy,case38_2,case38,4064,1552,3917,1493,0.38115905029359204,0.9638287401574803,False,True,False,False,0.35869287720194026
Combined,half_per_clip,sha256,entropy,case39_2,case39,4320,517,3364,426,0.12663495838287753,0.7787037037037037,True,True,True,False,0.0
Combined,half_per_clip,sha256,entropy,case3_1,case3,3168,314,3056,302,0.09882198952879581,0.9646464646464646,True,True,True,False,0.06609947643979057
Combined,half_per_clip,sha256,entropy,case40,case40,2544,643,2498,635,0.25420336269015215,0.9819182389937107,False,True,False,False,0.2389911929543635
Combined,half_per_clip,sha256,entropy,case43,case43,4160,269,4035,265,0.06567534076827757,0.9699519230769231,True,True,True,False,0.035687732342007436
Combined,half_per_clip,sha256,entropy,case47_2,case47,2400,118,2182,106,0.04857928505957837,0.9091666666666667,True,True,True,False,0.0
Combined,half_per_clip,sha256,entropy,case47_4,case47,2128,0,2127,0,0.0,0.9995300751879699,True,True,True,False,0.0
Combined,half_per_clip,sha256,entropy,case48,case48,2816,649,2638,611,0.23161485974222895,0.9367897727272727,False,True,False,False,0.17854435178165276
Combined,half_per_clip,sha256,entropy,case50_2,case50,2400,14,1711,8,0.004675628287551139,0.7129166666666666,True,True,True,False,0.0
Combined,half_per_clip,sha256,entropy,case50_4,case50,3792,273,2351,212,0.09017439387494683,0.6199894514767933,True,True,True,False,0.0
Combined,half_per_clip,sha256,entropy,case51_10,case51,3488,64,2212,42,0.0189873417721519,0.6341743119266054,True,True,True,False,0.0
Combined,half_per_clip,sha256,entropy,case51_3,case51,3360,302,3027,289,0.09547406673273869,0.9008928571428572,True,True,True,False,0.0
Combined,half_per_clip,sha256,entropy,case51_5,case51,2400,221,2328,214,0.09192439862542956,0.97,True,True,True,False,0.06400343642611683
Combined,half_per_clip,sha256,entropy,case51_7,case51,2144,560,2044,540,0.26418786692759294,0.9533582089552238,False,True,False,False,0.22504892367906065
Combined,half_per_clip,sha256,entropy,case51_9,case51,2400,617,1618,251,0.15512978986402967,0.6741666666666667,False,True,False,False,0.0
Combined,half_per_clip,sha256,entropy,case54_1,case54,3376,1710,3073,1653,0.5379108363163033,0.9102488151658767,False,True,False,False,0.45785876993166286
Combined,half_per_clip,sha256,entropy,case56_1,case56,2400,126,2338,110,0.04704875962360992,0.9741666666666666,True,True,True,False,0.02737382378100941
Combined,half_per_clip,sha256,entropy,case5_4,case5,2400,19,2342,19,0.008112724167378309,0.9758333333333333,True,True,True,False,0.0
Combined,half_per_clip,sha256,entropy,case60,case60,2336,1658,1834,1534,0.836423118865867,0.7851027397260274,False,True,False,False,0.6303162486368593
Combined,half_per_clip,sha256,entropy,case61_3,case61,3536,203,3433,197,0.05738421205942325,0.9708710407239819,True,True,True,False,0.029129041654529567
Combined,half_per_clip,sha256,entropy,case63_3,case63,2768,68,2710,64,0.023616236162361623,0.9790462427745664,True,True,True,False,0.0036900369003690036
Combined,half_per_clip,sha256,entropy,case66_2,case66,5168,18,5120,9,0.0017578125,0.9907120743034056,True,True,True,False,0.0
Combined,half_per_clip,sha256,entropy,case66_4,case66,3776,0,3678,0,0.0,0.9740466101694916,True,True,True,False,0.0
Combined,half_per_clip,sha256,entropy,case66_6,case66,2144,0,2141,0,0.0,0.9986007462686567,True,True,True,False,0.0
Combined,half_per_clip,sha256,entropy,case66_9,case66,3200,8,3146,8,0.0025429116338207248,0.983125,True,True,True,False,0.0
Combined,half_per_clip,sha256,entropy,case68_1,case68,2624,238,1312,163,0.12423780487804878,0.5,True,True,True,False,0.0
Combined,half_per_clip,sha256,entropy,case68_3,case68,2608,584,1304,496,0.3803680981595092,0.5,False,True,False,False,0.0
Combined,half_per_clip,sha256,entropy,case68_5,case68,2400,109,1200,53,0.04416666666666667,0.5,True,True,True,False,0.0
Combined,half_per_clip,sha256,entropy,case68_7,case68,3680,686,2386,568,0.23805532271584243,0.6483695652173913,False,True,False,False,0.0
Combined,half_per_clip,sha256,entropy,case6_3,case6,3360,3132,3307,3097,0.9364983368612035,0.9842261904761904,False,True,False,False,0.9310553371635923
Combined,half_per_clip,sha256,entropy,case71_1,case71,2048,647,1633,553,0.33864053888548684,0.79736328125,False,True,False,False,0.14206981016533987
Combined,half_per_clip,sha256,entropy,case71_5,case71,3616,89,3611,89,0.024646912212683468,0.9986172566371682,True,True,True,False,0.02326225422320687
Combined,half_per_clip,sha256,entropy,case72_3,case72,1664,0,1664,0,0.0,1.0,True,True,True,False,0.0
Combined,half_per_clip,sha256,entropy,case74_1,case74,2512,1111,2230,1058,0.4744394618834081,0.8877388535031847,False,True,False,False,0.3717488789237668
Combined,half_per_clip,sha256,entropy,case75_1,case75,2400,343,2363,323,0.1366906474820144,0.9845833333333334,True,True,True,False,0.12949640287769784
Combined,half_per_clip,sha256,entropy,case7_2,case7,2096,98,2055,91,0.044282238442822384,0.9804389312977099,True,True,True,False,0.027737226277372264
Combined,half_per_clip,sha256,entropy,case80_2,case80,2400,11,2378,8,0.00336417157275021,0.9908333333333333,True,True,True,False,0.0
Combined,half_per_clip,sha256,entropy,case80_4,case80,2400,0,2384,0,0.0,0.9933333333333333,True,True,True,False,0.0
Combined,half_per_clip,sha256,entropy,case80_6,case80,2400,0,2352,0,0.0,0.98,True,True,True,False,0.0
Combined,half_per_clip,sha256,entropy,case80_8,case80,2320,6,2319,6,0.00258732212160414,0.9995689655172414,True,True,True,False,0.0021561017680034496
Combined,half_per_clip,sha256,entropy,case81_2,case81,4384,119,4366,119,0.027256069628950986,0.9958941605839416,True,True,True,False,0.023133302794319743
Combined,half_per_clip,sha256,entropy,case83_3,case83,2144,0,2144,0,0.0,1.0,True,True,True,False,0.0
Combined,half_per_clip,sha256,entropy,case85_7,case85,2400,1069,2008,1035,0.5154382470119522,0.8366666666666667,False,True,False,False,0.33715139442231074
Combined,half_per_clip,sha256,entropy,case86_1,case86,2400,199,2376,193,0.08122895622895623,0.99,True,True,True,False,0.07365319865319865
Combined,half_per_clip,sha256,entropy,case89,case89,2384,264,2109,221,0.10478899952584163,0.8846476510067114,True,True,True,False,0.0
Combined,half_per_clip,sha256,entropy,case8_2,case8,2256,6,2105,3,0.0014251781472684087,0.9330673758865248,True,True,True,False,0.0
Combined,half_per_clip,sha256,entropy,case90_1,case90,2400,42,2181,29,0.013296652911508482,0.90875,True,True,True,False,0.0
Combined,half_per_clip,sha256,entropy,case91_1,case91,2400,1462,2139,1379,0.6446937821411874,0.89125,False,True,False,False,0.5614773258532024
Combined,half_per_clip,sha256,entropy,case91_3,case91,2400,2218,2334,2170,0.9297343616109683,0.9725,False,True,False,False,0.9220222793487575
Combined,half_per_clip,sha256,entropy,case91_5,case91,2400,1060,1806,850,0.4706533776301218,0.7525,False,True,False,False,0.25802879291251385
Combined,half_per_clip,sha256,entropy,case91_7,case91,3744,370,3615,339,0.0937759336099585,0.9655448717948718,True,True,True,False,0.06666666666666667
Combined,half_per_clip,sha256,entropy,case93_2,case93,3760,379,3466,353,0.10184650894402769,0.9218085106382978,True,True,True,False,0.02452394691286786
Combined,half_per_clip,sha256,entropy,case95_1,case95,4144,999,3465,835,0.240981240981241,0.8361486486486487,False,True,False,False,0.09235209235209235
Combined,half_per_clip,sha256,entropy,case95_3,case95,2400,2378,2382,2373,0.9962216624685138,0.9925,False,True,False,False,0.9907640638119227
Combined,half_per_clip,sha256,entropy,case96_1,case96,1840,1220,1744,1193,0.6840596330275229,0.9478260869565217,False,True,False,False,0.6444954128440367
Combined,half_per_clip,sha256,entropy,case97_1,case97,2400,2125,1907,1899,0.9958049292081804,0.7945833333333333,False,True,False,False,0.8557944415312009
Combined,half_per_clip,sha256,entropy,case97_3,case97,2032,837,1535,743,0.48403908794788275,0.7554133858267716,False,True,False,False,0.22149837133550487
Combined,half_per_clip,sha256,negative_area_fraction,case10_1,case10,3408,1357,2559,508,0.19851504493942945,0.7508802816901409,False,True,False,False,0.19851504493942945
Combined,half_per_clip,sha256,negative_area_fraction,case11,case11,1808,69,1754,15,0.00855188141391106,0.9701327433628318,True,True,True,False,0.00855188141391106
Combined,half_per_clip,sha256,negative_area_fraction,case12_2,case12,3968,869,3354,255,0.07602862254025045,0.8452620967741935,True,True,True,False,0.07602862254025045
Combined,half_per_clip,sha256,negative_area_fraction,case13_1,case13,1568,219,1539,190,0.12345679012345678,0.9815051020408163,True,True,True,False,0.12345679012345678
Combined,half_per_clip,sha256,negative_area_fraction,case13_3,case13,2816,34,2803,21,0.007491972886193364,0.9953835227272727,True,True,True,False,0.007491972886193364
Combined,half_per_clip,sha256,negative_area_fraction,case14_2,case14,2400,2376,1200,1176,0.98,0.5,False,True,False,False,0.98
Combined,half_per_clip,sha256,negative_area_fraction,case14_4,case14,2320,2114,1160,954,0.8224137931034483,0.5,False,True,False,False,0.8224137931034483
Combined,half_per_clip,sha256,negative_area_fraction,case14_6,case14,3200,3098,1600,1498,0.93625,0.5,False,True,False,False,0.93625
Combined,half_per_clip,sha256,negative_area_fraction,case1_2,case1,3456,3,3453,0,0.0,0.9991319444444444,True,True,True,False,0.0
Combined,half_per_clip,sha256,negative_area_fraction,case20_7,case20,2720,940,2130,350,0.1643192488262911,0.7830882352941176,False,True,False,False,0.1643192488262911
Combined,half_per_clip,sha256,negative_area_fraction,case20_9,case20,2400,610,1940,150,0.07731958762886598,0.8083333333333333,True,True,True,False,0.07731958762886598
Combined,half_per_clip,sha256,negative_area_fraction,case24_1,case24,2400,178,2367,145,0.06125897760878749,0.98625,True,True,True,False,0.06125897760878749
Combined,half_per_clip,sha256,negative_area_fraction,case24_3,case24,2432,0,2432,0,0.0,1.0,True,True,True,False,0.0
Combined,half_per_clip,sha256,negative_area_fraction,case24_5,case24,2400,55,2374,29,0.012215669755686605,0.9891666666666666,True,True,True,False,0.012215669755686605
Combined,half_per_clip,sha256,negative_area_fraction,case25_2,case25,2176,101,2123,48,0.022609514837494113,0.9756433823529411,True,True,True,False,0.022609514837494113
Combined,half_per_clip,sha256,negative_area_fraction,case29_1,case29,3424,463,3132,171,0.05459770114942529,0.9147196261682243,True,True,True,False,0.05459770114942529
Combined,half_per_clip,sha256,negative_area_fraction,case2_3,case2,2400,0,2400,0,0.0,1.0,True,True,True,False,0.0
Combined,half_per_clip,sha256,negative_area_fraction,case2_6,case2,1584,0,1584,0,0.0,1.0,True,True,True,False,0.0
Combined,half_per_clip,sha256,negative_area_fraction,case2_9,case2,1792,0,1792,0,0.0,1.0,True,True,True,False,0.0
Combined,half_per_clip,sha256,negative_area_fraction,case31,case31,2928,58,2922,52,0.01779603011635866,0.9979508196721312,True,True,True,False,0.01779603011635866
Combined,half_per_clip,sha256,negative_area_fraction,case32_2,case32,1600,7,1600,7,0.004375,1.0,True,True,True,False,0.004375
Combined,half_per_clip,sha256,negative_area_fraction,case32_4,case32,2960,459,2684,183,0.06818181818181818,0.9067567567567567,True,True,True,False,0.06818181818181818
Combined,half_per_clip,sha256,negative_area_fraction,case32_6,case32,2736,36,2725,25,0.009174311926605505,0.9959795321637427,True,True,True,False,0.009174311926605505
Combined,half_per_clip,sha256,negative_area_fraction,case34_2,case34,1984,26,1979,21,0.010611419909044972,0.9974798387096774,True,True,True,False,0.010611419909044972
Combined,half_per_clip,sha256,negative_area_fraction,case35_2,case35,1440,0,1440,0,0.0,1.0,True,True,True,False,0.0
Combined,half_per_clip,sha256,negative_area_fraction,case35_8,case35,1856,369,1832,345,0.18831877729257643,0.9870689655172413,False,True,False,False,0.18831877729257643
Combined,half_per_clip,sha256,negative_area_fraction,case36_2,case36,2400,1799,1470,869,0.591156462585034,0.6125,False,True,False,False,0.591156462585034
Combined,half_per_clip,sha256,negative_area_fraction,case36_4,case36,2048,1964,1135,1051,0.9259911894273127,0.55419921875,False,True,False,False,0.9259911894273127
Combined,half_per_clip,sha256,negative_area_fraction,case37_2,case37,2544,213,2442,111,0.045454545454545456,0.9599056603773585,True,True,True,False,0.045454545454545456
Combined,half_per_clip,sha256,negative_area_fraction,case38_2,case38,4064,1552,3117,605,0.19409688803336542,0.7669783464566929,False,True,False,False,0.19409688803336542
Combined,half_per_clip,sha256,negative_area_fraction,case39_2,case39,4320,517,4073,270,0.06629020378099681,0.9428240740740741,True,True,True,False,0.06629020378099681
Combined,half_per_clip,sha256,negative_area_fraction,case3_1,case3,3168,314,2969,115,0.03873358033007747,0.9371843434343434,True,True,True,False,0.03873358033007747
Combined,half_per_clip,sha256,negative_area_fraction,case40,case40,2544,643,2093,192,0.09173435260391782,0.8227201257861635,True,True,True,False,0.09173435260391782
Combined,half_per_clip,sha256,negative_area_fraction,case43,case43,4160,269,3933,42,0.010678871090770405,0.9454326923076923,True,True,True,False,0.010678871090770405
Combined,half_per_clip,sha256,negative_area_fraction,case47_2,case47,2400,118,2336,54,0.023116438356164382,0.9733333333333334,True,True,True,False,0.023116438356164382
Combined,half_per_clip,sha256,negative_area_fraction,case47_4,case47,2128,0,2128,0,0.0,1.0,True,True,True,False,0.0
Combined,half_per_clip,sha256,negative_area_fraction,case48,case48,2816,649,2360,193,0.08177966101694915,0.8380681818181818,True,True,True,False,0.08177966101694915
Combined,half_per_clip,sha256,negative_area_fraction,case50_2,case50,2400,14,2397,11,0.00458906967042136,0.99875,True,True,True,False,0.00458906967042136
Combined,half_per_clip,sha256,negative_area_fraction,case50_4,case50,3792,273,3665,146,0.039836289222373804,0.9665084388185654,True,True,True,False,0.039836289222373804
Combined,half_per_clip,sha256,negative_area_fraction,case51_10,case51,3488,64,3473,49,0.014108839619925137,0.9956995412844036,True,True,True,False,0.014108839619925137
Combined,half_per_clip,sha256,negative_area_fraction,case51_3,case51,3360,302,3174,116,0.036546943919344675,0.9446428571428571,True,True,True,False,0.036546943919344675
Combined,half_per_clip,sha256,negative_area_fraction,case51_5,case51,2400,221,2248,69,0.03069395017793594,0.9366666666666666,True,True,True,False,0.03069395017793594
Combined,half_per_clip,sha256,negative_area_fraction,case51_7,case51,2144,560,1675,91,0.05432835820895522,0.78125,True,True,True,False,0.05432835820895522
Combined,half_per_clip,sha256,negative_area_fraction,case51_9,case51,2400,617,2242,459,0.2047279214986619,0.9341666666666667,False,True,False,False,0.2047279214986619
Combined,half_per_clip,sha256,negative_area_fraction,case54_1,case54,3376,1710,1962,296,0.15086646279306828,0.5811611374407583,False,True,False,False,0.15086646279306828
Combined,half_per_clip,sha256,negative_area_fraction,case56_1,case56,2400,126,2333,59,0.02528932704672096,0.9720833333333333,True,True,True,False,0.02528932704672096
Combined,half_per_clip,sha256,negative_area_fraction,case5_4,case5,2400,19,2391,10,0.004182350480970306,0.99625,True,True,True,False,0.004182350480970306
Combined,half_per_clip,sha256,negative_area_fraction,case60,case60,2336,1658,1429,751,0.5255423372988104,0.6117294520547946,False,True,False,False,0.5255423372988104
Combined,half_per_clip,sha256,negative_area_fraction,case61_3,case61,3536,203,3438,105,0.030541012216404886,0.9722850678733032,True,True,True,False,0.030541012216404886
Combined,half_per_clip,sha256,negative_area_fraction,case63_3,case63,2768,68,2735,35,0.012797074954296161,0.9880780346820809,True,True,True,False,0.012797074954296161
Combined,half_per_clip,sha256,negative_area_fraction,case66_2,case66,5168,18,5162,12,0.002324680356450988,0.9988390092879257,True,True,True,False,0.002324680356450988
Combined,half_per_clip,sha256,negative_area_fraction,case66_4,case66,3776,0,3776,0,0.0,1.0,True,True,True,False,0.0
Combined,half_per_clip,sha256,negative_area_fraction,case66_6,case66,2144,0,2144,0,0.0,1.0,True,True,True,False,0.0
Combined,half_per_clip,sha256,negative_area_fraction,case66_9,case66,3200,8,3195,3,0.0009389671361502347,0.9984375,True,True,True,False,0.0009389671361502347
Combined,half_per_clip,sha256,negative_area_fraction,case68_1,case68,2624,238,2537,151,0.05951911706740244,0.9668445121951219,True,True,True,False,0.05951911706740244
Combined,half_per_clip,sha256,negative_area_fraction,case68_3,case68,2608,584,2305,281,0.12190889370932755,0.883819018404908,True,True,True,False,0.12190889370932755
Combined,half_per_clip,sha256,negative_area_fraction,case68_5,case68,2400,109,2368,77,0.03251689189189189,0.9866666666666667,True,True,True,False,0.03251689189189189
Combined,half_per_clip,sha256,negative_area_fraction,case68_7,case68,3680,686,3257,263,0.08074915566472214,0.8850543478260869,True,True,True,False,0.08074915566472214
Combined,half_per_clip,sha256,negative_area_fraction,case6_3,case6,3360,3132,1680,1452,0.8642857142857143,0.5,False,True,False,False,0.8642857142857143
Combined,half_per_clip,sha256,negative_area_fraction,case71_1,case71,2048,647,1634,233,0.14259485924112608,0.7978515625,True,True,True,False,0.14259485924112608
Combined,half_per_clip,sha256,negative_area_fraction,case71_5,case71,3616,89,3544,17,0.004796839729119639,0.9800884955752213,True,True,True,False,0.004796839729119639
Combined,half_per_clip,sha256,negative_area_fraction,case72_3,case72,1664,0,1664,0,0.0,1.0,True,True,True,False,0.0
Combined,half_per_clip,sha256,negative_area_fraction,case74_1,case74,2512,1111,1722,321,0.18641114982578397,0.6855095541401274,False,True,False,False,0.18641114982578397
Combined,half_per_clip,sha256,negative_area_fraction,case75_1,case75,2400,343,2140,83,0.03878504672897196,0.8916666666666667,True,True,True,False,0.03878504672897196
Combined,half_per_clip,sha256,negative_area_fraction,case7_2,case7,2096,98,2031,33,0.01624815361890694,0.9689885496183206,True,True,True,False,0.01624815361890694
Combined,half_per_clip,sha256,negative_area_fraction,case80_2,case80,2400,11,2393,4,0.001671541997492687,0.9970833333333333,True,True,True,False,0.001671541997492687
Combined,half_per_clip,sha256,negative_area_fraction,case80_4,case80,2400,0,2400,0,0.0,1.0,True,True,True,False,0.0
Combined,half_per_clip,sha256,negative_area_fraction,case80_6,case80,2400,0,2400,0,0.0,1.0,True,True,True,False,0.0
Combined,half_per_clip,sha256,negative_area_fraction,case80_8,case80,2320,6,2316,2,0.0008635578583765112,0.9982758620689656,True,True,True,False,0.0008635578583765112
Combined,half_per_clip,sha256,negative_area_fraction,case81_2,case81,4384,119,4284,19,0.004435107376283847,0.9771897810218978,True,True,True,False,0.004435107376283847
Combined,half_per_clip,sha256,negative_area_fraction,case83_3,case83,2144,0,2144,0,0.0,1.0,True,True,True,False,0.0
Combined,half_per_clip,sha256,negative_area_fraction,case85_7,case85,2400,1069,1579,248,0.1570614312856238,0.6579166666666667,False,True,False,False,0.1570614312856238
Combined,half_per_clip,sha256,negative_area_fraction,case86_1,case86,2400,199,2234,33,0.01477170993733214,0.9308333333333333,True,True,True,False,0.01477170993733214
Combined,half_per_clip,sha256,negative_area_fraction,case89,case89,2384,264,2353,233,0.09902252443688908,0.986996644295302,True,True,True,False,0.09902252443688908
Combined,half_per_clip,sha256,negative_area_fraction,case8_2,case8,2256,6,2256,6,0.0026595744680851063,1.0,True,True,True,False,0.0026595744680851063
Combined,half_per_clip,sha256,negative_area_fraction,case90_1,case90,2400,42,2372,14,0.005902192242833052,0.9883333333333333,True,True,True,False,0.005902192242833052
Combined,half_per_clip,sha256,negative_area_fraction,case91_1,case91,2400,1462,1355,417,0.3077490774907749,0.5645833333333333,False,True,False,False,0.3077490774907749
Combined,half_per_clip,sha256,negative_area_fraction,case91_3,case91,2400,2218,1200,1018,0.8483333333333334,0.5,False,True,False,False,0.8483333333333334
Combined,half_per_clip,sha256,negative_area_fraction,case91_5,case91,2400,1060,1793,453,0.25264919129949803,0.7470833333333333,False,True,False,False,0.25264919129949803
Combined,half_per_clip,sha256,negative_area_fraction,case91_7,case91,3744,370,3511,137,0.03902022215892908,0.937767094017094,True,True,True,False,0.03902022215892908
Combined,half_per_clip,sha256,negative_area_fraction,case93_2,case93,3760,379,3511,130,0.037026488180005694,0.9337765957446809,True,True,True,False,0.037026488180005694
Combined,half_per_clip,sha256,negative_area_fraction,case95_1,case95,4144,999,3597,452,0.12566027244926328,0.8680019305019305,True,True,True,False,0.12566027244926328
Combined,half_per_clip,sha256,negative_area_fraction,case95_3,case95,2400,2378,1200,1178,0.9816666666666667,0.5,False,True,False,False,0.9816666666666667
Combined,half_per_clip,sha256,negative_area_fraction,case96_1,case96,1840,1220,920,300,0.32608695652173914,0.5,False,True,False,False,0.32608695652173914
Combined,half_per_clip,sha256,negative_area_fraction,case97_1,case97,2400,2125,1200,925,0.7708333333333334,0.5,False,True,False,False,0.7708333333333334
Combined,half_per_clip,sha256,negative_area_fraction,case97_3,case97,2032,837,1614,419,0.25960346964064435,0.7942913385826772,False,True,False,False,0.25960346964064435
PraNet,global,identity,confidence_deficit,case10_1,case10,1704,810,1461,567,0.38809034907597534,0.8573943661971831,False,True,False,False,0.38809034907597534
PraNet,global,identity,confidence_deficit,case11,case11,904,50,882,28,0.031746031746031744,0.9756637168141593,True,True,True,False,0.031746031746031744
PraNet,global,identity,confidence_deficit,case12_2,case12,1984,491,1712,219,0.12792056074766356,0.8629032258064516,True,True,True,False,0.12792056074766356
PraNet,global,identity,confidence_deficit,case13_1,case13,784,107,780,103,0.13205128205128205,0.9948979591836735,True,True,True,False,0.13205128205128205
PraNet,global,identity,confidence_deficit,case13_3,case13,1408,17,1405,14,0.0099644128113879,0.9978693181818182,True,True,True,False,0.0099644128113879
PraNet,global,identity,confidence_deficit,case14_2,case14,1200,1194,224,218,0.9732142857142857,0.18666666666666668,False,False,False,False,0.9732142857142857
PraNet,global,identity,confidence_deficit,case14_4,case14,1160,1121,652,613,0.9401840490797546,0.5620689655172414,False,True,False,False,0.9401840490797546
PraNet,global,identity,confidence_deficit,case14_6,case14,1600,1578,544,522,0.9595588235294118,0.34,False,False,False,False,0.9595588235294118
PraNet,global,identity,confidence_deficit,case1_2,case1,1728,3,1725,0,0.0,0.9982638888888888,True,True,True,False,0.0
PraNet,global,identity,confidence_deficit,case20_7,case20,1360,474,1166,280,0.24013722126929674,0.8573529411764705,False,True,False,False,0.24013722126929674
PraNet,global,identity,confidence_deficit,case20_9,case20,1200,300,1030,130,0.1262135922330097,0.8583333333333333,True,True,True,False,0.1262135922330097
PraNet,global,identity,confidence_deficit,case24_1,case24,1200,172,1181,153,0.12955122777307368,0.9841666666666666,True,True,True,False,0.12955122777307368
PraNet,global,identity,confidence_deficit,case24_3,case24,1216,0,1216,0,0.0,1.0,True,True,True,False,0.0
PraNet,global,identity,confidence_deficit,case24_5,case24,1200,49,1193,42,0.03520536462699078,0.9941666666666666,True,True,True,False,0.03520536462699078
PraNet,global,identity,confidence_deficit,case25_2,case25,1088,77,1073,62,0.05778191985088537,0.9862132352941176,True,True,True,False,0.05778191985088537
PraNet,global,identity,confidence_deficit,case29_1,case29,1712,260,1607,155,0.09645301804604854,0.9386682242990654,True,True,True,False,0.09645301804604854
PraNet,global,identity,confidence_deficit,case2_3,case2,1200,0,1200,0,0.0,1.0,True,True,True,False,0.0
PraNet,global,identity,confidence_deficit,case2_6,case2,792,0,792,0,0.0,1.0,True,True,True,False,0.0
PraNet,global,identity,confidence_deficit,case2_9,case2,896,0,896,0,0.0,1.0,True,True,True,False,0.0
PraNet,global,identity,confidence_deficit,case31,case31,1464,50,1462,48,0.03283173734610123,0.9986338797814208,True,True,True,False,0.03283173734610123
PraNet,global,identity,confidence_deficit,case32_2,case32,800,6,800,6,0.0075,1.0,True,True,True,False,0.0075
PraNet,global,identity,confidence_deficit,case32_4,case32,1480,280,1393,193,0.13854989231873654,0.9412162162162162,True,True,True,False,0.13854989231873654
PraNet,global,identity,confidence_deficit,case32_6,case32,1368,16,1361,9,0.006612784717119765,0.9948830409356725,True,True,True,False,0.006612784717119765
PraNet,global,identity,confidence_deficit,case34_2,case34,992,19,991,18,0.018163471241170535,0.998991935483871,True,True,True,False,0.018163471241170535
PraNet,global,identity,confidence_deficit,case35_2,case35,720,0,720,0,0.0,1.0,True,True,True,False,0.0
PraNet,global,identity,confidence_deficit,case35_8,case35,928,141,916,129,0.1408296943231441,0.9870689655172413,True,True,True,False,0.1408296943231441
PraNet,global,identity,confidence_deficit,case36_2,case36,1200,886,935,621,0.6641711229946524,0.7791666666666667,False,True,False,False,0.6641711229946524
PraNet,global,identity,confidence_deficit,case36_4,case36,1024,1002,846,824,0.9739952718676123,0.826171875,False,True,False,False,0.9739952718676123
PraNet,global,identity,confidence_deficit,case37_2,case37,1272,115,1247,90,0.07217321571772253,0.9803459119496856,True,True,True,False,0.07217321571772253
PraNet,global,identity,confidence_deficit,case38_2,case38,2032,677,1743,388,0.22260470453241538,0.8577755905511811,False,True,False,False,0.22260470453241538
PraNet,global,identity,confidence_deficit,case39_2,case39,2160,363,2063,266,0.1289384391662627,0.9550925925925926,True,True,True,False,0.1289384391662627
PraNet,global,identity,confidence_deficit,case3_1,case3,1584,219,1510,145,0.09602649006622517,0.9532828282828283,True,True,True,False,0.09602649006622517
PraNet,global,identity,confidence_deficit,case40,case40,1272,401,1056,185,0.17518939393939395,0.8301886792452831,False,True,False,False,0.17518939393939395
PraNet,global,identity,confidence_deficit,case43,case43,2080,165,1955,40,0.020460358056265986,0.9399038461538461,True,True,True,False,0.020460358056265986
PraNet,global,identity,confidence_deficit,case47_2,case47,1200,65,1173,38,0.03239556692242114,0.9775,True,True,True,False,0.03239556692242114
PraNet,global,identity,confidence_deficit,case47_4,case47,1064,0,1064,0,0.0,1.0,True,True,True,False,0.0
PraNet,global,identity,confidence_deficit,case48,case48,1408,382,1195,169,0.1414225941422594,0.8487215909090909,True,True,True,False,0.1414225941422594
PraNet,global,identity,confidence_deficit,case50_2,case50,1200,9,1200,9,0.0075,1.0,True,True,True,False,0.0075
PraNet,global,identity,confidence_deficit,case50_4,case50,1896,162,1854,120,0.06472491909385113,0.9778481012658228,True,True,True,False,0.06472491909385113
PraNet,global,identity,confidence_deficit,case51_10,case51,1744,44,1742,42,0.024110218140068886,0.9988532110091743,True,True,True,False,0.024110218140068886
PraNet,global,identity,confidence_deficit,case51_3,case51,1680,209,1599,128,0.08005003126954346,0.9517857142857142,True,True,True,False,0.08005003126954346
PraNet,global,identity,confidence_deficit,case51_5,case51,1200,115,1145,60,0.05240174672489083,0.9541666666666667,True,True,True,False,0.05240174672489083
PraNet,global,identity,confidence_deficit,case51_7,case51,1072,278,874,80,0.09153318077803203,0.8152985074626866,True,True,True,False,0.09153318077803203
PraNet,global,identity,confidence_deficit,case51_9,case51,1200,263,1171,234,0.19982920580700256,0.9758333333333333,False,True,False,False,0.19982920580700256
PraNet,global,identity,confidence_deficit,case54_1,case54,1688,865,1027,204,0.19863680623174293,0.6084123222748815,False,True,False,False,0.19863680623174293
PraNet,global,identity,confidence_deficit,case56_1,case56,1200,75,1177,52,0.044180118946474084,0.9808333333333333,True,True,True,False,0.044180118946474084
PraNet,global,identity,confidence_deficit,case5_4,case5,1200,18,1197,15,0.012531328320802004,0.9975,True,True,True,False,0.012531328320802004
PraNet,global,identity,confidence_deficit,case60,case60,1168,1043,670,545,0.8134328358208955,0.5736301369863014,False,True,False,False,0.8134328358208955
PraNet,global,identity,confidence_deficit,case61_3,case61,1768,71,1751,54,0.03083952027412907,0.9903846153846154,True,True,True,False,0.03083952027412907
PraNet,global,identity,confidence_deficit,case63_3,case63,1384,51,1371,38,0.027716994894237783,0.990606936416185,True,True,True,False,0.027716994894237783
PraNet,global,identity,confidence_deficit,case66_2,case66,2584,16,2583,15,0.005807200929152149,0.9996130030959752,True,True,True,False,0.005807200929152149
PraNet,global,identity,confidence_deficit,case66_4,case66,1888,0,1888,0,0.0,1.0,True,True,True,False,0.0
PraNet,global,identity,confidence_deficit,case66_6,case66,1072,0,1072,0,0.0,1.0,True,True,True,False,0.0
PraNet,global,identity,confidence_deficit,case66_9,case66,1600,8,1595,3,0.0018808777429467085,0.996875,True,True,True,False,0.0018808777429467085
PraNet,global,identity,confidence_deficit,case68_1,case68,1312,80,1305,73,0.055938697318007664,0.9946646341463414,True,True,True,False,0.055938697318007664
PraNet,global,identity,confidence_deficit,case68_3,case68,1304,208,1247,151,0.1210906174819567,0.9562883435582822,True,True,True,False,0.1210906174819567
PraNet,global,identity,confidence_deficit,case68_5,case68,1200,29,1200,29,0.024166666666666666,1.0,True,True,True,False,0.024166666666666666
PraNet,global,identity,confidence_deficit,case68_7,case68,1840,510,1606,276,0.1718555417185554,0.8728260869565218,False,True,False,False,0.1718555417185554
PraNet,global,identity,confidence_deficit,case6_3,case6,1680,1668,242,230,0.9504132231404959,0.14404761904761904,False,False,False,False,0.9504132231404959
PraNet,global,identity,confidence_deficit,case71_1,case71,1024,418,824,218,0.2645631067961165,0.8046875,False,True,False,False,0.2645631067961165
PraNet,global,identity,confidence_deficit,case71_5,case71,1808,56,1773,21,0.011844331641285956,0.980641592920354,True,True,True,False,0.011844331641285956
PraNet,global,identity,confidence_deficit,case72_3,case72,832,0,832,0,0.0,1.0,True,True,True,False,0.0
PraNet,global,identity,confidence_deficit,case74_1,case74,1256,617,859,220,0.2561117578579744,0.6839171974522293,False,True,False,False,0.2561117578579744
PraNet,global,identity,confidence_deficit,case75_1,case75,1200,256,1033,89,0.08615682478218781,0.8608333333333333,True,True,True,False,0.08615682478218781
PraNet,global,identity,confidence_deficit,case7_2,case7,1048,58,1021,31,0.030362389813907934,0.9742366412213741,True,True,True,False,0.030362389813907934
PraNet,global,identity,confidence_deficit,case80_2,case80,1200,11,1195,6,0.00502092050209205,0.9958333333333333,True,True,True,False,0.00502092050209205
PraNet,global,identity,confidence_deficit,case80_4,case80,1200,0,1200,0,0.0,1.0,True,True,True,False,0.0
PraNet,global,identity,confidence_deficit,case80_6,case80,1200,0,1200,0,0.0,1.0,True,True,True,False,0.0
PraNet,global,identity,confidence_deficit,case80_8,case80,1160,6,1157,3,0.0025929127052722557,0.9974137931034482,True,True,True,False,0.0025929127052722557
PraNet,global,identity,confidence_deficit,case81_2,case81,2192,62,2147,17,0.007918025151374011,0.979470802919708,True,True,True,False,0.007918025151374011
PraNet,global,identity,confidence_deficit,case83_3,case83,1072,0,1072,0,0.0,1.0,True,True,True,False,0.0
PraNet,global,identity,confidence_deficit,case85_7,case85,1200,547,926,273,0.29481641468682507,0.7716666666666666,False,True,False,False,0.29481641468682507
PraNet,global,identity,confidence_deficit,case86_1,case86,1200,170,1068,38,0.035580524344569285,0.89,True,True,True,False,0.035580524344569285
PraNet,global,identity,confidence_deficit,case89,case89,1192,112,1183,103,0.08706677937447169,0.9924496644295302,True,True,True,False,0.08706677937447169
PraNet,global,identity,confidence_deficit,case8_2,case8,1128,0,1128,0,0.0,1.0,True,True,True,False,0.0
PraNet,global,identity,confidence_deficit,case90_1,case90,1200,42,1178,20,0.01697792869269949,0.9816666666666667,True,True,True,False,0.01697792869269949
PraNet,global,identity,confidence_deficit,case91_1,case91,1200,831,685,316,0.46131386861313867,0.5708333333333333,False,True,False,False,0.46131386861313867
PraNet,global,identity,confidence_deficit,case91_3,case91,1200,1148,424,372,0.8773584905660378,0.35333333333333333,False,False,False,False,0.8773584905660378
PraNet,global,identity,confidence_deficit,case91_5,case91,1200,401,1117,318,0.2846911369740376,0.9308333333333333,False,True,False,False,0.2846911369740376
PraNet,global,identity,confidence_deficit,case91_7,case91,1872,216,1811,155,0.08558807288790723,0.9674145299145299,True,True,True,False,0.08558807288790723
PraNet,global,identity,confidence_deficit,case93_2,case93,1880,196,1763,79,0.04480998298355077,0.9377659574468085,True,True,True,False,0.04480998298355077
PraNet,global,identity,confidence_deficit,case95_1,case95,2072,607,1817,352,0.19372592184920198,0.8769305019305019,False,True,False,False,0.19372592184920198
PraNet,global,identity,confidence_deficit,case95_3,case95,1200,1200,44,44,1.0,0.03666666666666667,False,False,False,False,1.0
PraNet,global,identity,confidence_deficit,case96_1,case96,920,629,462,171,0.37012987012987014,0.5021739130434782,False,True,False,False,0.37012987012987014
PraNet,global,identity,confidence_deficit,case97_1,case97,1200,1050,525,375,0.7142857142857143,0.4375,False,False,False,False,0.7142857142857143
PraNet,global,identity,confidence_deficit,case97_3,case97,1016,454,814,252,0.3095823095823096,0.8011811023622047,False,True,False,False,0.3095823095823096
PraNet,global,identity,entropy,case10_1,case10,1704,810,1436,744,0.5181058495821727,0.8427230046948356,False,True,False,False,0.3774373259052925
PraNet,global,identity,entropy,case11,case11,904,50,899,46,0.05116796440489433,0.9944690265486725,True,True,True,False,0.05005561735261402
PraNet,global,identity,entropy,case12_2,case12,1984,491,1981,489,0.2468450277637557,0.9984879032258065,False,True,False,False,0.24634023220595658
PraNet,global,identity,entropy,case13_1,case13,784,107,534,80,0.149812734082397,0.6811224489795918,True,True,True,False,0.0
PraNet,global,identity,entropy,case13_3,case13,1408,17,1381,9,0.0065170166545981175,0.9808238636363636,True,True,True,False,0.0
PraNet,global,identity,entropy,case14_2,case14,1200,1194,1182,1182,1.0,0.985,False,True,False,False,0.9949238578680203
PraNet,global,identity,entropy,case14_4,case14,1160,1121,1004,999,0.9950199203187251,0.8655172413793103,False,True,False,False,0.9611553784860558
PraNet,global,identity,entropy,case14_6,case14,1600,1578,1504,1502,0.9986702127659575,0.94,False,True,False,False,0.9853723404255319
PraNet,global,identity,entropy,case1_2,case1,1728,3,1726,3,0.0017381228273464658,0.9988425925925926,True,True,True,False,0.0005793742757821553
PraNet,global,identity,entropy,case20_7,case20,1360,474,1260,450,0.35714285714285715,0.9264705882352942,False,True,False,False,0.2968253968253968
PraNet,global,identity,entropy,case20_9,case20,1200,300,1187,294,0.2476832350463353,0.9891666666666666,False,True,False,False,0.2417860151642797
PraNet,global,identity,entropy,case24_1,case24,1200,172,820,151,0.18414634146341463,0.6833333333333333,False,True,False,False,0.0
PraNet,global,identity,entropy,case24_3,case24,1216,0,1216,0,0.0,1.0,True,True,True,False,0.0
PraNet,global,identity,entropy,case24_5,case24,1200,49,1045,38,0.03636363636363636,0.8708333333333333,True,True,True,False,0.0
PraNet,global,identity,entropy,case25_2,case25,1088,77,1026,55,0.05360623781676413,0.9430147058823529,True,True,True,False,0.014619883040935672
PraNet,global,identity,entropy,case29_1,case29,1712,260,1482,206,0.13900134952766532,0.8656542056074766,True,True,True,False,0.020242914979757085
PraNet,global,identity,entropy,case2_3,case2,1200,0,1170,0,0.0,0.975,True,True,True,False,0.0
PraNet,global,identity,entropy,case2_6,case2,792,0,780,0,0.0,0.9848484848484849,True,True,True,False,0.0
PraNet,global,identity,entropy,case2_9,case2,896,0,855,0,0.0,0.9542410714285714,True,True,True,False,0.0
PraNet,global,identity,entropy,case31,case31,1464,50,1234,32,0.02593192868719611,0.842896174863388,True,True,True,False,0.0
PraNet,global,identity,entropy,case32_2,case32,800,6,572,1,0.0017482517482517483,0.715,True,True,True,False,0.0
PraNet,global,identity,entropy,case32_4,case32,1480,280,861,218,0.25319396051103366,0.5817567567567568,False,True,False,False,0.0
PraNet,global,identity,entropy,case32_6,case32,1368,16,1043,13,0.012464046021093002,0.7624269005847953,True,True,True,False,0.0
PraNet,global,identity,entropy,case34_2,case34,992,19,906,16,0.017660044150110375,0.9133064516129032,True,True,True,False,0.0
PraNet,global,identity,entropy,case35_2,case35,720,0,374,0,0.0,0.5194444444444445,True,True,True,False,0.0
PraNet,global,identity,entropy,case35_8,case35,928,141,86,37,0.43023255813953487,0.09267241379310345,False,False,False,False,0.0
PraNet,global,identity,entropy,case36_2,case36,1200,886,1120,873,0.7794642857142857,0.9333333333333333,False,True,False,False,0.7196428571428571
PraNet,global,identity,entropy,case36_4,case36,1024,1002,1021,999,0.9784524975514202,0.9970703125,False,True,False,False,0.9784524975514202
PraNet,global,identity,entropy,case37_2,case37,1272,115,692,97,0.14017341040462428,0.5440251572327044,True,True,True,False,0.0
PraNet,global,identity,entropy,case38_2,case38,2032,677,1980,645,0.32575757575757575,0.9744094488188977,False,True,False,False,0.31565656565656564
PraNet,global,identity,entropy,case39_2,case39,2160,363,1696,298,0.17570754716981132,0.7851851851851852,False,True,False,False,0.0
PraNet,global,identity,entropy,case3_1,case3,1584,219,1546,207,0.13389391979301424,0.976010101010101,True,True,True,False,0.11707632600258733
PraNet,global,identity,entropy,case40,case40,1272,401,1267,397,0.31333859510655093,0.9960691823899371,False,True,False,False,0.31254932912391475
PraNet,global,identity,entropy,case43,case43,2080,165,2030,164,0.08078817733990148,0.9759615384615384,True,True,True,False,0.05665024630541872
PraNet,global,identity,entropy,case47_2,case47,1200,65,1086,60,0.055248618784530384,0.905,True,True,True,False,0.0
PraNet,global,identity,entropy,case47_4,case47,1064,0,1064,0,0.0,1.0,True,True,True,False,0.0
PraNet,global,identity,entropy,case48,case48,1408,382,1317,364,0.27638572513287774,0.9353693181818182,False,True,False,False,0.22095671981776766
PraNet,global,identity,entropy,case50_2,case50,1200,9,904,7,0.007743362831858407,0.7533333333333333,True,True,True,False,0.0
PraNet,global,identity,entropy,case50_4,case50,1896,162,1365,120,0.08791208791208792,0.7199367088607594,True,True,True,False,0.0
PraNet,global,identity,entropy,case51_10,case51,1744,44,1139,31,0.027216856892010536,0.6530963302752294,True,True,True,False,0.0
PraNet,global,identity,entropy,case51_3,case51,1680,209,1565,200,0.12779552715654952,0.9315476190476191,True,True,True,False,0.060063897763578275
PraNet,global,identity,entropy,case51_5,case51,1200,115,1182,113,0.09560067681895093,0.985,True,True,True,False,0.08206429780033841
PraNet,global,identity,entropy,case51_7,case51,1072,278,1050,274,0.26095238095238094,0.9794776119402985,False,True,False,False,0.2438095238095238
PraNet,global,identity,entropy,case51_9,case51,1200,263,839,98,0.11680572109654351,0.6991666666666667,True,True,True,False,0.0
PraNet,global,identity,entropy,case54_1,case54,1688,865,1573,841,0.5346471710108074,0.931872037914692,False,True,False,False,0.47679593134138587
PraNet,global,identity,entropy,case56_1,case56,1200,75,1176,66,0.05612244897959184,0.98,True,True,True,False,0.04336734693877551
PraNet,global,identity,entropy,case5_4,case5,1200,18,1197,18,0.015037593984962405,0.9975,True,True,True,False,0.012531328320802004
PraNet,global,identity,entropy,case60,case60,1168,1043,1035,994,0.9603864734299516,0.8861301369863014,False,True,False,False,0.8792270531400966
PraNet,global,identity,entropy,case61_3,case61,1768,71,1738,71,0.040851553509781355,0.9830316742081447,True,True,True,False,0.023590333716915997
PraNet,global,identity,entropy,case63_3,case63,1384,51,1364,49,0.03592375366568915,0.9855491329479769,True,True,True,False,0.022727272727272728
PraNet,global,identity,entropy,case66_2,case66,2584,16,2568,9,0.0035046728971962616,0.9938080495356038,True,True,True,False,0.0
PraNet,global,identity,entropy,case66_4,case66,1888,0,1881,0,0.0,0.996292372881356,True,True,True,False,0.0
PraNet,global,identity,entropy,case66_6,case66,1072,0,1072,0,0.0,1.0,True,True,True,False,0.0
PraNet,global,identity,entropy,case66_9,case66,1600,8,1595,8,0.005015673981191223,0.996875,True,True,True,False,0.0018808777429467085
PraNet,global,identity,entropy,case68_1,case68,1312,80,381,28,0.07349081364829396,0.29039634146341464,True,False,False,False,0.0
PraNet,global,identity,entropy,case68_3,case68,1304,208,211,118,0.5592417061611374,0.16180981595092025,False,False,False,False,0.0
PraNet,global,identity,entropy,case68_5,case68,1200,29,446,6,0.013452914798206279,0.37166666666666665,True,False,False,False,0.0
PraNet,global,identity,entropy,case68_7,case68,1840,510,1131,458,0.40495137046861185,0.6146739130434783,False,True,False,False,0.0
PraNet,global,identity,entropy,case6_3,case6,1680,1668,1651,1645,0.9963658388855239,0.9827380952380952,False,True,False,False,0.9927316777710479
PraNet,global,identity,entropy,case71_1,case71,1024,418,833,364,0.4369747899159664,0.8134765625,False,True,False,False,0.2725090036014406
PraNet,global,identity,entropy,case71_5,case71,1808,56,1806,56,0.031007751937984496,0.9988938053097345,True,True,True,False,0.029900332225913623
PraNet,global,identity,entropy,case72_3,case72,832,0,832,0,0.0,1.0,True,True,True,False,0.0
PraNet,global,identity,entropy,case74_1,case74,1256,617,1159,604,0.5211389128559103,0.9227707006369427,False,True,False,False,0.4486626402070751
PraNet,global,identity,entropy,case75_1,case75,1200,256,1181,240,0.20321761219305673,0.9841666666666666,False,True,False,False,0.20067739204064353
PraNet,global,identity,entropy,case7_2,case7,1048,58,1031,57,0.055286129970902036,0.9837786259541985,True,True,True,False,0.03976721629485936
PraNet,global,identity,entropy,case80_2,case80,1200,11,1189,8,0.00672834314550042,0.9908333333333333,True,True,True,False,0.0
PraNet,global,identity,entropy,case80_4,case80,1200,0,1198,0,0.0,0.9983333333333333,True,True,True,False,0.0
PraNet,global,identity,entropy,case80_6,case80,1200,0,1188,0,0.0,0.99,True,True,True,False,0.0
PraNet,global,identity,entropy,case80_8,case80,1160,6,1160,6,0.005172413793103448,1.0,True,True,True,False,0.005172413793103448
PraNet,global,identity,entropy,case81_2,case81,2192,62,2182,62,0.02841429880843263,0.9954379562043796,True,True,True,False,0.02383134738771769
PraNet,global,identity,entropy,case83_3,case83,1072,0,1072,0,0.0,1.0,True,True,True,False,0.0
PraNet,global,identity,entropy,case85_7,case85,1200,547,957,527,0.5506792058516197,0.7975,False,True,False,False,0.3176593521421108
PraNet,global,identity,entropy,case86_1,case86,1200,170,1189,166,0.13961312026913372,0.9908333333333333,True,True,True,False,0.13372582001682085
PraNet,global,identity,entropy,case89,case89,1192,112,1074,103,0.09590316573556797,0.9010067114093959,True,True,True,False,0.0
PraNet,global,identity,entropy,case8_2,case8,1128,0,1060,0,0.0,0.9397163120567376,True,True,True,False,0.0
PraNet,global,identity,entropy,case90_1,case90,1200,42,1112,31,0.02787769784172662,0.9266666666666666,True,True,True,False,0.0
PraNet,global,identity,entropy,case91_1,case91,1200,831,1148,812,0.7073170731707317,0.9566666666666667,False,True,False,False,0.6785714285714286
PraNet,global,identity,entropy,case91_3,case91,1200,1148,1164,1112,0.9553264604810997,0.97,False,True,False,False,0.9553264604810997
PraNet,global,identity,entropy,case91_5,case91,1200,401,769,237,0.3081924577373212,0.6408333333333334,False,True,False,False,0.0
PraNet,global,identity,entropy,case91_7,case91,1872,216,1818,196,0.1078107810781078,0.9711538461538461,True,True,True,False,0.0891089108910891
PraNet,global,identity,entropy,case93_2,case93,1880,196,1739,184,0.10580793559516964,0.925,True,True,True,False,0.03162737205290397
PraNet,global,identity,entropy,case95_1,case95,2072,607,1793,506,0.2822085889570552,0.8653474903474904,False,True,False,False,0.18293363078639152
PraNet,global,identity,entropy,case95_3,case95,1200,1200,1200,1200,1.0,1.0,False,True,False,False,1.0
PraNet,global,identity,entropy,case96_1,case96,920,629,898,620,0.6904231625835189,0.9760869565217392,False,True,False,False,0.6759465478841871
PraNet,global,identity,entropy,case97_1,case97,1200,1050,972,967,0.9948559670781894,0.81,False,True,False,False,0.845679012345679
PraNet,global,identity,entropy,case97_3,case97,1016,454,773,413,0.5342820181112549,0.7608267716535433,False,True,False,False,0.2729624838292367
PraNet,global,identity,negative_area_fraction,case10_1,case10,1704,810,1704,810,0.4753521126760563,1.0,False,True,False,False,0.4753521126760563
PraNet,global,identity,negative_area_fraction,case11,case11,904,50,904,50,0.05530973451327434,1.0,True,True,True,False,0.05530973451327434
PraNet,global,identity,negative_area_fraction,case12_2,case12,1984,491,1984,491,0.2474798387096774,1.0,False,True,False,False,0.2474798387096774
PraNet,global,identity,negative_area_fraction,case13_1,case13,784,107,784,107,0.1364795918367347,1.0,True,True,True,False,0.1364795918367347
PraNet,global,identity,negative_area_fraction,case13_3,case13,1408,17,1408,17,0.012073863636363636,1.0,True,True,True,False,0.012073863636363636
PraNet,global,identity,negative_area_fraction,case14_2,case14,1200,1194,1200,1194,0.995,1.0,False,True,False,False,0.995
PraNet,global,identity,negative_area_fraction,case14_4,case14,1160,1121,1160,1121,0.9663793103448276,1.0,False,True,False,False,0.9663793103448276
PraNet,global,identity,negative_area_fraction,case14_6,case14,1600,1578,1600,1578,0.98625,1.0,False,True,False,False,0.98625
PraNet,global,identity,negative_area_fraction,case1_2,case1,1728,3,1728,3,0.001736111111111111,1.0,True,True,True,False,0.001736111111111111
PraNet,global,identity,negative_area_fraction,case20_7,case20,1360,474,1360,474,0.34852941176470587,1.0,False,True,False,False,0.34852941176470587
PraNet,global,identity,negative_area_fraction,case20_9,case20,1200,300,1200,300,0.25,1.0,False,True,False,False,0.25
PraNet,global,identity,negative_area_fraction,case24_1,case24,1200,172,1200,172,0.14333333333333334,1.0,True,True,True,False,0.14333333333333334
PraNet,global,identity,negative_area_fraction,case24_3,case24,1216,0,1216,0,0.0,1.0,True,True,True,False,0.0
PraNet,global,identity,negative_area_fraction,case24_5,case24,1200,49,1200,49,0.04083333333333333,1.0,True,True,True,False,0.04083333333333333
PraNet,global,identity,negative_area_fraction,case25_2,case25,1088,77,1088,77,0.07077205882352941,1.0,True,True,True,False,0.07077205882352941
PraNet,global,identity,negative_area_fraction,case29_1,case29,1712,260,1712,260,0.15186915887850466,1.0,False,True,False,False,0.15186915887850466
PraNet,global,identity,negative_area_fraction,case2_3,case2,1200,0,1200,0,0.0,1.0,True,True,True,False,0.0
PraNet,global,identity,negative_area_fraction,case2_6,case2,792,0,792,0,0.0,1.0,True,True,True,False,0.0
PraNet,global,identity,negative_area_fraction,case2_9,case2,896,0,896,0,0.0,1.0,True,True,True,False,0.0
PraNet,global,identity,negative_area_fraction,case31,case31,1464,50,1464,50,0.03415300546448088,1.0,True,True,True,False,0.03415300546448088
PraNet,global,identity,negative_area_fraction,case32_2,case32,800,6,800,6,0.0075,1.0,True,True,True,False,0.0075
PraNet,global,identity,negative_area_fraction,case32_4,case32,1480,280,1480,280,0.1891891891891892,1.0,False,True,False,False,0.1891891891891892
PraNet,global,identity,negative_area_fraction,case32_6,case32,1368,16,1368,16,0.011695906432748537,1.0,True,True,True,False,0.011695906432748537
PraNet,global,identity,negative_area_fraction,case34_2,case34,992,19,992,19,0.019153225806451613,1.0,True,True,True,False,0.019153225806451613
PraNet,global,identity,negative_area_fraction,case35_2,case35,720,0,720,0,0.0,1.0,True,True,True,False,0.0
PraNet,global,identity,negative_area_fraction,case35_8,case35,928,141,928,141,0.15193965517241378,1.0,False,True,False,False,0.15193965517241378
PraNet,global,identity,negative_area_fraction,case36_2,case36,1200,886,1200,886,0.7383333333333333,1.0,False,True,False,False,0.7383333333333333
PraNet,global,identity,negative_area_fraction,case36_4,case36,1024,1002,655,633,0.966412213740458,0.6396484375,False,True,False,False,0.966412213740458
PraNet,global,identity,negative_area_fraction,case37_2,case37,1272,115,1215,58,0.047736625514403296,0.9551886792452831,True,True,True,False,0.047736625514403296
PraNet,global,identity,negative_area_fraction,case38_2,case38,2032,677,1510,155,0.10264900662251655,0.7431102362204725,True,True,True,False,0.10264900662251655
PraNet,global,identity,negative_area_fraction,case39_2,case39,2160,363,1950,153,0.07846153846153846,0.9027777777777778,True,True,True,False,0.07846153846153846
PraNet,global,identity,negative_area_fraction,case3_1,case3,1584,219,1432,67,0.0467877094972067,0.9040404040404041,True,True,True,False,0.0467877094972067
PraNet,global,identity,negative_area_fraction,case40,case40,1272,401,938,67,0.07142857142857142,0.7374213836477987,True,True,True,False,0.07142857142857142
PraNet,global,identity,negative_area_fraction,case43,case43,2080,165,1925,10,0.005194805194805195,0.9254807692307693,True,True,True,False,0.005194805194805195
PraNet,global,identity,negative_area_fraction,case47_2,case47,1200,65,1155,20,0.017316017316017316,0.9625,True,True,True,False,0.017316017316017316
PraNet,global,identity,negative_area_fraction,case47_4,case47,1064,0,1064,0,0.0,1.0,True,True,True,False,0.0
PraNet,global,identity,negative_area_fraction,case48,case48,1408,382,1084,58,0.05350553505535055,0.7698863636363636,True,True,True,False,0.05350553505535055
PraNet,global,identity,negative_area_fraction,case50_2,case50,1200,9,1198,7,0.005843071786310518,0.9983333333333333,True,True,True,False,0.005843071786310518
PraNet,global,identity,negative_area_fraction,case50_4,case50,1896,162,1822,88,0.048298572996706916,0.9609704641350211,True,True,True,False,0.048298572996706916
PraNet,global,identity,negative_area_fraction,case51_10,case51,1744,44,1731,31,0.017908723281340265,0.992545871559633,True,True,True,False,0.017908723281340265
PraNet,global,identity,negative_area_fraction,case51_3,case51,1680,209,1532,61,0.03981723237597911,0.9119047619047619,True,True,True,False,0.03981723237597911
PraNet,global,identity,negative_area_fraction,case51_5,case51,1200,115,1113,28,0.025157232704402517,0.9275,True,True,True,False,0.025157232704402517
PraNet,global,identity,negative_area_fraction,case51_7,case51,1072,278,823,29,0.03523693803159174,0.7677238805970149,True,True,True,False,0.03523693803159174
PraNet,global,identity,negative_area_fraction,case51_9,case51,1200,263,1131,194,0.17152961980548187,0.9425,False,True,False,False,0.17152961980548187
PraNet,global,identity,negative_area_fraction,case54_1,case54,1688,865,900,77,0.08555555555555555,0.533175355450237,True,True,True,False,0.08555555555555555
PraNet,global,identity,negative_area_fraction,case56_1,case56,1200,75,1150,25,0.021739130434782608,0.9583333333333334,True,True,True,False,0.021739130434782608
PraNet,global,identity,negative_area_fraction,case5_4,case5,1200,18,1191,9,0.007556675062972292,0.9925,True,True,True,False,0.007556675062972292
PraNet,global,identity,negative_area_fraction,case60,case60,1168,1043,423,298,0.7044917257683215,0.3621575342465753,False,False,False,False,0.7044917257683215
PraNet,global,identity,negative_area_fraction,case61_3,case61,1768,71,1720,23,0.013372093023255814,0.9728506787330317,True,True,True,False,0.013372093023255814
PraNet,global,identity,negative_area_fraction,case63_3,case63,1384,51,1350,17,0.012592592592592593,0.9754335260115607,True,True,True,False,0.012592592592592593
PraNet,global,identity,negative_area_fraction,case66_2,case66,2584,16,2578,10,0.003878975950349108,0.9976780185758514,True,True,True,False,0.003878975950349108
PraNet,global,identity,negative_area_fraction,case66_4,case66,1888,0,1888,0,0.0,1.0,True,True,True,False,0.0
PraNet,global,identity,negative_area_fraction,case66_6,case66,1072,0,1072,0,0.0,1.0,True,True,True,False,0.0
PraNet,global,identity,negative_area_fraction,case66_9,case66,1600,8,1594,2,0.0012547051442910915,0.99625,True,True,True,False,0.0012547051442910915
PraNet,global,identity,negative_area_fraction,case68_1,case68,1312,80,1289,57,0.04422032583397983,0.9824695121951219,True,True,True,False,0.04422032583397983
PraNet,global,identity,negative_area_fraction,case68_3,case68,1304,208,1187,91,0.07666385846672283,0.9102760736196319,True,True,True,False,0.07666385846672283
PraNet,global,identity,negative_area_fraction,case68_5,case68,1200,29,1193,22,0.018440905280804692,0.9941666666666666,True,True,True,False,0.018440905280804692
PraNet,global,identity,negative_area_fraction,case68_7,case68,1840,510,1465,135,0.09215017064846416,0.7961956521739131,True,True,True,False,0.09215017064846416
PraNet,global,identity,negative_area_fraction,case6_3,case6,1680,1668,79,67,0.8481012658227848,0.04702380952380952,False,False,False,False,0.8481012658227848
PraNet,global,identity,negative_area_fraction,case71_1,case71,1024,418,716,110,0.15363128491620112,0.69921875,False,True,False,False,0.15363128491620112
PraNet,global,identity,negative_area_fraction,case71_5,case71,1808,56,1758,6,0.0034129692832764505,0.9723451327433629,True,True,True,False,0.0034129692832764505
PraNet,global,identity,negative_area_fraction,case72_3,case72,832,0,832,0,0.0,1.0,True,True,True,False,0.0
PraNet,global,identity,negative_area_fraction,case74_1,case74,1256,617,725,86,0.11862068965517242,0.5772292993630573,True,True,True,False,0.11862068965517242
PraNet,global,identity,negative_area_fraction,case75_1,case75,1200,256,974,30,0.030800821355236138,0.8116666666666666,True,True,True,False,0.030800821355236138
PraNet,global,identity,negative_area_fraction,case7_2,case7,1048,58,998,8,0.008016032064128256,0.9522900763358778,True,True,True,False,0.008016032064128256
PraNet,global,identity,negative_area_fraction,case80_2,case80,1200,11,1193,4,0.003352891869237217,0.9941666666666666,True,True,True,False,0.003352891869237217
PraNet,global,identity,negative_area_fraction,case80_4,case80,1200,0,1200,0,0.0,1.0,True,True,True,False,0.0
PraNet,global,identity,negative_area_fraction,case80_6,case80,1200,0,1200,0,0.0,1.0,True,True,True,False,0.0
PraNet,global,identity,negative_area_fraction,case80_8,case80,1160,6,1156,2,0.0017301038062283738,0.996551724137931,True,True,True,False,0.0017301038062283738
PraNet,global,identity,negative_area_fraction,case81_2,case81,2192,62,2134,4,0.0018744142455482662,0.9735401459854015,True,True,True,False,0.0018744142455482662
PraNet,global,identity,negative_area_fraction,case83_3,case83,1072,0,1072,0,0.0,1.0,True,True,True,False,0.0
PraNet,global,identity,negative_area_fraction,case85_7,case85,1200,547,750,97,0.12933333333333333,0.625,True,True,True,False,0.12933333333333333
PraNet,global,identity,negative_area_fraction,case86_1,case86,1200,170,1041,11,0.010566762728146013,0.8675,True,True,True,False,0.010566762728146013
PraNet,global,identity,negative_area_fraction,case89,case89,1192,112,1170,90,0.07692307692307693,0.9815436241610739,True,True,True,False,0.07692307692307693
PraNet,global,identity,negative_area_fraction,case8_2,case8,1128,0,1128,0,0.0,1.0,True,True,True,False,0.0
PraNet,global,identity,negative_area_fraction,case90_1,case90,1200,42,1170,12,0.010256410256410256,0.975,True,True,True,False,0.010256410256410256
PraNet,global,identity,negative_area_fraction,case91_1,case91,1200,831,462,93,0.2012987012987013,0.385,False,False,False,False,0.2012987012987013
PraNet,global,identity,negative_area_fraction,case91_3,case91,1200,1148,136,84,0.6176470588235294,0.11333333333333333,False,False,False,False,0.6176470588235294
PraNet,global,identity,negative_area_fraction,case91_5,case91,1200,401,1005,206,0.20497512437810944,0.8375,False,True,False,False,0.20497512437810944
PraNet,global,identity,negative_area_fraction,case91_7,case91,1872,216,1709,53,0.0310122878876536,0.9129273504273504,True,True,True,False,0.0310122878876536
PraNet,global,identity,negative_area_fraction,case93_2,case93,1880,196,1720,36,0.020930232558139535,0.9148936170212766,True,True,True,False,0.020930232558139535
PraNet,global,identity,negative_area_fraction,case95_1,case95,2072,607,1644,179,0.10888077858880779,0.7934362934362934,True,True,True,False,0.10888077858880779
PraNet,global,identity,negative_area_fraction,case95_3,case95,1200,1200,9,9,1.0,0.0075,False,False,False,False,1.0
PraNet,global,identity,negative_area_fraction,case96_1,case96,920,629,362,71,0.19613259668508287,0.3934782608695652,False,False,False,False,0.19613259668508287
PraNet,global,identity,negative_area_fraction,case97_1,case97,1200,1050,322,172,0.5341614906832298,0.2683333333333333,False,False,False,False,0.5341614906832298
PraNet,global,identity,negative_area_fraction,case97_3,case97,1016,454,712,150,0.21067415730337077,0.7007874015748031,False,True,False,False,0.21067415730337077
PraNet,global,sha256,confidence_deficit,case10_1,case10,1704,810,1461,567,0.38809034907597534,0.8573943661971831,False,True,False,False,0.38809034907597534
PraNet,global,sha256,confidence_deficit,case11,case11,904,50,882,28,0.031746031746031744,0.9756637168141593,True,True,True,False,0.031746031746031744
PraNet,global,sha256,confidence_deficit,case12_2,case12,1984,491,1712,219,0.12792056074766356,0.8629032258064516,True,True,True,False,0.12792056074766356
PraNet,global,sha256,confidence_deficit,case13_1,case13,784,107,780,103,0.13205128205128205,0.9948979591836735,True,True,True,False,0.13205128205128205
PraNet,global,sha256,confidence_deficit,case13_3,case13,1408,17,1405,14,0.0099644128113879,0.9978693181818182,True,True,True,False,0.0099644128113879
PraNet,global,sha256,confidence_deficit,case14_2,case14,1200,1194,224,218,0.9732142857142857,0.18666666666666668,False,False,False,False,0.9732142857142857
PraNet,global,sha256,confidence_deficit,case14_4,case14,1160,1121,652,613,0.9401840490797546,0.5620689655172414,False,True,False,False,0.9401840490797546
PraNet,global,sha256,confidence_deficit,case14_6,case14,1600,1578,544,522,0.9595588235294118,0.34,False,False,False,False,0.9595588235294118
PraNet,global,sha256,confidence_deficit,case1_2,case1,1728,3,1725,0,0.0,0.9982638888888888,True,True,True,False,0.0
PraNet,global,sha256,confidence_deficit,case20_7,case20,1360,474,1166,280,0.24013722126929674,0.8573529411764705,False,True,False,False,0.24013722126929674
PraNet,global,sha256,confidence_deficit,case20_9,case20,1200,300,1030,130,0.1262135922330097,0.8583333333333333,True,True,True,False,0.1262135922330097
PraNet,global,sha256,confidence_deficit,case24_1,case24,1200,172,1181,153,0.12955122777307368,0.9841666666666666,True,True,True,False,0.12955122777307368
PraNet,global,sha256,confidence_deficit,case24_3,case24,1216,0,1216,0,0.0,1.0,True,True,True,False,0.0
PraNet,global,sha256,confidence_deficit,case24_5,case24,1200,49,1193,42,0.03520536462699078,0.9941666666666666,True,True,True,False,0.03520536462699078
PraNet,global,sha256,confidence_deficit,case25_2,case25,1088,77,1073,62,0.05778191985088537,0.9862132352941176,True,True,True,False,0.05778191985088537
PraNet,global,sha256,confidence_deficit,case29_1,case29,1712,260,1607,155,0.09645301804604854,0.9386682242990654,True,True,True,False,0.09645301804604854
PraNet,global,sha256,confidence_deficit,case2_3,case2,1200,0,1200,0,0.0,1.0,True,True,True,False,0.0
PraNet,global,sha256,confidence_deficit,case2_6,case2,792,0,792,0,0.0,1.0,True,True,True,False,0.0
PraNet,global,sha256,confidence_deficit,case2_9,case2,896,0,896,0,0.0,1.0,True,True,True,False,0.0
PraNet,global,sha256,confidence_deficit,case31,case31,1464,50,1462,48,0.03283173734610123,0.9986338797814208,True,True,True,False,0.03283173734610123
PraNet,global,sha256,confidence_deficit,case32_2,case32,800,6,800,6,0.0075,1.0,True,True,True,False,0.0075
PraNet,global,sha256,confidence_deficit,case32_4,case32,1480,280,1393,193,0.13854989231873654,0.9412162162162162,True,True,True,False,0.13854989231873654
PraNet,global,sha256,confidence_deficit,case32_6,case32,1368,16,1361,9,0.006612784717119765,0.9948830409356725,True,True,True,False,0.006612784717119765
PraNet,global,sha256,confidence_deficit,case34_2,case34,992,19,991,18,0.018163471241170535,0.998991935483871,True,True,True,False,0.018163471241170535
PraNet,global,sha256,confidence_deficit,case35_2,case35,720,0,720,0,0.0,1.0,True,True,True,False,0.0
PraNet,global,sha256,confidence_deficit,case35_8,case35,928,141,916,129,0.1408296943231441,0.9870689655172413,True,True,True,False,0.1408296943231441
PraNet,global,sha256,confidence_deficit,case36_2,case36,1200,886,935,621,0.6641711229946524,0.7791666666666667,False,True,False,False,0.6641711229946524
PraNet,global,sha256,confidence_deficit,case36_4,case36,1024,1002,846,824,0.9739952718676123,0.826171875,False,True,False,False,0.9739952718676123
PraNet,global,sha256,confidence_deficit,case37_2,case37,1272,115,1247,90,0.07217321571772253,0.9803459119496856,True,True,True,False,0.07217321571772253
PraNet,global,sha256,confidence_deficit,case38_2,case38,2032,677,1743,388,0.22260470453241538,0.8577755905511811,False,True,False,False,0.22260470453241538
PraNet,global,sha256,confidence_deficit,case39_2,case39,2160,363,2063,266,0.1289384391662627,0.9550925925925926,True,True,True,False,0.1289384391662627
PraNet,global,sha256,confidence_deficit,case3_1,case3,1584,219,1510,145,0.09602649006622517,0.9532828282828283,True,True,True,False,0.09602649006622517
PraNet,global,sha256,confidence_deficit,case40,case40,1272,401,1056,185,0.17518939393939395,0.8301886792452831,False,True,False,False,0.17518939393939395
PraNet,global,sha256,confidence_deficit,case43,case43,2080,165,1955,40,0.020460358056265986,0.9399038461538461,True,True,True,False,0.020460358056265986
PraNet,global,sha256,confidence_deficit,case47_2,case47,1200,65,1173,38,0.03239556692242114,0.9775,True,True,True,False,0.03239556692242114
PraNet,global,sha256,confidence_deficit,case47_4,case47,1064,0,1064,0,0.0,1.0,True,True,True,False,0.0
PraNet,global,sha256,confidence_deficit,case48,case48,1408,382,1195,169,0.1414225941422594,0.8487215909090909,True,True,True,False,0.1414225941422594
PraNet,global,sha256,confidence_deficit,case50_2,case50,1200,9,1200,9,0.0075,1.0,True,True,True,False,0.0075
PraNet,global,sha256,confidence_deficit,case50_4,case50,1896,162,1854,120,0.06472491909385113,0.9778481012658228,True,True,True,False,0.06472491909385113
PraNet,global,sha256,confidence_deficit,case51_10,case51,1744,44,1742,42,0.024110218140068886,0.9988532110091743,True,True,True,False,0.024110218140068886
PraNet,global,sha256,confidence_deficit,case51_3,case51,1680,209,1599,128,0.08005003126954346,0.9517857142857142,True,True,True,False,0.08005003126954346
PraNet,global,sha256,confidence_deficit,case51_5,case51,1200,115,1145,60,0.05240174672489083,0.9541666666666667,True,True,True,False,0.05240174672489083
PraNet,global,sha256,confidence_deficit,case51_7,case51,1072,278,874,80,0.09153318077803203,0.8152985074626866,True,True,True,False,0.09153318077803203
PraNet,global,sha256,confidence_deficit,case51_9,case51,1200,263,1171,234,0.19982920580700256,0.9758333333333333,False,True,False,False,0.19982920580700256
PraNet,global,sha256,confidence_deficit,case54_1,case54,1688,865,1027,204,0.19863680623174293,0.6084123222748815,False,True,False,False,0.19863680623174293
PraNet,global,sha256,confidence_deficit,case56_1,case56,1200,75,1177,52,0.044180118946474084,0.9808333333333333,True,True,True,False,0.044180118946474084
PraNet,global,sha256,confidence_deficit,case5_4,case5,1200,18,1197,15,0.012531328320802004,0.9975,True,True,True,False,0.012531328320802004
PraNet,global,sha256,confidence_deficit,case60,case60,1168,1043,670,545,0.8134328358208955,0.5736301369863014,False,True,False,False,0.8134328358208955
PraNet,global,sha256,confidence_deficit,case61_3,case61,1768,71,1751,54,0.03083952027412907,0.9903846153846154,True,True,True,False,0.03083952027412907
PraNet,global,sha256,confidence_deficit,case63_3,case63,1384,51,1371,38,0.027716994894237783,0.990606936416185,True,True,True,False,0.027716994894237783
PraNet,global,sha256,confidence_deficit,case66_2,case66,2584,16,2583,15,0.005807200929152149,0.9996130030959752,True,True,True,False,0.005807200929152149
PraNet,global,sha256,confidence_deficit,case66_4,case66,1888,0,1888,0,0.0,1.0,True,True,True,False,0.0
PraNet,global,sha256,confidence_deficit,case66_6,case66,1072,0,1072,0,0.0,1.0,True,True,True,False,0.0
PraNet,global,sha256,confidence_deficit,case66_9,case66,1600,8,1595,3,0.0018808777429467085,0.996875,True,True,True,False,0.0018808777429467085
PraNet,global,sha256,confidence_deficit,case68_1,case68,1312,80,1305,73,0.055938697318007664,0.9946646341463414,True,True,True,False,0.055938697318007664
PraNet,global,sha256,confidence_deficit,case68_3,case68,1304,208,1247,151,0.1210906174819567,0.9562883435582822,True,True,True,False,0.1210906174819567
PraNet,global,sha256,confidence_deficit,case68_5,case68,1200,29,1200,29,0.024166666666666666,1.0,True,True,True,False,0.024166666666666666
PraNet,global,sha256,confidence_deficit,case68_7,case68,1840,510,1606,276,0.1718555417185554,0.8728260869565218,False,True,False,False,0.1718555417185554
PraNet,global,sha256,confidence_deficit,case6_3,case6,1680,1668,242,230,0.9504132231404959,0.14404761904761904,False,False,False,False,0.9504132231404959
PraNet,global,sha256,confidence_deficit,case71_1,case71,1024,418,824,218,0.2645631067961165,0.8046875,False,True,False,False,0.2645631067961165
PraNet,global,sha256,confidence_deficit,case71_5,case71,1808,56,1773,21,0.011844331641285956,0.980641592920354,True,True,True,False,0.011844331641285956
PraNet,global,sha256,confidence_deficit,case72_3,case72,832,0,832,0,0.0,1.0,True,True,True,False,0.0
PraNet,global,sha256,confidence_deficit,case74_1,case74,1256,617,859,220,0.2561117578579744,0.6839171974522293,False,True,False,False,0.2561117578579744
PraNet,global,sha256,confidence_deficit,case75_1,case75,1200,256,1033,89,0.08615682478218781,0.8608333333333333,True,True,True,False,0.08615682478218781
PraNet,global,sha256,confidence_deficit,case7_2,case7,1048,58,1021,31,0.030362389813907934,0.9742366412213741,True,True,True,False,0.030362389813907934
PraNet,global,sha256,confidence_deficit,case80_2,case80,1200,11,1195,6,0.00502092050209205,0.9958333333333333,True,True,True,False,0.00502092050209205
PraNet,global,sha256,confidence_deficit,case80_4,case80,1200,0,1200,0,0.0,1.0,True,True,True,False,0.0
PraNet,global,sha256,confidence_deficit,case80_6,case80,1200,0,1200,0,0.0,1.0,True,True,True,False,0.0
PraNet,global,sha256,confidence_deficit,case80_8,case80,1160,6,1157,3,0.0025929127052722557,0.9974137931034482,True,True,True,False,0.0025929127052722557
PraNet,global,sha256,confidence_deficit,case81_2,case81,2192,62,2147,17,0.007918025151374011,0.979470802919708,True,True,True,False,0.007918025151374011
PraNet,global,sha256,confidence_deficit,case83_3,case83,1072,0,1072,0,0.0,1.0,True,True,True,False,0.0
PraNet,global,sha256,confidence_deficit,case85_7,case85,1200,547,926,273,0.29481641468682507,0.7716666666666666,False,True,False,False,0.29481641468682507
PraNet,global,sha256,confidence_deficit,case86_1,case86,1200,170,1068,38,0.035580524344569285,0.89,True,True,True,False,0.035580524344569285
PraNet,global,sha256,confidence_deficit,case89,case89,1192,112,1183,103,0.08706677937447169,0.9924496644295302,True,True,True,False,0.08706677937447169
PraNet,global,sha256,confidence_deficit,case8_2,case8,1128,0,1128,0,0.0,1.0,True,True,True,False,0.0
PraNet,global,sha256,confidence_deficit,case90_1,case90,1200,42,1178,20,0.01697792869269949,0.9816666666666667,True,True,True,False,0.01697792869269949
PraNet,global,sha256,confidence_deficit,case91_1,case91,1200,831,685,316,0.46131386861313867,0.5708333333333333,False,True,False,False,0.46131386861313867
PraNet,global,sha256,confidence_deficit,case91_3,case91,1200,1148,424,372,0.8773584905660378,0.35333333333333333,False,False,False,False,0.8773584905660378
PraNet,global,sha256,confidence_deficit,case91_5,case91,1200,401,1117,318,0.2846911369740376,0.9308333333333333,False,True,False,False,0.2846911369740376
PraNet,global,sha256,confidence_deficit,case91_7,case91,1872,216,1811,155,0.08558807288790723,0.9674145299145299,True,True,True,False,0.08558807288790723
PraNet,global,sha256,confidence_deficit,case93_2,case93,1880,196,1763,79,0.04480998298355077,0.9377659574468085,True,True,True,False,0.04480998298355077
PraNet,global,sha256,confidence_deficit,case95_1,case95,2072,607,1817,352,0.19372592184920198,0.8769305019305019,False,True,False,False,0.19372592184920198
PraNet,global,sha256,confidence_deficit,case95_3,case95,1200,1200,44,44,1.0,0.03666666666666667,False,False,False,False,1.0
PraNet,global,sha256,confidence_deficit,case96_1,case96,920,629,462,171,0.37012987012987014,0.5021739130434782,False,True,False,False,0.37012987012987014
PraNet,global,sha256,confidence_deficit,case97_1,case97,1200,1050,525,375,0.7142857142857143,0.4375,False,False,False,False,0.7142857142857143
PraNet,global,sha256,confidence_deficit,case97_3,case97,1016,454,814,252,0.3095823095823096,0.8011811023622047,False,True,False,False,0.3095823095823096
PraNet,global,sha256,entropy,case10_1,case10,1704,810,1436,744,0.5181058495821727,0.8427230046948356,False,True,False,False,0.3774373259052925
PraNet,global,sha256,entropy,case11,case11,904,50,899,46,0.05116796440489433,0.9944690265486725,True,True,True,False,0.05005561735261402
PraNet,global,sha256,entropy,case12_2,case12,1984,491,1981,489,0.2468450277637557,0.9984879032258065,False,True,False,False,0.24634023220595658
PraNet,global,sha256,entropy,case13_1,case13,784,107,534,80,0.149812734082397,0.6811224489795918,True,True,True,False,0.0
PraNet,global,sha256,entropy,case13_3,case13,1408,17,1381,9,0.0065170166545981175,0.9808238636363636,True,True,True,False,0.0
PraNet,global,sha256,entropy,case14_2,case14,1200,1194,1182,1182,1.0,0.985,False,True,False,False,0.9949238578680203
PraNet,global,sha256,entropy,case14_4,case14,1160,1121,1004,999,0.9950199203187251,0.8655172413793103,False,True,False,False,0.9611553784860558
PraNet,global,sha256,entropy,case14_6,case14,1600,1578,1504,1502,0.9986702127659575,0.94,False,True,False,False,0.9853723404255319
PraNet,global,sha256,entropy,case1_2,case1,1728,3,1726,3,0.0017381228273464658,0.9988425925925926,True,True,True,False,0.0005793742757821553
PraNet,global,sha256,entropy,case20_7,case20,1360,474,1260,450,0.35714285714285715,0.9264705882352942,False,True,False,False,0.2968253968253968
PraNet,global,sha256,entropy,case20_9,case20,1200,300,1187,294,0.2476832350463353,0.9891666666666666,False,True,False,False,0.2417860151642797
PraNet,global,sha256,entropy,case24_1,case24,1200,172,820,151,0.18414634146341463,0.6833333333333333,False,True,False,False,0.0
PraNet,global,sha256,entropy,case24_3,case24,1216,0,1216,0,0.0,1.0,True,True,True,False,0.0
PraNet,global,sha256,entropy,case24_5,case24,1200,49,1045,38,0.03636363636363636,0.8708333333333333,True,True,True,False,0.0
PraNet,global,sha256,entropy,case25_2,case25,1088,77,1026,55,0.05360623781676413,0.9430147058823529,True,True,True,False,0.014619883040935672
PraNet,global,sha256,entropy,case29_1,case29,1712,260,1482,206,0.13900134952766532,0.8656542056074766,True,True,True,False,0.020242914979757085
PraNet,global,sha256,entropy,case2_3,case2,1200,0,1170,0,0.0,0.975,True,True,True,False,0.0
PraNet,global,sha256,entropy,case2_6,case2,792,0,780,0,0.0,0.9848484848484849,True,True,True,False,0.0
PraNet,global,sha256,entropy,case2_9,case2,896,0,855,0,0.0,0.9542410714285714,True,True,True,False,0.0
PraNet,global,sha256,entropy,case31,case31,1464,50,1234,32,0.02593192868719611,0.842896174863388,True,True,True,False,0.0
PraNet,global,sha256,entropy,case32_2,case32,800,6,572,1,0.0017482517482517483,0.715,True,True,True,False,0.0
PraNet,global,sha256,entropy,case32_4,case32,1480,280,861,218,0.25319396051103366,0.5817567567567568,False,True,False,False,0.0
PraNet,global,sha256,entropy,case32_6,case32,1368,16,1043,13,0.012464046021093002,0.7624269005847953,True,True,True,False,0.0
PraNet,global,sha256,entropy,case34_2,case34,992,19,906,16,0.017660044150110375,0.9133064516129032,True,True,True,False,0.0
PraNet,global,sha256,entropy,case35_2,case35,720,0,374,0,0.0,0.5194444444444445,True,True,True,False,0.0
PraNet,global,sha256,entropy,case35_8,case35,928,141,86,37,0.43023255813953487,0.09267241379310345,False,False,False,False,0.0
PraNet,global,sha256,entropy,case36_2,case36,1200,886,1120,873,0.7794642857142857,0.9333333333333333,False,True,False,False,0.7196428571428571
PraNet,global,sha256,entropy,case36_4,case36,1024,1002,1021,999,0.9784524975514202,0.9970703125,False,True,False,False,0.9784524975514202
PraNet,global,sha256,entropy,case37_2,case37,1272,115,692,97,0.14017341040462428,0.5440251572327044,True,True,True,False,0.0
PraNet,global,sha256,entropy,case38_2,case38,2032,677,1980,645,0.32575757575757575,0.9744094488188977,False,True,False,False,0.31565656565656564
PraNet,global,sha256,entropy,case39_2,case39,2160,363,1696,298,0.17570754716981132,0.7851851851851852,False,True,False,False,0.0
PraNet,global,sha256,entropy,case3_1,case3,1584,219,1546,207,0.13389391979301424,0.976010101010101,True,True,True,False,0.11707632600258733
PraNet,global,sha256,entropy,case40,case40,1272,401,1267,397,0.31333859510655093,0.9960691823899371,False,True,False,False,0.31254932912391475
PraNet,global,sha256,entropy,case43,case43,2080,165,2030,164,0.08078817733990148,0.9759615384615384,True,True,True,False,0.05665024630541872
PraNet,global,sha256,entropy,case47_2,case47,1200,65,1086,60,0.055248618784530384,0.905,True,True,True,False,0.0
PraNet,global,sha256,entropy,case47_4,case47,1064,0,1064,0,0.0,1.0,True,True,True,False,0.0
PraNet,global,sha256,entropy,case48,case48,1408,382,1317,364,0.27638572513287774,0.9353693181818182,False,True,False,False,0.22095671981776766
PraNet,global,sha256,entropy,case50_2,case50,1200,9,904,7,0.007743362831858407,0.7533333333333333,True,True,True,False,0.0
PraNet,global,sha256,entropy,case50_4,case50,1896,162,1365,120,0.08791208791208792,0.7199367088607594,True,True,True,False,0.0
PraNet,global,sha256,entropy,case51_10,case51,1744,44,1139,31,0.027216856892010536,0.6530963302752294,True,True,True,False,0.0
PraNet,global,sha256,entropy,case51_3,case51,1680,209,1565,200,0.12779552715654952,0.9315476190476191,True,True,True,False,0.060063897763578275
PraNet,global,sha256,entropy,case51_5,case51,1200,115,1182,113,0.09560067681895093,0.985,True,True,True,False,0.08206429780033841
PraNet,global,sha256,entropy,case51_7,case51,1072,278,1050,274,0.26095238095238094,0.9794776119402985,False,True,False,False,0.2438095238095238
PraNet,global,sha256,entropy,case51_9,case51,1200,263,839,98,0.11680572109654351,0.6991666666666667,True,True,True,False,0.0
PraNet,global,sha256,entropy,case54_1,case54,1688,865,1573,841,0.5346471710108074,0.931872037914692,False,True,False,False,0.47679593134138587
PraNet,global,sha256,entropy,case56_1,case56,1200,75,1176,66,0.05612244897959184,0.98,True,True,True,False,0.04336734693877551
PraNet,global,sha256,entropy,case5_4,case5,1200,18,1197,18,0.015037593984962405,0.9975,True,True,True,False,0.012531328320802004
PraNet,global,sha256,entropy,case60,case60,1168,1043,1035,994,0.9603864734299516,0.8861301369863014,False,True,False,False,0.8792270531400966
PraNet,global,sha256,entropy,case61_3,case61,1768,71,1738,71,0.040851553509781355,0.9830316742081447,True,True,True,False,0.023590333716915997
PraNet,global,sha256,entropy,case63_3,case63,1384,51,1364,49,0.03592375366568915,0.9855491329479769,True,True,True,False,0.022727272727272728
PraNet,global,sha256,entropy,case66_2,case66,2584,16,2568,9,0.0035046728971962616,0.9938080495356038,True,True,True,False,0.0
PraNet,global,sha256,entropy,case66_4,case66,1888,0,1881,0,0.0,0.996292372881356,True,True,True,False,0.0
PraNet,global,sha256,entropy,case66_6,case66,1072,0,1072,0,0.0,1.0,True,True,True,False,0.0
PraNet,global,sha256,entropy,case66_9,case66,1600,8,1595,8,0.005015673981191223,0.996875,True,True,True,False,0.0018808777429467085
PraNet,global,sha256,entropy,case68_1,case68,1312,80,381,28,0.07349081364829396,0.29039634146341464,True,False,False,False,0.0
PraNet,global,sha256,entropy,case68_3,case68,1304,208,211,118,0.5592417061611374,0.16180981595092025,False,False,False,False,0.0
PraNet,global,sha256,entropy,case68_5,case68,1200,29,446,6,0.013452914798206279,0.37166666666666665,True,False,False,False,0.0
PraNet,global,sha256,entropy,case68_7,case68,1840,510,1131,458,0.40495137046861185,0.6146739130434783,False,True,False,False,0.0
PraNet,global,sha256,entropy,case6_3,case6,1680,1668,1651,1645,0.9963658388855239,0.9827380952380952,False,True,False,False,0.9927316777710479
PraNet,global,sha256,entropy,case71_1,case71,1024,418,833,364,0.4369747899159664,0.8134765625,False,True,False,False,0.2725090036014406
PraNet,global,sha256,entropy,case71_5,case71,1808,56,1806,56,0.031007751937984496,0.9988938053097345,True,True,True,False,0.029900332225913623
PraNet,global,sha256,entropy,case72_3,case72,832,0,832,0,0.0,1.0,True,True,True,False,0.0
PraNet,global,sha256,entropy,case74_1,case74,1256,617,1159,604,0.5211389128559103,0.9227707006369427,False,True,False,False,0.4486626402070751
PraNet,global,sha256,entropy,case75_1,case75,1200,256,1181,240,0.20321761219305673,0.9841666666666666,False,True,False,False,0.20067739204064353
PraNet,global,sha256,entropy,case7_2,case7,1048,58,1031,57,0.055286129970902036,0.9837786259541985,True,True,True,False,0.03976721629485936
PraNet,global,sha256,entropy,case80_2,case80,1200,11,1189,8,0.00672834314550042,0.9908333333333333,True,True,True,False,0.0
PraNet,global,sha256,entropy,case80_4,case80,1200,0,1198,0,0.0,0.9983333333333333,True,True,True,False,0.0
PraNet,global,sha256,entropy,case80_6,case80,1200,0,1188,0,0.0,0.99,True,True,True,False,0.0
PraNet,global,sha256,entropy,case80_8,case80,1160,6,1160,6,0.005172413793103448,1.0,True,True,True,False,0.005172413793103448
PraNet,global,sha256,entropy,case81_2,case81,2192,62,2182,62,0.02841429880843263,0.9954379562043796,True,True,True,False,0.02383134738771769
PraNet,global,sha256,entropy,case83_3,case83,1072,0,1072,0,0.0,1.0,True,True,True,False,0.0
PraNet,global,sha256,entropy,case85_7,case85,1200,547,957,527,0.5506792058516197,0.7975,False,True,False,False,0.3176593521421108
PraNet,global,sha256,entropy,case86_1,case86,1200,170,1189,166,0.13961312026913372,0.9908333333333333,True,True,True,False,0.13372582001682085
PraNet,global,sha256,entropy,case89,case89,1192,112,1074,103,0.09590316573556797,0.9010067114093959,True,True,True,False,0.0
PraNet,global,sha256,entropy,case8_2,case8,1128,0,1060,0,0.0,0.9397163120567376,True,True,True,False,0.0
PraNet,global,sha256,entropy,case90_1,case90,1200,42,1112,31,0.02787769784172662,0.9266666666666666,True,True,True,False,0.0
PraNet,global,sha256,entropy,case91_1,case91,1200,831,1148,812,0.7073170731707317,0.9566666666666667,False,True,False,False,0.6785714285714286
PraNet,global,sha256,entropy,case91_3,case91,1200,1148,1164,1112,0.9553264604810997,0.97,False,True,False,False,0.9553264604810997
PraNet,global,sha256,entropy,case91_5,case91,1200,401,769,237,0.3081924577373212,0.6408333333333334,False,True,False,False,0.0
PraNet,global,sha256,entropy,case91_7,case91,1872,216,1818,196,0.1078107810781078,0.9711538461538461,True,True,True,False,0.0891089108910891
PraNet,global,sha256,entropy,case93_2,case93,1880,196,1739,184,0.10580793559516964,0.925,True,True,True,False,0.03162737205290397
PraNet,global,sha256,entropy,case95_1,case95,2072,607,1793,506,0.2822085889570552,0.8653474903474904,False,True,False,False,0.18293363078639152
PraNet,global,sha256,entropy,case95_3,case95,1200,1200,1200,1200,1.0,1.0,False,True,False,False,1.0
PraNet,global,sha256,entropy,case96_1,case96,920,629,898,620,0.6904231625835189,0.9760869565217392,False,True,False,False,0.6759465478841871
PraNet,global,sha256,entropy,case97_1,case97,1200,1050,972,967,0.9948559670781894,0.81,False,True,False,False,0.845679012345679
PraNet,global,sha256,entropy,case97_3,case97,1016,454,773,413,0.5342820181112549,0.7608267716535433,False,True,False,False,0.2729624838292367
PraNet,global,sha256,negative_area_fraction,case10_1,case10,1704,810,1358,464,0.34167893961708395,0.7969483568075117,False,True,False,False,0.34167893961708395
PraNet,global,sha256,negative_area_fraction,case11,case11,904,50,878,24,0.02733485193621868,0.9712389380530974,True,True,True,False,0.02733485193621868
PraNet,global,sha256,negative_area_fraction,case12_2,case12,1984,491,1719,226,0.1314717859220477,0.8664314516129032,True,True,True,False,0.1314717859220477
PraNet,global,sha256,negative_area_fraction,case13_1,case13,784,107,775,98,0.12645161290322582,0.9885204081632653,True,True,True,False,0.12645161290322582
PraNet,global,sha256,negative_area_fraction,case13_3,case13,1408,17,1405,14,0.0099644128113879,0.9978693181818182,True,True,True,False,0.0099644128113879
PraNet,global,sha256,negative_area_fraction,case14_2,case14,1200,1194,432,426,0.9861111111111112,0.36,False,False,False,False,0.9861111111111112
PraNet,global,sha256,negative_area_fraction,case14_4,case14,1160,1121,505,466,0.9227722772277228,0.4353448275862069,False,False,False,False,0.9227722772277228
PraNet,global,sha256,negative_area_fraction,case14_6,case14,1600,1578,615,593,0.9642276422764228,0.384375,False,False,False,False,0.9642276422764228
PraNet,global,sha256,negative_area_fraction,case1_2,case1,1728,3,1727,2,0.0011580775911986102,0.9994212962962963,True,True,True,False,0.0011580775911986102
PraNet,global,sha256,negative_area_fraction,case20_7,case20,1360,474,1102,216,0.19600725952813067,0.8102941176470588,False,True,False,False,0.19600725952813067
PraNet,global,sha256,negative_area_fraction,case20_9,case20,1200,300,995,95,0.09547738693467336,0.8291666666666667,True,True,True,False,0.09547738693467336
PraNet,global,sha256,negative_area_fraction,case24_1,case24,1200,172,1173,145,0.12361466325660699,0.9775,True,True,True,False,0.12361466325660699
PraNet,global,sha256,negative_area_fraction,case24_3,case24,1216,0,1216,0,0.0,1.0,True,True,True,False,0.0
PraNet,global,sha256,negative_area_fraction,case24_5,case24,1200,49,1186,35,0.02951096121416526,0.9883333333333333,True,True,True,False,0.02951096121416526
PraNet,global,sha256,negative_area_fraction,case25_2,case25,1088,77,1051,40,0.038058991436726926,0.9659926470588235,True,True,True,False,0.038058991436726926
PraNet,global,sha256,negative_area_fraction,case29_1,case29,1712,260,1567,115,0.07338864071474155,0.915303738317757,True,True,True,False,0.07338864071474155
PraNet,global,sha256,negative_area_fraction,case2_3,case2,1200,0,1200,0,0.0,1.0,True,True,True,False,0.0
PraNet,global,sha256,negative_area_fraction,case2_6,case2,792,0,792,0,0.0,1.0,True,True,True,False,0.0
PraNet,global,sha256,negative_area_fraction,case2_9,case2,896,0,896,0,0.0,1.0,True,True,True,False,0.0
PraNet,global,sha256,negative_area_fraction,case31,case31,1464,50,1460,46,0.031506849315068496,0.9972677595628415,True,True,True,False,0.031506849315068496
PraNet,global,sha256,negative_area_fraction,case32_2,case32,800,6,800,6,0.0075,1.0,True,True,True,False,0.0075
PraNet,global,sha256,negative_area_fraction,case32_4,case32,1480,280,1370,170,0.12408759124087591,0.9256756756756757,True,True,True,False,0.12408759124087591
PraNet,global,sha256,negative_area_fraction,case32_6,case32,1368,16,1363,11,0.008070432868672046,0.9963450292397661,True,True,True,False,0.008070432868672046
PraNet,global,sha256,negative_area_fraction,case34_2,case34,992,19,991,18,0.018163471241170535,0.998991935483871,True,True,True,False,0.018163471241170535
PraNet,global,sha256,negative_area_fraction,case35_2,case35,720,0,720,0,0.0,1.0,True,True,True,False,0.0
PraNet,global,sha256,negative_area_fraction,case35_8,case35,928,141,912,125,0.13706140350877194,0.9827586206896551,True,True,True,False,0.13706140350877194
PraNet,global,sha256,negative_area_fraction,case36_2,case36,1200,886,835,521,0.6239520958083832,0.6958333333333333,False,True,False,False,0.6239520958083832
PraNet,global,sha256,negative_area_fraction,case36_4,case36,1024,1002,766,744,0.9712793733681462,0.748046875,False,True,False,False,0.9712793733681462
PraNet,global,sha256,negative_area_fraction,case37_2,case37,1272,115,1230,73,0.05934959349593496,0.9669811320754716,True,True,True,False,0.05934959349593496
PraNet,global,sha256,negative_area_fraction,case38_2,case38,2032,677,1652,297,0.1797820823244552,0.812992125984252,False,True,False,False,0.1797820823244552
PraNet,global,sha256,negative_area_fraction,case39_2,case39,2160,363,2017,220,0.10907288051561725,0.9337962962962963,True,True,True,False,0.10907288051561725
PraNet,global,sha256,negative_area_fraction,case3_1,case3,1584,219,1472,107,0.07269021739130435,0.9292929292929293,True,True,True,False,0.07269021739130435
PraNet,global,sha256,negative_area_fraction,case40,case40,1272,401,1046,175,0.16730401529636713,0.8223270440251572,False,True,False,False,0.16730401529636713
PraNet,global,sha256,negative_area_fraction,case43,case43,2080,165,1971,56,0.028411973617453068,0.9475961538461538,True,True,True,False,0.028411973617453068
PraNet,global,sha256,negative_area_fraction,case47_2,case47,1200,65,1170,35,0.029914529914529916,0.975,True,True,True,False,0.029914529914529916
PraNet,global,sha256,negative_area_fraction,case47_4,case47,1064,0,1064,0,0.0,1.0,True,True,True,False,0.0
PraNet,global,sha256,negative_area_fraction,case48,case48,1408,382,1182,156,0.1319796954314721,0.8394886363636364,True,True,True,False,0.1319796954314721
PraNet,global,sha256,negative_area_fraction,case50_2,case50,1200,9,1199,8,0.006672226855713094,0.9991666666666666,True,True,True,False,0.006672226855713094
PraNet,global,sha256,negative_area_fraction,case50_4,case50,1896,162,1847,113,0.061180292365998916,0.9741561181434599,True,True,True,False,0.061180292365998916
PraNet,global,sha256,negative_area_fraction,case51_10,case51,1744,44,1736,36,0.020737327188940093,0.9954128440366973,True,True,True,False,0.020737327188940093
PraNet,global,sha256,negative_area_fraction,case51_3,case51,1680,209,1573,102,0.06484424666242848,0.9363095238095238,True,True,True,False,0.06484424666242848
PraNet,global,sha256,negative_area_fraction,case51_5,case51,1200,115,1133,48,0.04236540158870256,0.9441666666666667,True,True,True,False,0.04236540158870256
PraNet,global,sha256,negative_area_fraction,case51_7,case51,1072,278,910,116,0.12747252747252746,0.8488805970149254,True,True,True,False,0.12747252747252746
PraNet,global,sha256,negative_area_fraction,case51_9,case51,1200,263,1147,210,0.18308631211857018,0.9558333333333333,False,True,False,False,0.18308631211857018
PraNet,global,sha256,negative_area_fraction,case54_1,case54,1688,865,1117,294,0.26320501342882724,0.6617298578199052,False,True,False,False,0.26320501342882724
PraNet,global,sha256,negative_area_fraction,case56_1,case56,1200,75,1162,37,0.031841652323580036,0.9683333333333334,True,True,True,False,0.031841652323580036
PraNet,global,sha256,negative_area_fraction,case5_4,case5,1200,18,1195,13,0.010878661087866108,0.9958333333333333,True,True,True,False,0.010878661087866108
PraNet,global,sha256,negative_area_fraction,case60,case60,1168,1043,622,497,0.7990353697749196,0.5325342465753424,False,True,False,False,0.7990353697749196
PraNet,global,sha256,negative_area_fraction,case61_3,case61,1768,71,1734,37,0.021337946943483274,0.9807692307692307,True,True,True,False,0.021337946943483274
PraNet,global,sha256,negative_area_fraction,case63_3,case63,1384,51,1365,32,0.023443223443223443,0.986271676300578,True,True,True,False,0.023443223443223443
PraNet,global,sha256,negative_area_fraction,case66_2,case66,2584,16,2580,12,0.004651162790697674,0.9984520123839009,True,True,True,False,0.004651162790697674
PraNet,global,sha256,negative_area_fraction,case66_4,case66,1888,0,1888,0,0.0,1.0,True,True,True,False,0.0
PraNet,global,sha256,negative_area_fraction,case66_6,case66,1072,0,1072,0,0.0,1.0,True,True,True,False,0.0
PraNet,global,sha256,negative_area_fraction,case66_9,case66,1600,8,1597,5,0.0031308703819661866,0.998125,True,True,True,False,0.0031308703819661866
PraNet,global,sha256,negative_area_fraction,case68_1,case68,1312,80,1296,64,0.04938271604938271,0.9878048780487805,True,True,True,False,0.04938271604938271
PraNet,global,sha256,negative_area_fraction,case68_3,case68,1304,208,1216,120,0.09868421052631579,0.9325153374233128,True,True,True,False,0.09868421052631579
PraNet,global,sha256,negative_area_fraction,case68_5,case68,1200,29,1194,23,0.019262981574539362,0.995,True,True,True,False,0.019262981574539362
PraNet,global,sha256,negative_area_fraction,case68_7,case68,1840,510,1570,240,0.15286624203821655,0.8532608695652174,False,True,False,False,0.15286624203821655
PraNet,global,sha256,negative_area_fraction,case6_3,case6,1680,1668,552,540,0.9782608695652174,0.32857142857142857,False,False,False,False,0.9782608695652174
PraNet,global,sha256,negative_area_fraction,case71_1,case71,1024,418,809,203,0.25092707045735474,0.7900390625,False,True,False,False,0.25092707045735474
PraNet,global,sha256,negative_area_fraction,case71_5,case71,1808,56,1775,23,0.012957746478873239,0.9817477876106194,True,True,True,False,0.012957746478873239
PraNet,global,sha256,negative_area_fraction,case72_3,case72,832,0,832,0,0.0,1.0,True,True,True,False,0.0
PraNet,global,sha256,negative_area_fraction,case74_1,case74,1256,617,883,244,0.27633069082672707,0.7030254777070064,False,True,False,False,0.27633069082672707
PraNet,global,sha256,negative_area_fraction,case75_1,case75,1200,256,1034,90,0.08704061895551257,0.8616666666666667,True,True,True,False,0.08704061895551257
PraNet,global,sha256,negative_area_fraction,case7_2,case7,1048,58,1017,27,0.02654867256637168,0.9704198473282443,True,True,True,False,0.02654867256637168
PraNet,global,sha256,negative_area_fraction,case80_2,case80,1200,11,1194,5,0.0041876046901172526,0.995,True,True,True,False,0.0041876046901172526
PraNet,global,sha256,negative_area_fraction,case80_4,case80,1200,0,1200,0,0.0,1.0,True,True,True,False,0.0
PraNet,global,sha256,negative_area_fraction,case80_6,case80,1200,0,1200,0,0.0,1.0,True,True,True,False,0.0
PraNet,global,sha256,negative_area_fraction,case80_8,case80,1160,6,1157,3,0.0025929127052722557,0.9974137931034482,True,True,True,False,0.0025929127052722557
PraNet,global,sha256,negative_area_fraction,case81_2,case81,2192,62,2144,14,0.0065298507462686565,0.9781021897810219,True,True,True,False,0.0065298507462686565
PraNet,global,sha256,negative_area_fraction,case83_3,case83,1072,0,1072,0,0.0,1.0,True,True,True,False,0.0
PraNet,global,sha256,negative_area_fraction,case85_7,case85,1200,547,888,235,0.26463963963963966,0.74,False,True,False,False,0.26463963963963966
PraNet,global,sha256,negative_area_fraction,case86_1,case86,1200,170,1098,68,0.061930783242258654,0.915,True,True,True,False,0.061930783242258654
PraNet,global,sha256,negative_area_fraction,case89,case89,1192,112,1173,93,0.0792838874680307,0.9840604026845637,True,True,True,False,0.0792838874680307
PraNet,global,sha256,negative_area_fraction,case8_2,case8,1128,0,1128,0,0.0,1.0,True,True,True,False,0.0
PraNet,global,sha256,negative_area_fraction,case90_1,case90,1200,42,1180,22,0.01864406779661017,0.9833333333333333,True,True,True,False,0.01864406779661017
PraNet,global,sha256,negative_area_fraction,case91_1,case91,1200,831,682,313,0.45894428152492667,0.5683333333333334,False,True,False,False,0.45894428152492667
PraNet,global,sha256,negative_area_fraction,case91_3,case91,1200,1148,464,412,0.8879310344827587,0.38666666666666666,False,False,False,False,0.8879310344827587
PraNet,global,sha256,negative_area_fraction,case91_5,case91,1200,401,1072,273,0.25466417910447764,0.8933333333333333,False,True,False,False,0.25466417910447764
PraNet,global,sha256,negative_area_fraction,case91_7,case91,1872,216,1759,103,0.05855599772598067,0.9396367521367521,True,True,True,False,0.05855599772598067
PraNet,global,sha256,negative_area_fraction,case93_2,case93,1880,196,1773,89,0.050197405527354765,0.9430851063829787,True,True,True,False,0.050197405527354765
PraNet,global,sha256,negative_area_fraction,case95_1,case95,2072,607,1787,322,0.18019026301063235,0.8624517374517374,False,True,False,False,0.18019026301063235
PraNet,global,sha256,negative_area_fraction,case95_3,case95,1200,1200,384,384,1.0,0.32,False,False,False,False,1.0
PraNet,global,sha256,negative_area_fraction,case96_1,case96,920,629,527,236,0.4478178368121442,0.5728260869565217,False,True,False,False,0.4478178368121442
PraNet,global,sha256,negative_area_fraction,case97_1,case97,1200,1050,587,437,0.7444633730834753,0.4891666666666667,False,False,False,False,0.7444633730834753
PraNet,global,sha256,negative_area_fraction,case97_3,case97,1016,454,806,244,0.3027295285359802,0.7933070866141733,False,True,False,False,0.3027295285359802
PraNet,half_per_clip,identity,confidence_deficit,case10_1,case10,1704,810,1332,438,0.32882882882882886,0.7816901408450704,False,True,False,False,0.32882882882882886
PraNet,half_per_clip,identity,confidence_deficit,case11,case11,904,50,876,22,0.02511415525114155,0.9690265486725663,True,True,True,False,0.02511415525114155
PraNet,half_per_clip,identity,confidence_deficit,case12_2,case12,1984,491,1648,155,0.09405339805825243,0.8306451612903226,True,True,True,False,0.09405339805825243
PraNet,half_per_clip,identity,confidence_deficit,case13_1,case13,784,107,778,101,0.12982005141388175,0.9923469387755102,True,True,True,False,0.12982005141388175
PraNet,half_per_clip,identity,confidence_deficit,case13_3,case13,1408,17,1404,13,0.009259259259259259,0.9971590909090909,True,True,True,False,0.009259259259259259
PraNet,half_per_clip,identity,confidence_deficit,case14_2,case14,1200,1194,600,594,0.99,0.5,False,True,False,False,0.99
PraNet,half_per_clip,identity,confidence_deficit,case14_4,case14,1160,1121,580,541,0.9327586206896552,0.5,False,True,False,False,0.9327586206896552
PraNet,half_per_clip,identity,confidence_deficit,case14_6,case14,1600,1578,800,778,0.9725,0.5,False,True,False,False,0.9725
PraNet,half_per_clip,identity,confidence_deficit,case1_2,case1,1728,3,1725,0,0.0,0.9982638888888888,True,True,True,False,0.0
PraNet,half_per_clip,identity,confidence_deficit,case20_7,case20,1360,474,1079,193,0.1788693234476367,0.7933823529411764,False,True,False,False,0.1788693234476367
PraNet,half_per_clip,identity,confidence_deficit,case20_9,case20,1200,300,983,83,0.0844354018311292,0.8191666666666667,True,True,True,False,0.0844354018311292
PraNet,half_per_clip,identity,confidence_deficit,case24_1,case24,1200,172,1176,148,0.12585034013605442,0.98,True,True,True,False,0.12585034013605442
PraNet,half_per_clip,identity,confidence_deficit,case24_3,case24,1216,0,1216,0,0.0,1.0,True,True,True,False,0.0
PraNet,half_per_clip,identity,confidence_deficit,case24_5,case24,1200,49,1187,36,0.030328559393428812,0.9891666666666666,True,True,True,False,0.030328559393428812
PraNet,half_per_clip,identity,confidence_deficit,case25_2,case25,1088,77,1059,48,0.0453257790368272,0.9733455882352942,True,True,True,False,0.0453257790368272
PraNet,half_per_clip,identity,confidence_deficit,case29_1,case29,1712,260,1573,121,0.07692307692307693,0.9188084112149533,True,True,True,False,0.07692307692307693
PraNet,half_per_clip,identity,confidence_deficit,case2_3,case2,1200,0,1200,0,0.0,1.0,True,True,True,False,0.0
PraNet,half_per_clip,identity,confidence_deficit,case2_6,case2,792,0,792,0,0.0,1.0,True,True,True,False,0.0
PraNet,half_per_clip,identity,confidence_deficit,case2_9,case2,896,0,896,0,0.0,1.0,True,True,True,False,0.0
PraNet,half_per_clip,identity,confidence_deficit,case31,case31,1464,50,1461,47,0.03216974674880219,0.9979508196721312,True,True,True,False,0.03216974674880219
PraNet,half_per_clip,identity,confidence_deficit,case32_2,case32,800,6,800,6,0.0075,1.0,True,True,True,False,0.0075
PraNet,half_per_clip,identity,confidence_deficit,case32_4,case32,1480,280,1360,160,0.11764705882352941,0.918918918918919,True,True,True,False,0.11764705882352941
PraNet,half_per_clip,identity,confidence_deficit,case32_6,case32,1368,16,1360,8,0.0058823529411764705,0.9941520467836257,True,True,True,False,0.0058823529411764705
PraNet,half_per_clip,identity,confidence_deficit,case34_2,case34,992,19,991,18,0.018163471241170535,0.998991935483871,True,True,True,False,0.018163471241170535
PraNet,half_per_clip,identity,confidence_deficit,case35_2,case35,720,0,720,0,0.0,1.0,True,True,True,False,0.0
PraNet,half_per_clip,identity,confidence_deficit,case35_8,case35,928,141,910,123,0.13516483516483516,0.9806034482758621,True,True,True,False,0.13516483516483516
PraNet,half_per_clip,identity,confidence_deficit,case36_2,case36,1200,886,819,505,0.6166056166056166,0.6825,False,True,False,False,0.6166056166056166
PraNet,half_per_clip,identity,confidence_deficit,case36_4,case36,1024,1002,769,747,0.9713914174252276,0.7509765625,False,True,False,False,0.9713914174252276
PraNet,half_per_clip,identity,confidence_deficit,case37_2,case37,1272,115,1230,73,0.05934959349593496,0.9669811320754716,True,True,True,False,0.05934959349593496
PraNet,half_per_clip,identity,confidence_deficit,case38_2,case38,2032,677,1628,273,0.1676904176904177,0.8011811023622047,False,True,False,False,0.1676904176904177
PraNet,half_per_clip,identity,confidence_deficit,case39_2,case39,2160,363,2020,223,0.1103960396039604,0.9351851851851852,True,True,True,False,0.1103960396039604
PraNet,half_per_clip,identity,confidence_deficit,case3_1,case3,1584,219,1472,107,0.07269021739130435,0.9292929292929293,True,True,True,False,0.07269021739130435
PraNet,half_per_clip,identity,confidence_deficit,case40,case40,1272,401,997,126,0.12637913741223672,0.7838050314465409,True,True,True,False,0.12637913741223672
PraNet,half_per_clip,identity,confidence_deficit,case43,case43,2080,165,1941,26,0.013395157135497167,0.9331730769230769,True,True,True,False,0.013395157135497167
PraNet,half_per_clip,identity,confidence_deficit,case47_2,case47,1200,65,1164,29,0.02491408934707904,0.97,True,True,True,False,0.02491408934707904
PraNet,half_per_clip,identity,confidence_deficit,case47_4,case47,1064,0,1064,0,0.0,1.0,True,True,True,False,0.0
PraNet,half_per_clip,identity,confidence_deficit,case48,case48,1408,382,1150,124,0.10782608695652174,0.8167613636363636,True,True,True,False,0.10782608695652174
PraNet,half_per_clip,identity,confidence_deficit,case50_2,case50,1200,9,1200,9,0.0075,1.0,True,True,True,False,0.0075
PraNet,half_per_clip,identity,confidence_deficit,case50_4,case50,1896,162,1839,105,0.057096247960848286,0.9699367088607594,True,True,True,False,0.057096247960848286
PraNet,half_per_clip,identity,confidence_deficit,case51_10,case51,1744,44,1739,39,0.022426682001150087,0.9971330275229358,True,True,True,False,0.022426682001150087
PraNet,half_per_clip,identity,confidence_deficit,case51_3,case51,1680,209,1577,106,0.06721623335447051,0.9386904761904762,True,True,True,False,0.06721623335447051
PraNet,half_per_clip,identity,confidence_deficit,case51_5,case51,1200,115,1134,49,0.043209876543209874,0.945,True,True,True,False,0.043209876543209874
PraNet,half_per_clip,identity,confidence_deficit,case51_7,case51,1072,278,845,51,0.06035502958579882,0.7882462686567164,True,True,True,False,0.06035502958579882
PraNet,half_per_clip,identity,confidence_deficit,case51_9,case51,1200,263,1156,219,0.1894463667820069,0.9633333333333334,False,True,False,False,0.1894463667820069
PraNet,half_per_clip,identity,confidence_deficit,case54_1,case54,1688,865,963,140,0.14537902388369678,0.5704976303317536,True,True,True,False,0.14537902388369678
PraNet,half_per_clip,identity,confidence_deficit,case56_1,case56,1200,75,1169,44,0.037639007698887936,0.9741666666666666,True,True,True,False,0.037639007698887936
PraNet,half_per_clip,identity,confidence_deficit,case5_4,case5,1200,18,1195,13,0.010878661087866108,0.9958333333333333,True,True,True,False,0.010878661087866108
PraNet,half_per_clip,identity,confidence_deficit,case60,case60,1168,1043,584,459,0.785958904109589,0.5,False,True,False,False,0.785958904109589
PraNet,half_per_clip,identity,confidence_deficit,case61_3,case61,1768,71,1737,40,0.023028209556706966,0.9824660633484162,True,True,True,False,0.023028209556706966
PraNet,half_per_clip,identity,confidence_deficit,case63_3,case63,1384,51,1364,31,0.022727272727272728,0.9855491329479769,True,True,True,False,0.022727272727272728
PraNet,half_per_clip,identity,confidence_deficit,case66_2,case66,2584,16,2581,13,0.005036807438977141,0.9988390092879257,True,True,True,False,0.005036807438977141
PraNet,half_per_clip,identity,confidence_deficit,case66_4,case66,1888,0,1888,0,0.0,1.0,True,True,True,False,0.0
PraNet,half_per_clip,identity,confidence_deficit,case66_6,case66,1072,0,1072,0,0.0,1.0,True,True,True,False,0.0
PraNet,half_per_clip,identity,confidence_deficit,case66_9,case66,1600,8,1595,3,0.0018808777429467085,0.996875,True,True,True,False,0.0018808777429467085
PraNet,half_per_clip,identity,confidence_deficit,case68_1,case68,1312,80,1301,69,0.053036126056879324,0.9916158536585366,True,True,True,False,0.053036126056879324
PraNet,half_per_clip,identity,confidence_deficit,case68_3,case68,1304,208,1222,126,0.10310965630114566,0.9371165644171779,True,True,True,False,0.10310965630114566
PraNet,half_per_clip,identity,confidence_deficit,case68_5,case68,1200,29,1197,26,0.02172096908939014,0.9975,True,True,True,False,0.02172096908939014
PraNet,half_per_clip,identity,confidence_deficit,case68_7,case68,1840,510,1540,210,0.13636363636363635,0.8369565217391305,True,True,True,False,0.13636363636363635
PraNet,half_per_clip,identity,confidence_deficit,case6_3,case6,1680,1668,840,828,0.9857142857142858,0.5,False,True,False,False,0.9857142857142858
PraNet,half_per_clip,identity,confidence_deficit,case71_1,case71,1024,418,767,161,0.20990873533246415,0.7490234375,False,True,False,False,0.20990873533246415
PraNet,half_per_clip,identity,confidence_deficit,case71_5,case71,1808,56,1767,15,0.008488964346349746,0.9773230088495575,True,True,True,False,0.008488964346349746
PraNet,half_per_clip,identity,confidence_deficit,case72_3,case72,832,0,832,0,0.0,1.0,True,True,True,False,0.0
PraNet,half_per_clip,identity,confidence_deficit,case74_1,case74,1256,617,791,152,0.19216182048040456,0.6297770700636943,False,True,False,False,0.19216182048040456
PraNet,half_per_clip,identity,confidence_deficit,case75_1,case75,1200,256,999,55,0.055055055055055056,0.8325,True,True,True,False,0.055055055055055056
PraNet,half_per_clip,identity,confidence_deficit,case7_2,case7,1048,58,1010,20,0.019801980198019802,0.9637404580152672,True,True,True,False,0.019801980198019802
PraNet,half_per_clip,identity,confidence_deficit,case80_2,case80,1200,11,1193,4,0.003352891869237217,0.9941666666666666,True,True,True,False,0.003352891869237217
PraNet,half_per_clip,identity,confidence_deficit,case80_4,case80,1200,0,1200,0,0.0,1.0,True,True,True,False,0.0
PraNet,half_per_clip,identity,confidence_deficit,case80_6,case80,1200,0,1200,0,0.0,1.0,True,True,True,False,0.0
PraNet,half_per_clip,identity,confidence_deficit,case80_8,case80,1160,6,1157,3,0.0025929127052722557,0.9974137931034482,True,True,True,False,0.0025929127052722557
PraNet,half_per_clip,identity,confidence_deficit,case81_2,case81,2192,62,2139,9,0.004207573632538569,0.9758211678832117,True,True,True,False,0.004207573632538569
PraNet,half_per_clip,identity,confidence_deficit,case83_3,case83,1072,0,1072,0,0.0,1.0,True,True,True,False,0.0
PraNet,half_per_clip,identity,confidence_deficit,case85_7,case85,1200,547,856,203,0.2371495327102804,0.7133333333333334,False,True,False,False,0.2371495327102804
PraNet,half_per_clip,identity,confidence_deficit,case86_1,case86,1200,170,1058,28,0.026465028355387523,0.8816666666666667,True,True,True,False,0.026465028355387523
PraNet,half_per_clip,identity,confidence_deficit,case89,case89,1192,112,1181,101,0.0855207451312447,0.9907718120805369,True,True,True,False,0.0855207451312447
PraNet,half_per_clip,identity,confidence_deficit,case8_2,case8,1128,0,1128,0,0.0,1.0,True,True,True,False,0.0
PraNet,half_per_clip,identity,confidence_deficit,case90_1,case90,1200,42,1173,15,0.01278772378516624,0.9775,True,True,True,False,0.01278772378516624
PraNet,half_per_clip,identity,confidence_deficit,case91_1,case91,1200,831,600,231,0.385,0.5,False,True,False,False,0.385
PraNet,half_per_clip,identity,confidence_deficit,case91_3,case91,1200,1148,600,548,0.9133333333333333,0.5,False,True,False,False,0.9133333333333333
PraNet,half_per_clip,identity,confidence_deficit,case91_5,case91,1200,401,1064,265,0.24906015037593984,0.8866666666666667,False,True,False,False,0.24906015037593984
PraNet,half_per_clip,identity,confidence_deficit,case91_7,case91,1872,216,1761,105,0.059625212947189095,0.9407051282051282,True,True,True,False,0.059625212947189095
PraNet,half_per_clip,identity,confidence_deficit,case93_2,case93,1880,196,1748,64,0.036613272311212815,0.9297872340425531,True,True,True,False,0.036613272311212815
PraNet,half_per_clip,identity,confidence_deficit,case95_1,case95,2072,607,1726,261,0.15121668597914253,0.833011583011583,False,True,False,False,0.15121668597914253
PraNet,half_per_clip,identity,confidence_deficit,case95_3,case95,1200,1200,600,600,1.0,0.5,False,True,False,False,1.0
PraNet,half_per_clip,identity,confidence_deficit,case96_1,case96,920,629,460,169,0.3673913043478261,0.5,False,True,False,False,0.3673913043478261
PraNet,half_per_clip,identity,confidence_deficit,case97_1,case97,1200,1050,600,450,0.75,0.5,False,True,False,False,0.75
PraNet,half_per_clip,identity,confidence_deficit,case97_3,case97,1016,454,763,201,0.2634338138925295,0.7509842519685039,False,True,False,False,0.2634338138925295
PraNet,half_per_clip,identity,entropy,case10_1,case10,1704,810,1396,736,0.5272206303724928,0.8192488262910798,False,True,False,False,0.35959885386819485
PraNet,half_per_clip,identity,entropy,case11,case11,904,50,898,45,0.05011135857461024,0.9933628318584071,True,True,True,False,0.04899777282850779
PraNet,half_per_clip,identity,entropy,case12_2,case12,1984,491,1980,489,0.24696969696969698,0.9979838709677419,False,True,False,False,0.24595959595959596
PraNet,half_per_clip,identity,entropy,case13_1,case13,784,107,510,77,0.15098039215686274,0.6505102040816326,False,True,False,False,0.0
PraNet,half_per_clip,identity,entropy,case13_3,case13,1408,17,1377,9,0.006535947712418301,0.9779829545454546,True,True,True,False,0.0
PraNet,half_per_clip,identity,entropy,case14_2,case14,1200,1194,1178,1178,1.0,0.9816666666666667,False,True,False,False,0.9949066213921901
PraNet,half_per_clip,identity,entropy,case14_4,case14,1160,1121,987,984,0.9969604863221885,0.8508620689655172,False,True,False,False,0.9604863221884499
PraNet,half_per_clip,identity,entropy,case14_6,case14,1600,1578,1496,1495,0.9993315508021391,0.935,False,True,False,False,0.9852941176470589
PraNet,half_per_clip,identity,entropy,case1_2,case1,1728,3,1726,3,0.0017381228273464658,0.9988425925925926,True,True,True,False,0.0005793742757821553
PraNet,half_per_clip,identity,entropy,case20_7,case20,1360,474,1239,449,0.36238902340597257,0.9110294117647059,False,True,False,False,0.28490718321226793
PraNet,half_per_clip,identity,entropy,case20_9,case20,1200,300,1180,291,0.24661016949152542,0.9833333333333333,False,True,False,False,0.23728813559322035
PraNet,half_per_clip,identity,entropy,case24_1,case24,1200,172,783,149,0.19029374201787994,0.6525,False,True,False,False,0.0
PraNet,half_per_clip,identity,entropy,case24_3,case24,1216,0,1216,0,0.0,1.0,True,True,True,False,0.0
PraNet,half_per_clip,identity,entropy,case24_5,case24,1200,49,1011,38,0.03758654797230465,0.8425,True,True,True,False,0.0
PraNet,half_per_clip,identity,entropy,case25_2,case25,1088,77,1018,54,0.05304518664047151,0.9356617647058824,True,True,True,False,0.0068762278978389
PraNet,half_per_clip,identity,entropy,case29_1,case29,1712,260,1470,204,0.13877551020408163,0.8586448598130841,True,True,True,False,0.012244897959183673
PraNet,half_per_clip,identity,entropy,case2_3,case2,1200,0,1159,0,0.0,0.9658333333333333,True,True,True,False,0.0
PraNet,half_per_clip,identity,entropy,case2_6,case2,792,0,779,0,0.0,0.9835858585858586,True,True,True,False,0.0
PraNet,half_per_clip,identity,entropy,case2_9,case2,896,0,840,0,0.0,0.9375,True,True,True,False,0.0
PraNet,half_per_clip,identity,entropy,case31,case31,1464,50,1208,31,0.02566225165562914,0.825136612021858,True,True,True,False,0.0
PraNet,half_per_clip,identity,entropy,case32_2,case32,800,6,541,1,0.0018484288354898336,0.67625,True,True,True,False,0.0
PraNet,half_per_clip,identity,entropy,case32_4,case32,1480,280,824,212,0.25728155339805825,0.5567567567567567,False,True,False,False,0.0
PraNet,half_per_clip,identity,entropy,case32_6,case32,1368,16,1008,12,0.011904761904761904,0.7368421052631579,True,True,True,False,0.0
PraNet,half_per_clip,identity,entropy,case34_2,case34,992,19,878,14,0.015945330296127564,0.8850806451612904,True,True,True,False,0.0
PraNet,half_per_clip,identity,entropy,case35_2,case35,720,0,360,0,0.0,0.5,True,True,True,False,0.0
PraNet,half_per_clip,identity,entropy,case35_8,case35,928,141,464,82,0.17672413793103448,0.5,False,True,False,False,0.0
PraNet,half_per_clip,identity,entropy,case36_2,case36,1200,886,1090,869,0.7972477064220184,0.9083333333333333,False,True,False,False,0.7119266055045872
PraNet,half_per_clip,identity,entropy,case36_4,case36,1024,1002,1019,998,0.9793915603532876,0.9951171875,False,True,False,False,0.9784102060843964
PraNet,half_per_clip,identity,entropy,case37_2,case37,1272,115,636,94,0.14779874213836477,0.5,True,True,True,False,0.0
PraNet,half_per_clip,identity,entropy,case38_2,case38,2032,677,1971,643,0.32623033992897005,0.96998031496063,False,True,False,False,0.31253170979198375
PraNet,half_per_clip,identity,entropy,case39_2,case39,2160,363,1625,292,0.17969230769230768,0.7523148148148148,False,True,False,False,0.0
PraNet,half_per_clip,identity,entropy,case3_1,case3,1584,219,1537,207,0.1346779440468445,0.9703282828282829,True,True,True,False,0.11190631099544568
PraNet,half_per_clip,identity,entropy,case40,case40,1272,401,1266,397,0.3135860979462875,0.9952830188679245,False,True,False,False,0.31200631911532384
PraNet,half_per_clip,identity,entropy,case43,case43,2080,165,2019,164,0.08122833085685983,0.9706730769230769,True,True,True,False,0.05151064883605745
PraNet,half_per_clip,identity,entropy,case47_2,case47,1200,65,1074,55,0.051210428305400374,0.895,True,True,True,False,0.0
PraNet,half_per_clip,identity,entropy,case47_4,case47,1064,0,1064,0,0.0,1.0,True,True,True,False,0.0
PraNet,half_per_clip,identity,entropy,case48,case48,1408,382,1305,362,0.27739463601532566,0.9268465909090909,False,True,False,False,0.21379310344827587
PraNet,half_per_clip,identity,entropy,case50_2,case50,1200,9,879,7,0.007963594994311717,0.7325,True,True,True,False,0.0
PraNet,half_per_clip,identity,entropy,case50_4,case50,1896,162,1279,117,0.09147771696637999,0.67457805907173,True,True,True,False,0.0
PraNet,half_per_clip,identity,entropy,case51_10,case51,1744,44,1057,31,0.0293282876064333,0.6060779816513762,True,True,True,False,0.0
PraNet,half_per_clip,identity,entropy,case51_3,case51,1680,209,1528,198,0.12958115183246074,0.9095238095238095,True,True,True,False,0.037303664921465966
PraNet,half_per_clip,identity,entropy,case51_5,case51,1200,115,1172,111,0.0947098976109215,0.9766666666666667,True,True,True,False,0.07423208191126279
PraNet,half_per_clip,identity,entropy,case51_7,case51,1072,278,1047,272,0.2597898758357211,0.976679104477612,False,True,False,False,0.24164278892072588
PraNet,half_per_clip,identity,entropy,case51_9,case51,1200,263,817,96,0.1175030599755202,0.6808333333333333,True,True,True,False,0.0
PraNet,half_per_clip,identity,entropy,case54_1,case54,1688,865,1546,837,0.5413971539456662,0.9158767772511849,False,True,False,False,0.46765847347994827
PraNet,half_per_clip,identity,entropy,case56_1,case56,1200,75,1173,64,0.05456095481670929,0.9775,True,True,True,False,0.04092071611253197
PraNet,half_per_clip,identity,entropy,case5_4,case5,1200,18,1194,18,0.01507537688442211,0.995,True,True,True,False,0.010050251256281407
PraNet,half_per_clip,identity,entropy,case60,case60,1168,1043,1028,989,0.9620622568093385,0.8801369863013698,False,True,False,False,0.8784046692607004
PraNet,half_per_clip,identity,entropy,case61_3,case61,1768,71,1733,70,0.040392383150605886,0.9802036199095022,True,True,True,False,0.0207732256203116
PraNet,half_per_clip,identity,entropy,case63_3,case63,1384,51,1361,49,0.03600293901542983,0.9833815028901735,True,True,True,False,0.020573108008817047
PraNet,half_per_clip,identity,entropy,case66_2,case66,2584,16,2567,8,0.0031164783794312427,0.993421052631579,True,True,True,False,0.0
PraNet,half_per_clip,identity,entropy,case66_4,case66,1888,0,1877,0,0.0,0.9941737288135594,True,True,True,False,0.0
PraNet,half_per_clip,identity,entropy,case66_6,case66,1072,0,1072,0,0.0,1.0,True,True,True,False,0.0
PraNet,half_per_clip,identity,entropy,case66_9,case66,1600,8,1589,8,0.005034612964128383,0.993125,True,True,True,False,0.0
PraNet,half_per_clip,identity,entropy,case68_1,case68,1312,80,656,39,0.05945121951219512,0.5,True,True,True,False,0.0
PraNet,half_per_clip,identity,entropy,case68_3,case68,1304,208,652,162,0.24846625766871167,0.5,False,True,False,False,0.0
PraNet,half_per_clip,identity,entropy,case68_5,case68,1200,29,600,7,0.011666666666666667,0.5,True,True,True,False,0.0
PraNet,half_per_clip,identity,entropy,case68_7,case68,1840,510,1051,446,0.42435775451950525,0.571195652173913,False,True,False,False,0.0
PraNet,half_per_clip,identity,entropy,case6_3,case6,1680,1668,1648,1642,0.9963592233009708,0.9809523809523809,False,True,False,False,0.9927184466019418
PraNet,half_per_clip,identity,entropy,case71_1,case71,1024,418,823,360,0.4374240583232078,0.8037109375,False,True,False,False,0.26366950182260024
PraNet,half_per_clip,identity,entropy,case71_5,case71,1808,56,1806,56,0.031007751937984496,0.9988938053097345,True,True,True,False,0.029900332225913623
PraNet,half_per_clip,identity,entropy,case72_3,case72,832,0,832,0,0.0,1.0,True,True,True,False,0.0
PraNet,half_per_clip,identity,entropy,case74_1,case74,1256,617,1143,602,0.5266841644794401,0.910031847133758,False,True,False,False,0.4409448818897638
PraNet,half_per_clip,identity,entropy,case75_1,case75,1200,256,1177,240,0.20390824129141885,0.9808333333333333,False,True,False,False,0.1979609175870858
PraNet,half_per_clip,identity,entropy,case7_2,case7,1048,58,1027,56,0.054527750730282376,0.9799618320610687,True,True,True,False,0.03602726387536514
PraNet,half_per_clip,identity,entropy,case80_2,case80,1200,11,1185,8,0.006751054852320675,0.9875,True,True,True,False,0.0
PraNet,half_per_clip,identity,entropy,case80_4,case80,1200,0,1197,0,0.0,0.9975,True,True,True,False,0.0
PraNet,half_per_clip,identity,entropy,case80_6,case80,1200,0,1185,0,0.0,0.9875,True,True,True,False,0.0
PraNet,half_per_clip,identity,entropy,case80_8,case80,1160,6,1159,6,0.005176876617773943,0.9991379310344828,True,True,True,False,0.004314063848144953
PraNet,half_per_clip,identity,entropy,case81_2,case81,2192,62,2181,62,0.028427326914259515,0.9949817518248175,True,True,True,False,0.023383768913342505
PraNet,half_per_clip,identity,entropy,case83_3,case83,1072,0,1072,0,0.0,1.0,True,True,True,False,0.0
PraNet,half_per_clip,identity,entropy,case85_7,case85,1200,547,923,524,0.5677139761646804,0.7691666666666667,False,True,False,False,0.29252437703141926
PraNet,half_per_clip,identity,entropy,case86_1,case86,1200,170,1188,166,0.13973063973063973,0.99,True,True,True,False,0.132996632996633
PraNet,half_per_clip,identity,entropy,case89,case89,1192,112,1063,102,0.09595484477892756,0.8917785234899329,True,True,True,False,0.0
PraNet,half_per_clip,identity,entropy,case8_2,case8,1128,0,1058,0,0.0,0.9379432624113475,True,True,True,False,0.0
PraNet,half_per_clip,identity,entropy,case90_1,case90,1200,42,1103,29,0.02629193109700816,0.9191666666666667,True,True,True,False,0.0
PraNet,half_per_clip,identity,entropy,case91_1,case91,1200,831,1137,810,0.712401055408971,0.9475,False,True,False,False,0.6754617414248021
PraNet,half_per_clip,identity,entropy,case91_3,case91,1200,1148,1162,1111,0.9561101549053356,0.9683333333333334,False,True,False,False,0.955249569707401
PraNet,half_per_clip,identity,entropy,case91_5,case91,1200,401,751,231,0.30758988015978694,0.6258333333333334,False,True,False,False,0.0
PraNet,half_per_clip,identity,entropy,case91_7,case91,1872,216,1807,196,0.10846707249584947,0.9652777777777778,True,True,True,False,0.0835639180962922
PraNet,half_per_clip,identity,entropy,case93_2,case93,1880,196,1732,183,0.1056581986143187,0.9212765957446809,True,True,True,False,0.02771362586605081
PraNet,half_per_clip,identity,entropy,case95_1,case95,2072,607,1772,499,0.2816027088036117,0.8552123552123552,False,True,False,False,0.17325056433408578
PraNet,half_per_clip,identity,entropy,case95_3,case95,1200,1200,1200,1200,1.0,1.0,False,True,False,False,1.0
PraNet,half_per_clip,identity,entropy,case96_1,case96,920,629,888,619,0.6970720720720721,0.9652173913043478,False,True,False,False,0.6722972972972973
PraNet,half_per_clip,identity,entropy,case97_1,case97,1200,1050,966,962,0.9958592132505176,0.805,False,True,False,False,0.84472049689441
PraNet,half_per_clip,identity,entropy,case97_3,case97,1016,454,748,409,0.5467914438502673,0.7362204724409449,False,True,False,False,0.24866310160427807
PraNet,half_per_clip,identity,negative_area_fraction,case10_1,case10,1704,810,1704,810,0.4753521126760563,1.0,False,True,False,False,0.4753521126760563
PraNet,half_per_clip,identity,negative_area_fraction,case11,case11,904,50,904,50,0.05530973451327434,1.0,True,True,True,False,0.05530973451327434
PraNet,half_per_clip,identity,negative_area_fraction,case12_2,case12,1984,491,1984,491,0.2474798387096774,1.0,False,True,False,False,0.2474798387096774
PraNet,half_per_clip,identity,negative_area_fraction,case13_1,case13,784,107,784,107,0.1364795918367347,1.0,True,True,True,False,0.1364795918367347
PraNet,half_per_clip,identity,negative_area_fraction,case13_3,case13,1408,17,1408,17,0.012073863636363636,1.0,True,True,True,False,0.012073863636363636
PraNet,half_per_clip,identity,negative_area_fraction,case14_2,case14,1200,1194,1200,1194,0.995,1.0,False,True,False,False,0.995
PraNet,half_per_clip,identity,negative_area_fraction,case14_4,case14,1160,1121,1160,1121,0.9663793103448276,1.0,False,True,False,False,0.9663793103448276
PraNet,half_per_clip,identity,negative_area_fraction,case14_6,case14,1600,1578,807,785,0.9727385377942999,0.504375,False,True,False,False,0.9727385377942999
PraNet,half_per_clip,identity,negative_area_fraction,case1_2,case1,1728,3,1725,0,0.0,0.9982638888888888,True,True,True,False,0.0
PraNet,half_per_clip,identity,negative_area_fraction,case20_7,case20,1360,474,993,107,0.10775427995971802,0.7301470588235294,True,True,True,False,0.10775427995971802
PraNet,half_per_clip,identity,negative_area_fraction,case20_9,case20,1200,300,938,38,0.04051172707889126,0.7816666666666666,True,True,True,False,0.04051172707889126
PraNet,half_per_clip,identity,negative_area_fraction,case24_1,case24,1200,172,1165,137,0.11759656652360514,0.9708333333333333,True,True,True,False,0.11759656652360514
PraNet,half_per_clip,identity,negative_area_fraction,case24_3,case24,1216,0,1216,0,0.0,1.0,True,True,True,False,0.0
PraNet,half_per_clip,identity,negative_area_fraction,case24_5,case24,1200,49,1177,26,0.022090059473237042,0.9808333333333333,True,True,True,False,0.022090059473237042
PraNet,half_per_clip,identity,negative_area_fraction,case25_2,case25,1088,77,1042,31,0.029750479846449136,0.9577205882352942,True,True,True,False,0.029750479846449136
PraNet,half_per_clip,identity,negative_area_fraction,case29_1,case29,1712,260,1518,66,0.043478260869565216,0.8866822429906542,True,True,True,False,0.043478260869565216
PraNet,half_per_clip,identity,negative_area_fraction,case2_3,case2,1200,0,1200,0,0.0,1.0,True,True,True,False,0.0
PraNet,half_per_clip,identity,negative_area_fraction,case2_6,case2,792,0,792,0,0.0,1.0,True,True,True,False,0.0
PraNet,half_per_clip,identity,negative_area_fraction,case2_9,case2,896,0,896,0,0.0,1.0,True,True,True,False,0.0
PraNet,half_per_clip,identity,negative_area_fraction,case31,case31,1464,50,1456,42,0.028846153846153848,0.994535519125683,True,True,True,False,0.028846153846153848
PraNet,half_per_clip,identity,negative_area_fraction,case32_2,case32,800,6,800,6,0.0075,1.0,True,True,True,False,0.0075
PraNet,half_per_clip,identity,negative_area_fraction,case32_4,case32,1480,280,1310,110,0.08396946564885496,0.8851351351351351,True,True,True,False,0.08396946564885496
PraNet,half_per_clip,identity,negative_area_fraction,case32_6,case32,1368,16,1359,7,0.0051508462104488595,0.993421052631579,True,True,True,False,0.0051508462104488595
PraNet,half_per_clip,identity,negative_area_fraction,case34_2,case34,992,19,989,16,0.016177957532861477,0.9969758064516129,True,True,True,False,0.016177957532861477
PraNet,half_per_clip,identity,negative_area_fraction,case35_2,case35,720,0,720,0,0.0,1.0,True,True,True,False,0.0
PraNet,half_per_clip,identity,negative_area_fraction,case35_8,case35,928,141,901,114,0.12652608213096558,0.9709051724137931,True,True,True,False,0.12652608213096558
PraNet,half_per_clip,identity,negative_area_fraction,case36_2,case36,1200,886,665,351,0.5278195488721804,0.5541666666666667,False,True,False,False,0.5278195488721804
PraNet,half_per_clip,identity,negative_area_fraction,case36_4,case36,1024,1002,639,617,0.9655712050078247,0.6240234375,False,True,False,False,0.9655712050078247
PraNet,half_per_clip,identity,negative_area_fraction,case37_2,case37,1272,115,1215,58,0.047736625514403296,0.9551886792452831,True,True,True,False,0.047736625514403296
PraNet,half_per_clip,identity,negative_area_fraction,case38_2,case38,2032,677,1510,155,0.10264900662251655,0.7431102362204725,True,True,True,False,0.10264900662251655
PraNet,half_per_clip,identity,negative_area_fraction,case39_2,case39,2160,363,1950,153,0.07846153846153846,0.9027777777777778,True,True,True,False,0.07846153846153846
PraNet,half_per_clip,identity,negative_area_fraction,case3_1,case3,1584,219,1432,67,0.0467877094972067,0.9040404040404041,True,True,True,False,0.0467877094972067
PraNet,half_per_clip,identity,negative_area_fraction,case40,case40,1272,401,938,67,0.07142857142857142,0.7374213836477987,True,True,True,False,0.07142857142857142
PraNet,half_per_clip,identity,negative_area_fraction,case43,case43,2080,165,1925,10,0.005194805194805195,0.9254807692307693,True,True,True,False,0.005194805194805195
PraNet,half_per_clip,identity,negative_area_fraction,case47_2,case47,1200,65,1155,20,0.017316017316017316,0.9625,True,True,True,False,0.017316017316017316
PraNet,half_per_clip,identity,negative_area_fraction,case47_4,case47,1064,0,1064,0,0.0,1.0,True,True,True,False,0.0
PraNet,half_per_clip,identity,negative_area_fraction,case48,case48,1408,382,1084,58,0.05350553505535055,0.7698863636363636,True,True,True,False,0.05350553505535055
PraNet,half_per_clip,identity,negative_area_fraction,case50_2,case50,1200,9,1198,7,0.005843071786310518,0.9983333333333333,True,True,True,False,0.005843071786310518
PraNet,half_per_clip,identity,negative_area_fraction,case50_4,case50,1896,162,1822,88,0.048298572996706916,0.9609704641350211,True,True,True,False,0.048298572996706916
PraNet,half_per_clip,identity,negative_area_fraction,case51_10,case51,1744,44,1731,31,0.017908723281340265,0.992545871559633,True,True,True,False,0.017908723281340265
PraNet,half_per_clip,identity,negative_area_fraction,case51_3,case51,1680,209,1532,61,0.03981723237597911,0.9119047619047619,True,True,True,False,0.03981723237597911
PraNet,half_per_clip,identity,negative_area_fraction,case51_5,case51,1200,115,1113,28,0.025157232704402517,0.9275,True,True,True,False,0.025157232704402517
PraNet,half_per_clip,identity,negative_area_fraction,case51_7,case51,1072,278,823,29,0.03523693803159174,0.7677238805970149,True,True,True,False,0.03523693803159174
PraNet,half_per_clip,identity,negative_area_fraction,case51_9,case51,1200,263,1131,194,0.17152961980548187,0.9425,False,True,False,False,0.17152961980548187
PraNet,half_per_clip,identity,negative_area_fraction,case54_1,case54,1688,865,900,77,0.08555555555555555,0.533175355450237,True,True,True,False,0.08555555555555555
PraNet,half_per_clip,identity,negative_area_fraction,case56_1,case56,1200,75,1150,25,0.021739130434782608,0.9583333333333334,True,True,True,False,0.021739130434782608
PraNet,half_per_clip,identity,negative_area_fraction,case5_4,case5,1200,18,1191,9,0.007556675062972292,0.9925,True,True,True,False,0.007556675062972292
PraNet,half_per_clip,identity,negative_area_fraction,case60,case60,1168,1043,584,459,0.785958904109589,0.5,False,True,False,False,0.785958904109589
PraNet,half_per_clip,identity,negative_area_fraction,case61_3,case61,1768,71,1720,23,0.013372093023255814,0.9728506787330317,True,True,True,False,0.013372093023255814
PraNet,half_per_clip,identity,negative_area_fraction,case63_3,case63,1384,51,1350,17,0.012592592592592593,0.9754335260115607,True,True,True,False,0.012592592592592593
PraNet,half_per_clip,identity,negative_area_fraction,case66_2,case66,2584,16,2578,10,0.003878975950349108,0.9976780185758514,True,True,True,False,0.003878975950349108
PraNet,half_per_clip,identity,negative_area_fraction,case66_4,case66,1888,0,1888,0,0.0,1.0,True,True,True,False,0.0
PraNet,half_per_clip,identity,negative_area_fraction,case66_6,case66,1072,0,1072,0,0.0,1.0,True,True,True,False,0.0
PraNet,half_per_clip,identity,negative_area_fraction,case66_9,case66,1600,8,1594,2,0.0012547051442910915,0.99625,True,True,True,False,0.0012547051442910915
PraNet,half_per_clip,identity,negative_area_fraction,case68_1,case68,1312,80,1289,57,0.04422032583397983,0.9824695121951219,True,True,True,False,0.04422032583397983
PraNet,half_per_clip,identity,negative_area_fraction,case68_3,case68,1304,208,1187,91,0.07666385846672283,0.9102760736196319,True,True,True,False,0.07666385846672283
PraNet,half_per_clip,identity,negative_area_fraction,case68_5,case68,1200,29,1193,22,0.018440905280804692,0.9941666666666666,True,True,True,False,0.018440905280804692
PraNet,half_per_clip,identity,negative_area_fraction,case68_7,case68,1840,510,1465,135,0.09215017064846416,0.7961956521739131,True,True,True,False,0.09215017064846416
PraNet,half_per_clip,identity,negative_area_fraction,case6_3,case6,1680,1668,840,828,0.9857142857142858,0.5,False,True,False,False,0.9857142857142858
PraNet,half_per_clip,identity,negative_area_fraction,case71_1,case71,1024,418,716,110,0.15363128491620112,0.69921875,False,True,False,False,0.15363128491620112
PraNet,half_per_clip,identity,negative_area_fraction,case71_5,case71,1808,56,1758,6,0.0034129692832764505,0.9723451327433629,True,True,True,False,0.0034129692832764505
PraNet,half_per_clip,identity,negative_area_fraction,case72_3,case72,832,0,832,0,0.0,1.0,True,True,True,False,0.0
PraNet,half_per_clip,identity,negative_area_fraction,case74_1,case74,1256,617,725,86,0.11862068965517242,0.5772292993630573,True,True,True,False,0.11862068965517242
PraNet,half_per_clip,identity,negative_area_fraction,case75_1,case75,1200,256,974,30,0.030800821355236138,0.8116666666666666,True,True,True,False,0.030800821355236138
PraNet,half_per_clip,identity,negative_area_fraction,case7_2,case7,1048,58,998,8,0.008016032064128256,0.9522900763358778,True,True,True,False,0.008016032064128256
PraNet,half_per_clip,identity,negative_area_fraction,case80_2,case80,1200,11,1193,4,0.003352891869237217,0.9941666666666666,True,True,True,False,0.003352891869237217
PraNet,half_per_clip,identity,negative_area_fraction,case80_4,case80,1200,0,1200,0,0.0,1.0,True,True,True,False,0.0
PraNet,half_per_clip,identity,negative_area_fraction,case80_6,case80,1200,0,1200,0,0.0,1.0,True,True,True,False,0.0
PraNet,half_per_clip,identity,negative_area_fraction,case80_8,case80,1160,6,1156,2,0.0017301038062283738,0.996551724137931,True,True,True,False,0.0017301038062283738
PraNet,half_per_clip,identity,negative_area_fraction,case81_2,case81,2192,62,2134,4,0.0018744142455482662,0.9735401459854015,True,True,True,False,0.0018744142455482662
PraNet,half_per_clip,identity,negative_area_fraction,case83_3,case83,1072,0,1072,0,0.0,1.0,True,True,True,False,0.0
PraNet,half_per_clip,identity,negative_area_fraction,case85_7,case85,1200,547,750,97,0.12933333333333333,0.625,True,True,True,False,0.12933333333333333
PraNet,half_per_clip,identity,negative_area_fraction,case86_1,case86,1200,170,1041,11,0.010566762728146013,0.8675,True,True,True,False,0.010566762728146013
PraNet,half_per_clip,identity,negative_area_fraction,case89,case89,1192,112,1170,90,0.07692307692307693,0.9815436241610739,True,True,True,False,0.07692307692307693
PraNet,half_per_clip,identity,negative_area_fraction,case8_2,case8,1128,0,1128,0,0.0,1.0,True,True,True,False,0.0
PraNet,half_per_clip,identity,negative_area_fraction,case90_1,case90,1200,42,1170,12,0.010256410256410256,0.975,True,True,True,False,0.010256410256410256
PraNet,half_per_clip,identity,negative_area_fraction,case91_1,case91,1200,831,600,231,0.385,0.5,False,True,False,False,0.385
PraNet,half_per_clip,identity,negative_area_fraction,case91_3,case91,1200,1148,600,548,0.9133333333333333,0.5,False,True,False,False,0.9133333333333333
PraNet,half_per_clip,identity,negative_area_fraction,case91_5,case91,1200,401,1005,206,0.20497512437810944,0.8375,False,True,False,False,0.20497512437810944
PraNet,half_per_clip,identity,negative_area_fraction,case91_7,case91,1872,216,1709,53,0.0310122878876536,0.9129273504273504,True,True,True,False,0.0310122878876536
PraNet,half_per_clip,identity,negative_area_fraction,case93_2,case93,1880,196,1720,36,0.020930232558139535,0.9148936170212766,True,True,True,False,0.020930232558139535
PraNet,half_per_clip,identity,negative_area_fraction,case95_1,case95,2072,607,1644,179,0.10888077858880779,0.7934362934362934,True,True,True,False,0.10888077858880779
PraNet,half_per_clip,identity,negative_area_fraction,case95_3,case95,1200,1200,600,600,1.0,0.5,False,True,False,False,1.0
PraNet,half_per_clip,identity,negative_area_fraction,case96_1,case96,920,629,460,169,0.3673913043478261,0.5,False,True,False,False,0.3673913043478261
PraNet,half_per_clip,identity,negative_area_fraction,case97_1,case97,1200,1050,600,450,0.75,0.5,False,True,False,False,0.75
PraNet,half_per_clip,identity,negative_area_fraction,case97_3,case97,1016,454,712,150,0.21067415730337077,0.7007874015748031,False,True,False,False,0.21067415730337077
PraNet,half_per_clip,sha256,confidence_deficit,case10_1,case10,1704,810,1332,438,0.32882882882882886,0.7816901408450704,False,True,False,False,0.32882882882882886
PraNet,half_per_clip,sha256,confidence_deficit,case11,case11,904,50,876,22,0.02511415525114155,0.9690265486725663,True,True,True,False,0.02511415525114155
PraNet,half_per_clip,sha256,confidence_deficit,case12_2,case12,1984,491,1648,155,0.09405339805825243,0.8306451612903226,True,True,True,False,0.09405339805825243
PraNet,half_per_clip,sha256,confidence_deficit,case13_1,case13,784,107,778,101,0.12982005141388175,0.9923469387755102,True,True,True,False,0.12982005141388175
PraNet,half_per_clip,sha256,confidence_deficit,case13_3,case13,1408,17,1404,13,0.009259259259259259,0.9971590909090909,True,True,True,False,0.009259259259259259
PraNet,half_per_clip,sha256,confidence_deficit,case14_2,case14,1200,1194,600,594,0.99,0.5,False,True,False,False,0.99
PraNet,half_per_clip,sha256,confidence_deficit,case14_4,case14,1160,1121,580,541,0.9327586206896552,0.5,False,True,False,False,0.9327586206896552
PraNet,half_per_clip,sha256,confidence_deficit,case14_6,case14,1600,1578,800,778,0.9725,0.5,False,True,False,False,0.9725
PraNet,half_per_clip,sha256,confidence_deficit,case1_2,case1,1728,3,1725,0,0.0,0.9982638888888888,True,True,True,False,0.0
PraNet,half_per_clip,sha256,confidence_deficit,case20_7,case20,1360,474,1079,193,0.1788693234476367,0.7933823529411764,False,True,False,False,0.1788693234476367
PraNet,half_per_clip,sha256,confidence_deficit,case20_9,case20,1200,300,983,83,0.0844354018311292,0.8191666666666667,True,True,True,False,0.0844354018311292
PraNet,half_per_clip,sha256,confidence_deficit,case24_1,case24,1200,172,1176,148,0.12585034013605442,0.98,True,True,True,False,0.12585034013605442
PraNet,half_per_clip,sha256,confidence_deficit,case24_3,case24,1216,0,1216,0,0.0,1.0,True,True,True,False,0.0
PraNet,half_per_clip,sha256,confidence_deficit,case24_5,case24,1200,49,1187,36,0.030328559393428812,0.9891666666666666,True,True,True,False,0.030328559393428812
PraNet,half_per_clip,sha256,confidence_deficit,case25_2,case25,1088,77,1059,48,0.0453257790368272,0.9733455882352942,True,True,True,False,0.0453257790368272
PraNet,half_per_clip,sha256,confidence_deficit,case29_1,case29,1712,260,1573,121,0.07692307692307693,0.9188084112149533,True,True,True,False,0.07692307692307693
PraNet,half_per_clip,sha256,confidence_deficit,case2_3,case2,1200,0,1200,0,0.0,1.0,True,True,True,False,0.0
PraNet,half_per_clip,sha256,confidence_deficit,case2_6,case2,792,0,792,0,0.0,1.0,True,True,True,False,0.0
PraNet,half_per_clip,sha256,confidence_deficit,case2_9,case2,896,0,896,0,0.0,1.0,True,True,True,False,0.0
PraNet,half_per_clip,sha256,confidence_deficit,case31,case31,1464,50,1461,47,0.03216974674880219,0.9979508196721312,True,True,True,False,0.03216974674880219
PraNet,half_per_clip,sha256,confidence_deficit,case32_2,case32,800,6,800,6,0.0075,1.0,True,True,True,False,0.0075
PraNet,half_per_clip,sha256,confidence_deficit,case32_4,case32,1480,280,1360,160,0.11764705882352941,0.918918918918919,True,True,True,False,0.11764705882352941
PraNet,half_per_clip,sha256,confidence_deficit,case32_6,case32,1368,16,1360,8,0.0058823529411764705,0.9941520467836257,True,True,True,False,0.0058823529411764705
PraNet,half_per_clip,sha256,confidence_deficit,case34_2,case34,992,19,991,18,0.018163471241170535,0.998991935483871,True,True,True,False,0.018163471241170535
PraNet,half_per_clip,sha256,confidence_deficit,case35_2,case35,720,0,720,0,0.0,1.0,True,True,True,False,0.0
PraNet,half_per_clip,sha256,confidence_deficit,case35_8,case35,928,141,910,123,0.13516483516483516,0.9806034482758621,True,True,True,False,0.13516483516483516
PraNet,half_per_clip,sha256,confidence_deficit,case36_2,case36,1200,886,819,505,0.6166056166056166,0.6825,False,True,False,False,0.6166056166056166
PraNet,half_per_clip,sha256,confidence_deficit,case36_4,case36,1024,1002,769,747,0.9713914174252276,0.7509765625,False,True,False,False,0.9713914174252276
PraNet,half_per_clip,sha256,confidence_deficit,case37_2,case37,1272,115,1230,73,0.05934959349593496,0.9669811320754716,True,True,True,False,0.05934959349593496
PraNet,half_per_clip,sha256,confidence_deficit,case38_2,case38,2032,677,1628,273,0.1676904176904177,0.8011811023622047,False,True,False,False,0.1676904176904177
PraNet,half_per_clip,sha256,confidence_deficit,case39_2,case39,2160,363,2020,223,0.1103960396039604,0.9351851851851852,True,True,True,False,0.1103960396039604
PraNet,half_per_clip,sha256,confidence_deficit,case3_1,case3,1584,219,1472,107,0.07269021739130435,0.9292929292929293,True,True,True,False,0.07269021739130435
PraNet,half_per_clip,sha256,confidence_deficit,case40,case40,1272,401,997,126,0.12637913741223672,0.7838050314465409,True,True,True,False,0.12637913741223672
PraNet,half_per_clip,sha256,confidence_deficit,case43,case43,2080,165,1941,26,0.013395157135497167,0.9331730769230769,True,True,True,False,0.013395157135497167
PraNet,half_per_clip,sha256,confidence_deficit,case47_2,case47,1200,65,1164,29,0.02491408934707904,0.97,True,True,True,False,0.02491408934707904
PraNet,half_per_clip,sha256,confidence_deficit,case47_4,case47,1064,0,1064,0,0.0,1.0,True,True,True,False,0.0
PraNet,half_per_clip,sha256,confidence_deficit,case48,case48,1408,382,1150,124,0.10782608695652174,0.8167613636363636,True,True,True,False,0.10782608695652174
PraNet,half_per_clip,sha256,confidence_deficit,case50_2,case50,1200,9,1200,9,0.0075,1.0,True,True,True,False,0.0075
PraNet,half_per_clip,sha256,confidence_deficit,case50_4,case50,1896,162,1839,105,0.057096247960848286,0.9699367088607594,True,True,True,False,0.057096247960848286
PraNet,half_per_clip,sha256,confidence_deficit,case51_10,case51,1744,44,1739,39,0.022426682001150087,0.9971330275229358,True,True,True,False,0.022426682001150087
PraNet,half_per_clip,sha256,confidence_deficit,case51_3,case51,1680,209,1577,106,0.06721623335447051,0.9386904761904762,True,True,True,False,0.06721623335447051
PraNet,half_per_clip,sha256,confidence_deficit,case51_5,case51,1200,115,1134,49,0.043209876543209874,0.945,True,True,True,False,0.043209876543209874
PraNet,half_per_clip,sha256,confidence_deficit,case51_7,case51,1072,278,845,51,0.06035502958579882,0.7882462686567164,True,True,True,False,0.06035502958579882
PraNet,half_per_clip,sha256,confidence_deficit,case51_9,case51,1200,263,1156,219,0.1894463667820069,0.9633333333333334,False,True,False,False,0.1894463667820069
PraNet,half_per_clip,sha256,confidence_deficit,case54_1,case54,1688,865,963,140,0.14537902388369678,0.5704976303317536,True,True,True,False,0.14537902388369678
PraNet,half_per_clip,sha256,confidence_deficit,case56_1,case56,1200,75,1169,44,0.037639007698887936,0.9741666666666666,True,True,True,False,0.037639007698887936
PraNet,half_per_clip,sha256,confidence_deficit,case5_4,case5,1200,18,1195,13,0.010878661087866108,0.9958333333333333,True,True,True,False,0.010878661087866108
PraNet,half_per_clip,sha256,confidence_deficit,case60,case60,1168,1043,584,459,0.785958904109589,0.5,False,True,False,False,0.785958904109589
PraNet,half_per_clip,sha256,confidence_deficit,case61_3,case61,1768,71,1737,40,0.023028209556706966,0.9824660633484162,True,True,True,False,0.023028209556706966
PraNet,half_per_clip,sha256,confidence_deficit,case63_3,case63,1384,51,1364,31,0.022727272727272728,0.9855491329479769,True,True,True,False,0.022727272727272728
PraNet,half_per_clip,sha256,confidence_deficit,case66_2,case66,2584,16,2581,13,0.005036807438977141,0.9988390092879257,True,True,True,False,0.005036807438977141
PraNet,half_per_clip,sha256,confidence_deficit,case66_4,case66,1888,0,1888,0,0.0,1.0,True,True,True,False,0.0
PraNet,half_per_clip,sha256,confidence_deficit,case66_6,case66,1072,0,1072,0,0.0,1.0,True,True,True,False,0.0
PraNet,half_per_clip,sha256,confidence_deficit,case66_9,case66,1600,8,1595,3,0.0018808777429467085,0.996875,True,True,True,False,0.0018808777429467085
PraNet,half_per_clip,sha256,confidence_deficit,case68_1,case68,1312,80,1301,69,0.053036126056879324,0.9916158536585366,True,True,True,False,0.053036126056879324
PraNet,half_per_clip,sha256,confidence_deficit,case68_3,case68,1304,208,1222,126,0.10310965630114566,0.9371165644171779,True,True,True,False,0.10310965630114566
PraNet,half_per_clip,sha256,confidence_deficit,case68_5,case68,1200,29,1197,26,0.02172096908939014,0.9975,True,True,True,False,0.02172096908939014
PraNet,half_per_clip,sha256,confidence_deficit,case68_7,case68,1840,510,1540,210,0.13636363636363635,0.8369565217391305,True,True,True,False,0.13636363636363635
PraNet,half_per_clip,sha256,confidence_deficit,case6_3,case6,1680,1668,840,828,0.9857142857142858,0.5,False,True,False,False,0.9857142857142858
PraNet,half_per_clip,sha256,confidence_deficit,case71_1,case71,1024,418,767,161,0.20990873533246415,0.7490234375,False,True,False,False,0.20990873533246415
PraNet,half_per_clip,sha256,confidence_deficit,case71_5,case71,1808,56,1767,15,0.008488964346349746,0.9773230088495575,True,True,True,False,0.008488964346349746
PraNet,half_per_clip,sha256,confidence_deficit,case72_3,case72,832,0,832,0,0.0,1.0,True,True,True,False,0.0
PraNet,half_per_clip,sha256,confidence_deficit,case74_1,case74,1256,617,791,152,0.19216182048040456,0.6297770700636943,False,True,False,False,0.19216182048040456
PraNet,half_per_clip,sha256,confidence_deficit,case75_1,case75,1200,256,999,55,0.055055055055055056,0.8325,True,True,True,False,0.055055055055055056
PraNet,half_per_clip,sha256,confidence_deficit,case7_2,case7,1048,58,1010,20,0.019801980198019802,0.9637404580152672,True,True,True,False,0.019801980198019802
PraNet,half_per_clip,sha256,confidence_deficit,case80_2,case80,1200,11,1193,4,0.003352891869237217,0.9941666666666666,True,True,True,False,0.003352891869237217
PraNet,half_per_clip,sha256,confidence_deficit,case80_4,case80,1200,0,1200,0,0.0,1.0,True,True,True,False,0.0
PraNet,half_per_clip,sha256,confidence_deficit,case80_6,case80,1200,0,1200,0,0.0,1.0,True,True,True,False,0.0
PraNet,half_per_clip,sha256,confidence_deficit,case80_8,case80,1160,6,1157,3,0.0025929127052722557,0.9974137931034482,True,True,True,False,0.0025929127052722557
PraNet,half_per_clip,sha256,confidence_deficit,case81_2,case81,2192,62,2139,9,0.004207573632538569,0.9758211678832117,True,True,True,False,0.004207573632538569
PraNet,half_per_clip,sha256,confidence_deficit,case83_3,case83,1072,0,1072,0,0.0,1.0,True,True,True,False,0.0
PraNet,half_per_clip,sha256,confidence_deficit,case85_7,case85,1200,547,856,203,0.2371495327102804,0.7133333333333334,False,True,False,False,0.2371495327102804
PraNet,half_per_clip,sha256,confidence_deficit,case86_1,case86,1200,170,1058,28,0.026465028355387523,0.8816666666666667,True,True,True,False,0.026465028355387523
PraNet,half_per_clip,sha256,confidence_deficit,case89,case89,1192,112,1181,101,0.0855207451312447,0.9907718120805369,True,True,True,False,0.0855207451312447
PraNet,half_per_clip,sha256,confidence_deficit,case8_2,case8,1128,0,1128,0,0.0,1.0,True,True,True,False,0.0
PraNet,half_per_clip,sha256,confidence_deficit,case90_1,case90,1200,42,1173,15,0.01278772378516624,0.9775,True,True,True,False,0.01278772378516624
PraNet,half_per_clip,sha256,confidence_deficit,case91_1,case91,1200,831,600,231,0.385,0.5,False,True,False,False,0.385
PraNet,half_per_clip,sha256,confidence_deficit,case91_3,case91,1200,1148,600,548,0.9133333333333333,0.5,False,True,False,False,0.9133333333333333
PraNet,half_per_clip,sha256,confidence_deficit,case91_5,case91,1200,401,1064,265,0.24906015037593984,0.8866666666666667,False,True,False,False,0.24906015037593984
PraNet,half_per_clip,sha256,confidence_deficit,case91_7,case91,1872,216,1761,105,0.059625212947189095,0.9407051282051282,True,True,True,False,0.059625212947189095
PraNet,half_per_clip,sha256,confidence_deficit,case93_2,case93,1880,196,1748,64,0.036613272311212815,0.9297872340425531,True,True,True,False,0.036613272311212815
PraNet,half_per_clip,sha256,confidence_deficit,case95_1,case95,2072,607,1726,261,0.15121668597914253,0.833011583011583,False,True,False,False,0.15121668597914253
PraNet,half_per_clip,sha256,confidence_deficit,case95_3,case95,1200,1200,600,600,1.0,0.5,False,True,False,False,1.0
PraNet,half_per_clip,sha256,confidence_deficit,case96_1,case96,920,629,460,169,0.3673913043478261,0.5,False,True,False,False,0.3673913043478261
PraNet,half_per_clip,sha256,confidence_deficit,case97_1,case97,1200,1050,600,450,0.75,0.5,False,True,False,False,0.75
PraNet,half_per_clip,sha256,confidence_deficit,case97_3,case97,1016,454,763,201,0.2634338138925295,0.7509842519685039,False,True,False,False,0.2634338138925295
PraNet,half_per_clip,sha256,entropy,case10_1,case10,1704,810,1395,736,0.5275985663082438,0.8186619718309859,False,True,False,False,0.35913978494623655
PraNet,half_per_clip,sha256,entropy,case11,case11,904,50,898,45,0.05011135857461024,0.9933628318584071,True,True,True,False,0.04899777282850779
PraNet,half_per_clip,sha256,entropy,case12_2,case12,1984,491,1980,489,0.24696969696969698,0.9979838709677419,False,True,False,False,0.24595959595959596
PraNet,half_per_clip,sha256,entropy,case13_1,case13,784,107,510,77,0.15098039215686274,0.6505102040816326,False,True,False,False,0.0
PraNet,half_per_clip,sha256,entropy,case13_3,case13,1408,17,1377,9,0.006535947712418301,0.9779829545454546,True,True,True,False,0.0
PraNet,half_per_clip,sha256,entropy,case14_2,case14,1200,1194,1178,1178,1.0,0.9816666666666667,False,True,False,False,0.9949066213921901
PraNet,half_per_clip,sha256,entropy,case14_4,case14,1160,1121,988,985,0.9969635627530364,0.8517241379310345,False,True,False,False,0.9605263157894737
PraNet,half_per_clip,sha256,entropy,case14_6,case14,1600,1578,1496,1495,0.9993315508021391,0.935,False,True,False,False,0.9852941176470589
PraNet,half_per_clip,sha256,entropy,case1_2,case1,1728,3,1726,3,0.0017381228273464658,0.9988425925925926,True,True,True,False,0.0005793742757821553
PraNet,half_per_clip,sha256,entropy,case20_7,case20,1360,474,1239,449,0.36238902340597257,0.9110294117647059,False,True,False,False,0.28490718321226793
PraNet,half_per_clip,sha256,entropy,case20_9,case20,1200,300,1180,291,0.24661016949152542,0.9833333333333333,False,True,False,False,0.23728813559322035
PraNet,half_per_clip,sha256,entropy,case24_1,case24,1200,172,783,149,0.19029374201787994,0.6525,False,True,False,False,0.0
PraNet,half_per_clip,sha256,entropy,case24_3,case24,1216,0,1216,0,0.0,1.0,True,True,True,False,0.0
PraNet,half_per_clip,sha256,entropy,case24_5,case24,1200,49,1011,38,0.03758654797230465,0.8425,True,True,True,False,0.0
PraNet,half_per_clip,sha256,entropy,case25_2,case25,1088,77,1018,54,0.05304518664047151,0.9356617647058824,True,True,True,False,0.0068762278978389
PraNet,half_per_clip,sha256,entropy,case29_1,case29,1712,260,1470,204,0.13877551020408163,0.8586448598130841,True,True,True,False,0.012244897959183673
PraNet,half_per_clip,sha256,entropy,case2_3,case2,1200,0,1159,0,0.0,0.9658333333333333,True,True,True,False,0.0
PraNet,half_per_clip,sha256,entropy,case2_6,case2,792,0,779,0,0.0,0.9835858585858586,True,True,True,False,0.0
PraNet,half_per_clip,sha256,entropy,case2_9,case2,896,0,840,0,0.0,0.9375,True,True,True,False,0.0
PraNet,half_per_clip,sha256,entropy,case31,case31,1464,50,1208,31,0.02566225165562914,0.825136612021858,True,True,True,False,0.0
PraNet,half_per_clip,sha256,entropy,case32_2,case32,800,6,541,1,0.0018484288354898336,0.67625,True,True,True,False,0.0
PraNet,half_per_clip,sha256,entropy,case32_4,case32,1480,280,824,212,0.25728155339805825,0.5567567567567567,False,True,False,False,0.0
PraNet,half_per_clip,sha256,entropy,case32_6,case32,1368,16,1008,12,0.011904761904761904,0.7368421052631579,True,True,True,False,0.0
PraNet,half_per_clip,sha256,entropy,case34_2,case34,992,19,878,14,0.015945330296127564,0.8850806451612904,True,True,True,False,0.0
PraNet,half_per_clip,sha256,entropy,case35_2,case35,720,0,360,0,0.0,0.5,True,True,True,False,0.0
PraNet,half_per_clip,sha256,entropy,case35_8,case35,928,141,464,82,0.17672413793103448,0.5,False,True,False,False,0.0
PraNet,half_per_clip,sha256,entropy,case36_2,case36,1200,886,1090,869,0.7972477064220184,0.9083333333333333,False,True,False,False,0.7119266055045872
PraNet,half_per_clip,sha256,entropy,case36_4,case36,1024,1002,1019,998,0.9793915603532876,0.9951171875,False,True,False,False,0.9784102060843964
PraNet,half_per_clip,sha256,entropy,case37_2,case37,1272,115,636,94,0.14779874213836477,0.5,True,True,True,False,0.0
PraNet,half_per_clip,sha256,entropy,case38_2,case38,2032,677,1971,643,0.32623033992897005,0.96998031496063,False,True,False,False,0.31253170979198375
PraNet,half_per_clip,sha256,entropy,case39_2,case39,2160,363,1625,292,0.17969230769230768,0.7523148148148148,False,True,False,False,0.0
PraNet,half_per_clip,sha256,entropy,case3_1,case3,1584,219,1537,207,0.1346779440468445,0.9703282828282829,True,True,True,False,0.11190631099544568
PraNet,half_per_clip,sha256,entropy,case40,case40,1272,401,1266,397,0.3135860979462875,0.9952830188679245,False,True,False,False,0.31200631911532384
PraNet,half_per_clip,sha256,entropy,case43,case43,2080,165,2019,164,0.08122833085685983,0.9706730769230769,True,True,True,False,0.05151064883605745
PraNet,half_per_clip,sha256,entropy,case47_2,case47,1200,65,1074,55,0.051210428305400374,0.895,True,True,True,False,0.0
PraNet,half_per_clip,sha256,entropy,case47_4,case47,1064,0,1064,0,0.0,1.0,True,True,True,False,0.0
PraNet,half_per_clip,sha256,entropy,case48,case48,1408,382,1305,362,0.27739463601532566,0.9268465909090909,False,True,False,False,0.21379310344827587
PraNet,half_per_clip,sha256,entropy,case50_2,case50,1200,9,879,7,0.007963594994311717,0.7325,True,True,True,False,0.0
PraNet,half_per_clip,sha256,entropy,case50_4,case50,1896,162,1279,117,0.09147771696637999,0.67457805907173,True,True,True,False,0.0
PraNet,half_per_clip,sha256,entropy,case51_10,case51,1744,44,1057,31,0.0293282876064333,0.6060779816513762,True,True,True,False,0.0
PraNet,half_per_clip,sha256,entropy,case51_3,case51,1680,209,1528,198,0.12958115183246074,0.9095238095238095,True,True,True,False,0.037303664921465966
PraNet,half_per_clip,sha256,entropy,case51_5,case51,1200,115,1172,111,0.0947098976109215,0.9766666666666667,True,True,True,False,0.07423208191126279
PraNet,half_per_clip,sha256,entropy,case51_7,case51,1072,278,1047,272,0.2597898758357211,0.976679104477612,False,True,False,False,0.24164278892072588
PraNet,half_per_clip,sha256,entropy,case51_9,case51,1200,263,817,96,0.1175030599755202,0.6808333333333333,True,True,True,False,0.0
PraNet,half_per_clip,sha256,entropy,case54_1,case54,1688,865,1546,837,0.5413971539456662,0.9158767772511849,False,True,False,False,0.46765847347994827
PraNet,half_per_clip,sha256,entropy,case56_1,case56,1200,75,1173,64,0.05456095481670929,0.9775,True,True,True,False,0.04092071611253197
PraNet,half_per_clip,sha256,entropy,case5_4,case5,1200,18,1194,18,0.01507537688442211,0.995,True,True,True,False,0.010050251256281407
PraNet,half_per_clip,sha256,entropy,case60,case60,1168,1043,1028,989,0.9620622568093385,0.8801369863013698,False,True,False,False,0.8784046692607004
PraNet,half_per_clip,sha256,entropy,case61_3,case61,1768,71,1733,70,0.040392383150605886,0.9802036199095022,True,True,True,False,0.0207732256203116
PraNet,half_per_clip,sha256,entropy,case63_3,case63,1384,51,1361,49,0.03600293901542983,0.9833815028901735,True,True,True,False,0.020573108008817047
PraNet,half_per_clip,sha256,entropy,case66_2,case66,2584,16,2567,8,0.0031164783794312427,0.993421052631579,True,True,True,False,0.0
PraNet,half_per_clip,sha256,entropy,case66_4,case66,1888,0,1877,0,0.0,0.9941737288135594,True,True,True,False,0.0
PraNet,half_per_clip,sha256,entropy,case66_6,case66,1072,0,1072,0,0.0,1.0,True,True,True,False,0.0
PraNet,half_per_clip,sha256,entropy,case66_9,case66,1600,8,1589,8,0.005034612964128383,0.993125,True,True,True,False,0.0
PraNet,half_per_clip,sha256,entropy,case68_1,case68,1312,80,656,39,0.05945121951219512,0.5,True,True,True,False,0.0
PraNet,half_per_clip,sha256,entropy,case68_3,case68,1304,208,652,162,0.24846625766871167,0.5,False,True,False,False,0.0
PraNet,half_per_clip,sha256,entropy,case68_5,case68,1200,29,600,7,0.011666666666666667,0.5,True,True,True,False,0.0
PraNet,half_per_clip,sha256,entropy,case68_7,case68,1840,510,1051,446,0.42435775451950525,0.571195652173913,False,True,False,False,0.0
PraNet,half_per_clip,sha256,entropy,case6_3,case6,1680,1668,1648,1642,0.9963592233009708,0.9809523809523809,False,True,False,False,0.9927184466019418
PraNet,half_per_clip,sha256,entropy,case71_1,case71,1024,418,823,360,0.4374240583232078,0.8037109375,False,True,False,False,0.26366950182260024
PraNet,half_per_clip,sha256,entropy,case71_5,case71,1808,56,1806,56,0.031007751937984496,0.9988938053097345,True,True,True,False,0.029900332225913623
PraNet,half_per_clip,sha256,entropy,case72_3,case72,832,0,832,0,0.0,1.0,True,True,True,False,0.0
PraNet,half_per_clip,sha256,entropy,case74_1,case74,1256,617,1143,602,0.5266841644794401,0.910031847133758,False,True,False,False,0.4409448818897638
PraNet,half_per_clip,sha256,entropy,case75_1,case75,1200,256,1177,240,0.20390824129141885,0.9808333333333333,False,True,False,False,0.1979609175870858
PraNet,half_per_clip,sha256,entropy,case7_2,case7,1048,58,1027,56,0.054527750730282376,0.9799618320610687,True,True,True,False,0.03602726387536514
PraNet,half_per_clip,sha256,entropy,case80_2,case80,1200,11,1185,8,0.006751054852320675,0.9875,True,True,True,False,0.0
PraNet,half_per_clip,sha256,entropy,case80_4,case80,1200,0,1197,0,0.0,0.9975,True,True,True,False,0.0
PraNet,half_per_clip,sha256,entropy,case80_6,case80,1200,0,1185,0,0.0,0.9875,True,True,True,False,0.0
PraNet,half_per_clip,sha256,entropy,case80_8,case80,1160,6,1159,6,0.005176876617773943,0.9991379310344828,True,True,True,False,0.004314063848144953
PraNet,half_per_clip,sha256,entropy,case81_2,case81,2192,62,2181,62,0.028427326914259515,0.9949817518248175,True,True,True,False,0.023383768913342505
PraNet,half_per_clip,sha256,entropy,case83_3,case83,1072,0,1072,0,0.0,1.0,True,True,True,False,0.0
PraNet,half_per_clip,sha256,entropy,case85_7,case85,1200,547,923,524,0.5677139761646804,0.7691666666666667,False,True,False,False,0.29252437703141926
PraNet,half_per_clip,sha256,entropy,case86_1,case86,1200,170,1188,166,0.13973063973063973,0.99,True,True,True,False,0.132996632996633
PraNet,half_per_clip,sha256,entropy,case89,case89,1192,112,1063,102,0.09595484477892756,0.8917785234899329,True,True,True,False,0.0
PraNet,half_per_clip,sha256,entropy,case8_2,case8,1128,0,1058,0,0.0,0.9379432624113475,True,True,True,False,0.0
PraNet,half_per_clip,sha256,entropy,case90_1,case90,1200,42,1103,29,0.02629193109700816,0.9191666666666667,True,True,True,False,0.0
PraNet,half_per_clip,sha256,entropy,case91_1,case91,1200,831,1137,810,0.712401055408971,0.9475,False,True,False,False,0.6754617414248021
PraNet,half_per_clip,sha256,entropy,case91_3,case91,1200,1148,1162,1111,0.9561101549053356,0.9683333333333334,False,True,False,False,0.955249569707401
PraNet,half_per_clip,sha256,entropy,case91_5,case91,1200,401,751,231,0.30758988015978694,0.6258333333333334,False,True,False,False,0.0
PraNet,half_per_clip,sha256,entropy,case91_7,case91,1872,216,1807,196,0.10846707249584947,0.9652777777777778,True,True,True,False,0.0835639180962922
PraNet,half_per_clip,sha256,entropy,case93_2,case93,1880,196,1732,183,0.1056581986143187,0.9212765957446809,True,True,True,False,0.02771362586605081
PraNet,half_per_clip,sha256,entropy,case95_1,case95,2072,607,1772,499,0.2816027088036117,0.8552123552123552,False,True,False,False,0.17325056433408578
PraNet,half_per_clip,sha256,entropy,case95_3,case95,1200,1200,1200,1200,1.0,1.0,False,True,False,False,1.0
PraNet,half_per_clip,sha256,entropy,case96_1,case96,920,629,888,619,0.6970720720720721,0.9652173913043478,False,True,False,False,0.6722972972972973
PraNet,half_per_clip,sha256,entropy,case97_1,case97,1200,1050,966,962,0.9958592132505176,0.805,False,True,False,False,0.84472049689441
PraNet,half_per_clip,sha256,entropy,case97_3,case97,1016,454,748,409,0.5467914438502673,0.7362204724409449,False,True,False,False,0.24866310160427807
PraNet,half_per_clip,sha256,negative_area_fraction,case10_1,case10,1704,810,1306,412,0.31546707503828486,0.7664319248826291,False,True,False,False,0.31546707503828486
PraNet,half_per_clip,sha256,negative_area_fraction,case11,case11,904,50,874,20,0.02288329519450801,0.9668141592920354,True,True,True,False,0.02288329519450801
PraNet,half_per_clip,sha256,negative_area_fraction,case12_2,case12,1984,491,1678,185,0.1102502979737783,0.8457661290322581,True,True,True,False,0.1102502979737783
PraNet,half_per_clip,sha256,negative_area_fraction,case13_1,case13,784,107,774,97,0.12532299741602068,0.9872448979591837,True,True,True,False,0.12532299741602068
PraNet,half_per_clip,sha256,negative_area_fraction,case13_3,case13,1408,17,1404,13,0.009259259259259259,0.9971590909090909,True,True,True,False,0.009259259259259259
PraNet,half_per_clip,sha256,negative_area_fraction,case14_2,case14,1200,1194,600,594,0.99,0.5,False,True,False,False,0.99
PraNet,half_per_clip,sha256,negative_area_fraction,case14_4,case14,1160,1121,580,541,0.9327586206896552,0.5,False,True,False,False,0.9327586206896552
PraNet,half_per_clip,sha256,negative_area_fraction,case14_6,case14,1600,1578,800,778,0.9725,0.5,False,True,False,False,0.9725
PraNet,half_per_clip,sha256,negative_area_fraction,case1_2,case1,1728,3,1727,2,0.0011580775911986102,0.9994212962962963,True,True,True,False,0.0011580775911986102
PraNet,half_per_clip,sha256,negative_area_fraction,case20_7,case20,1360,474,1074,188,0.1750465549348231,0.7897058823529411,False,True,False,False,0.1750465549348231
PraNet,half_per_clip,sha256,negative_area_fraction,case20_9,case20,1200,300,969,69,0.07120743034055728,0.8075,True,True,True,False,0.07120743034055728
PraNet,half_per_clip,sha256,negative_area_fraction,case24_1,case24,1200,172,1170,142,0.12136752136752137,0.975,True,True,True,False,0.12136752136752137
PraNet,half_per_clip,sha256,negative_area_fraction,case24_3,case24,1216,0,1216,0,0.0,1.0,True,True,True,False,0.0
PraNet,half_per_clip,sha256,negative_area_fraction,case24_5,case24,1200,49,1184,33,0.02787162162162162,0.9866666666666667,True,True,True,False,0.02787162162162162
PraNet,half_per_clip,sha256,negative_area_fraction,case25_2,case25,1088,77,1046,35,0.033460803059273424,0.9613970588235294,True,True,True,False,0.033460803059273424
PraNet,half_per_clip,sha256,negative_area_fraction,case29_1,case29,1712,260,1553,101,0.06503541532517708,0.907126168224299,True,True,True,False,0.06503541532517708
PraNet,half_per_clip,sha256,negative_area_fraction,case2_3,case2,1200,0,1200,0,0.0,1.0,True,True,True,False,0.0
PraNet,half_per_clip,sha256,negative_area_fraction,case2_6,case2,792,0,792,0,0.0,1.0,True,True,True,False,0.0
PraNet,half_per_clip,sha256,negative_area_fraction,case2_9,case2,896,0,896,0,0.0,1.0,True,True,True,False,0.0
PraNet,half_per_clip,sha256,negative_area_fraction,case31,case31,1464,50,1459,45,0.030843043180260453,0.9965846994535519,True,True,True,False,0.030843043180260453
PraNet,half_per_clip,sha256,negative_area_fraction,case32_2,case32,800,6,800,6,0.0075,1.0,True,True,True,False,0.0075
PraNet,half_per_clip,sha256,negative_area_fraction,case32_4,case32,1480,280,1358,158,0.11634756995581738,0.9175675675675675,True,True,True,False,0.11634756995581738
PraNet,half_per_clip,sha256,negative_area_fraction,case32_6,case32,1368,16,1363,11,0.008070432868672046,0.9963450292397661,True,True,True,False,0.008070432868672046
PraNet,half_per_clip,sha256,negative_area_fraction,case34_2,case34,992,19,990,17,0.01717171717171717,0.9979838709677419,True,True,True,False,0.01717171717171717
PraNet,half_per_clip,sha256,negative_area_fraction,case35_2,case35,720,0,720,0,0.0,1.0,True,True,True,False,0.0
PraNet,half_per_clip,sha256,negative_area_fraction,case35_8,case35,928,141,910,123,0.13516483516483516,0.9806034482758621,True,True,True,False,0.13516483516483516
PraNet,half_per_clip,sha256,negative_area_fraction,case36_2,case36,1200,886,772,458,0.5932642487046632,0.6433333333333333,False,True,False,False,0.5932642487046632
PraNet,half_per_clip,sha256,negative_area_fraction,case36_4,case36,1024,1002,731,709,0.9699042407660738,0.7138671875,False,True,False,False,0.9699042407660738
PraNet,half_per_clip,sha256,negative_area_fraction,case37_2,case37,1272,115,1226,69,0.05628058727569331,0.9638364779874213,True,True,True,False,0.05628058727569331
PraNet,half_per_clip,sha256,negative_area_fraction,case38_2,case38,2032,677,1608,253,0.15733830845771143,0.7913385826771654,False,True,False,False,0.15733830845771143
PraNet,half_per_clip,sha256,negative_area_fraction,case39_2,case39,2160,363,1997,200,0.100150225338007,0.924537037037037,True,True,True,False,0.100150225338007
PraNet,half_per_clip,sha256,negative_area_fraction,case3_1,case3,1584,219,1460,95,0.06506849315068493,0.9217171717171717,True,True,True,False,0.06506849315068493
PraNet,half_per_clip,sha256,negative_area_fraction,case40,case40,1272,401,1010,139,0.13762376237623763,0.7940251572327044,True,True,True,False,0.13762376237623763
PraNet,half_per_clip,sha256,negative_area_fraction,case43,case43,2080,165,1958,43,0.021961184882533197,0.9413461538461538,True,True,True,False,0.021961184882533197
PraNet,half_per_clip,sha256,negative_area_fraction,case47_2,case47,1200,65,1162,27,0.02323580034423408,0.9683333333333334,True,True,True,False,0.02323580034423408
PraNet,half_per_clip,sha256,negative_area_fraction,case47_4,case47,1064,0,1064,0,0.0,1.0,True,True,True,False,0.0
PraNet,half_per_clip,sha256,negative_area_fraction,case48,case48,1408,382,1147,121,0.1054925893635571,0.8146306818181818,True,True,True,False,0.1054925893635571
PraNet,half_per_clip,sha256,negative_area_fraction,case50_2,case50,1200,9,1199,8,0.006672226855713094,0.9991666666666666,True,True,True,False,0.006672226855713094
PraNet,half_per_clip,sha256,negative_area_fraction,case50_4,case50,1896,162,1837,103,0.05606967882416984,0.9688818565400844,True,True,True,False,0.05606967882416984
PraNet,half_per_clip,sha256,negative_area_fraction,case51_10,case51,1744,44,1735,35,0.020172910662824207,0.9948394495412844,True,True,True,False,0.020172910662824207
PraNet,half_per_clip,sha256,negative_area_fraction,case51_3,case51,1680,209,1563,92,0.05886116442738324,0.9303571428571429,True,True,True,False,0.05886116442738324
PraNet,half_per_clip,sha256,negative_area_fraction,case51_5,case51,1200,115,1124,39,0.03469750889679715,0.9366666666666666,True,True,True,False,0.03469750889679715
PraNet,half_per_clip,sha256,negative_area_fraction,case51_7,case51,1072,278,885,91,0.10282485875706214,0.8255597014925373,True,True,True,False,0.10282485875706214
PraNet,half_per_clip,sha256,negative_area_fraction,case51_9,case51,1200,263,1142,205,0.17950963222416813,0.9516666666666667,False,True,False,False,0.17950963222416813
PraNet,half_per_clip,sha256,negative_area_fraction,case54_1,case54,1688,865,1065,242,0.2272300469483568,0.6309241706161137,False,True,False,False,0.2272300469483568
PraNet,half_per_clip,sha256,negative_area_fraction,case56_1,case56,1200,75,1160,35,0.03017241379310345,0.9666666666666667,True,True,True,False,0.03017241379310345
PraNet,half_per_clip,sha256,negative_area_fraction,case5_4,case5,1200,18,1193,11,0.009220452640402346,0.9941666666666666,True,True,True,False,0.009220452640402346
PraNet,half_per_clip,sha256,negative_area_fraction,case60,case60,1168,1043,584,459,0.785958904109589,0.5,False,True,False,False,0.785958904109589
PraNet,half_per_clip,sha256,negative_area_fraction,case61_3,case61,1768,71,1729,32,0.01850780798149219,0.9779411764705882,True,True,True,False,0.01850780798149219
PraNet,half_per_clip,sha256,negative_area_fraction,case63_3,case63,1384,51,1363,30,0.022010271460014674,0.9848265895953757,True,True,True,False,0.022010271460014674
PraNet,half_per_clip,sha256,negative_area_fraction,case66_2,case66,2584,16,2579,11,0.004265219077161691,0.9980650154798761,True,True,True,False,0.004265219077161691
PraNet,half_per_clip,sha256,negative_area_fraction,case66_4,case66,1888,0,1888,0,0.0,1.0,True,True,True,False,0.0
PraNet,half_per_clip,sha256,negative_area_fraction,case66_6,case66,1072,0,1072,0,0.0,1.0,True,True,True,False,0.0
PraNet,half_per_clip,sha256,negative_area_fraction,case66_9,case66,1600,8,1596,4,0.002506265664160401,0.9975,True,True,True,False,0.002506265664160401
PraNet,half_per_clip,sha256,negative_area_fraction,case68_1,case68,1312,80,1293,61,0.04717710750193349,0.9855182926829268,True,True,True,False,0.04717710750193349
PraNet,half_per_clip,sha256,negative_area_fraction,case68_3,case68,1304,208,1206,110,0.0912106135986733,0.9248466257668712,True,True,True,False,0.0912106135986733
PraNet,half_per_clip,sha256,negative_area_fraction,case68_5,case68,1200,29,1194,23,0.019262981574539362,0.995,True,True,True,False,0.019262981574539362
PraNet,half_per_clip,sha256,negative_area_fraction,case68_7,case68,1840,510,1545,215,0.13915857605177995,0.8396739130434783,True,True,True,False,0.13915857605177995
PraNet,half_per_clip,sha256,negative_area_fraction,case6_3,case6,1680,1668,840,828,0.9857142857142858,0.5,False,True,False,False,0.9857142857142858
PraNet,half_per_clip,sha256,negative_area_fraction,case71_1,case71,1024,418,787,181,0.22998729351969505,0.7685546875,False,True,False,False,0.22998729351969505
PraNet,half_per_clip,sha256,negative_area_fraction,case71_5,case71,1808,56,1769,17,0.009609949123798756,0.978429203539823,True,True,True,False,0.009609949123798756
PraNet,half_per_clip,sha256,negative_area_fraction,case72_3,case72,832,0,832,0,0.0,1.0,True,True,True,False,0.0
PraNet,half_per_clip,sha256,negative_area_fraction,case74_1,case74,1256,617,841,202,0.24019024970273484,0.6695859872611465,False,True,False,False,0.24019024970273484
PraNet,half_per_clip,sha256,negative_area_fraction,case75_1,case75,1200,256,1014,70,0.06903353057199212,0.845,True,True,True,False,0.06903353057199212
PraNet,half_per_clip,sha256,negative_area_fraction,case7_2,case7,1048,58,1011,21,0.020771513353115726,0.9646946564885496,True,True,True,False,0.020771513353115726
PraNet,half_per_clip,sha256,negative_area_fraction,case80_2,case80,1200,11,1194,5,0.0041876046901172526,0.995,True,True,True,False,0.0041876046901172526
PraNet,half_per_clip,sha256,negative_area_fraction,case80_4,case80,1200,0,1200,0,0.0,1.0,True,True,True,False,0.0
PraNet,half_per_clip,sha256,negative_area_fraction,case80_6,case80,1200,0,1200,0,0.0,1.0,True,True,True,False,0.0
PraNet,half_per_clip,sha256,negative_area_fraction,case80_8,case80,1160,6,1157,3,0.0025929127052722557,0.9974137931034482,True,True,True,False,0.0025929127052722557
PraNet,half_per_clip,sha256,negative_area_fraction,case81_2,case81,2192,62,2142,12,0.0056022408963585435,0.9771897810218978,True,True,True,False,0.0056022408963585435
PraNet,half_per_clip,sha256,negative_area_fraction,case83_3,case83,1072,0,1072,0,0.0,1.0,True,True,True,False,0.0
PraNet,half_per_clip,sha256,negative_area_fraction,case85_7,case85,1200,547,843,190,0.22538552787663108,0.7025,False,True,False,False,0.22538552787663108
PraNet,half_per_clip,sha256,negative_area_fraction,case86_1,case86,1200,170,1087,57,0.05243790248390064,0.9058333333333334,True,True,True,False,0.05243790248390064
PraNet,half_per_clip,sha256,negative_area_fraction,case89,case89,1192,112,1171,91,0.07771135781383433,0.9823825503355704,True,True,True,False,0.07771135781383433
PraNet,half_per_clip,sha256,negative_area_fraction,case8_2,case8,1128,0,1128,0,0.0,1.0,True,True,True,False,0.0
PraNet,half_per_clip,sha256,negative_area_fraction,case90_1,case90,1200,42,1178,20,0.01697792869269949,0.9816666666666667,True,True,True,False,0.01697792869269949
PraNet,half_per_clip,sha256,negative_area_fraction,case91_1,case91,1200,831,612,243,0.39705882352941174,0.51,False,True,False,False,0.39705882352941174
PraNet,half_per_clip,sha256,negative_area_fraction,case91_3,case91,1200,1148,600,548,0.9133333333333333,0.5,False,True,False,False,0.9133333333333333
PraNet,half_per_clip,sha256,negative_area_fraction,case91_5,case91,1200,401,1051,252,0.23977164605137963,0.8758333333333334,False,True,False,False,0.23977164605137963
PraNet,half_per_clip,sha256,negative_area_fraction,case91_7,case91,1872,216,1741,85,0.048822515795519814,0.9300213675213675,True,True,True,False,0.048822515795519814
PraNet,half_per_clip,sha256,negative_area_fraction,case93_2,case93,1880,196,1759,75,0.04263786242183058,0.9356382978723404,True,True,True,False,0.04263786242183058
PraNet,half_per_clip,sha256,negative_area_fraction,case95_1,case95,2072,607,1737,272,0.15659182498560736,0.8383204633204633,False,True,False,False,0.15659182498560736
PraNet,half_per_clip,sha256,negative_area_fraction,case95_3,case95,1200,1200,600,600,1.0,0.5,False,True,False,False,1.0
PraNet,half_per_clip,sha256,negative_area_fraction,case96_1,case96,920,629,470,179,0.38085106382978723,0.5108695652173914,False,True,False,False,0.38085106382978723
PraNet,half_per_clip,sha256,negative_area_fraction,case97_1,case97,1200,1050,600,450,0.75,0.5,False,True,False,False,0.75
PraNet,half_per_clip,sha256,negative_area_fraction,case97_3,case97,1016,454,777,215,0.2767052767052767,0.764763779527559,False,True,False,False,0.2767052767052767
UACANet,global,identity,confidence_deficit,case10_1,case10,1704,547,1322,165,0.12481089258698941,0.7758215962441315,True,True,True,False,0.12481089258698941
UACANet,global,identity,confidence_deficit,case11,case11,904,19,889,4,0.0044994375703037125,0.9834070796460177,True,True,True,False,0.0044994375703037125
UACANet,global,identity,confidence_deficit,case12_2,case12,1984,378,1734,128,0.07381776239907728,0.873991935483871,True,True,True,False,0.07381776239907728
UACANet,global,identity,confidence_deficit,case13_1,case13,784,112,766,94,0.1227154046997389,0.9770408163265306,True,True,True,False,0.1227154046997389
UACANet,global,identity,confidence_deficit,case13_3,case13,1408,17,1404,13,0.009259259259259259,0.9971590909090909,True,True,True,False,0.009259259259259259
UACANet,global,identity,confidence_deficit,case14_2,case14,1200,1182,425,407,0.9576470588235294,0.3541666666666667,False,False,False,False,0.9576470588235294
UACANet,global,identity,confidence_deficit,case14_4,case14,1160,993,634,467,0.7365930599369085,0.5465517241379311,False,True,False,False,0.7365930599369085
UACANet,global,identity,confidence_deficit,case14_6,case14,1600,1520,452,372,0.8230088495575221,0.2825,False,False,False,False,0.8230088495575221
UACANet,global,identity,confidence_deficit,case1_2,case1,1728,0,1728,0,0.0,1.0,True,True,True,False,0.0
UACANet,global,identity,confidence_deficit,case20_7,case20,1360,466,1119,225,0.20107238605898123,0.8227941176470588,False,True,False,False,0.20107238605898123
UACANet,global,identity,confidence_deficit,case20_9,case20,1200,310,978,88,0.08997955010224949,0.815,True,True,True,False,0.08997955010224949
UACANet,global,identity,confidence_deficit,case24_1,case24,1200,6,1199,5,0.004170141784820684,0.9991666666666666,True,True,True,False,0.004170141784820684
UACANet,global,identity,confidence_deficit,case24_3,case24,1216,0,1216,0,0.0,1.0,True,True,True,False,0.0
UACANet,global,identity,confidence_deficit,case24_5,case24,1200,6,1195,1,0.0008368200836820083,0.9958333333333333,True,True,True,False,0.0008368200836820083
UACANet,global,identity,confidence_deficit,case25_2,case25,1088,24,1082,18,0.0166358595194085,0.9944852941176471,True,True,True,False,0.0166358595194085
UACANet,global,identity,confidence_deficit,case29_1,case29,1712,203,1615,106,0.06563467492260062,0.9433411214953271,True,True,True,False,0.06563467492260062
UACANet,global,identity,confidence_deficit,case2_3,case2,1200,0,1200,0,0.0,1.0,True,True,True,False,0.0
UACANet,global,identity,confidence_deficit,case2_6,case2,792,0,792,0,0.0,1.0,True,True,True,False,0.0
UACANet,global,identity,confidence_deficit,case2_9,case2,896,0,896,0,0.0,1.0,True,True,True,False,0.0
UACANet,global,identity,confidence_deficit,case31,case31,1464,8,1464,8,0.00546448087431694,1.0,True,True,True,False,0.00546448087431694
UACANet,global,identity,confidence_deficit,case32_2,case32,800,1,800,1,0.00125,1.0,True,True,True,False,0.00125
UACANet,global,identity,confidence_deficit,case32_4,case32,1480,179,1368,67,0.0489766081871345,0.9243243243243243,True,True,True,False,0.0489766081871345
UACANet,global,identity,confidence_deficit,case32_6,case32,1368,20,1365,17,0.012454212454212455,0.9978070175438597,True,True,True,False,0.012454212454212455
UACANet,global,identity,confidence_deficit,case34_2,case34,992,7,991,6,0.006054490413723511,0.998991935483871,True,True,True,False,0.006054490413723511
UACANet,global,identity,confidence_deficit,case35_2,case35,720,0,720,0,0.0,1.0,True,True,True,False,0.0
UACANet,global,identity,confidence_deficit,case35_8,case35,928,228,927,227,0.24487594390507011,0.9989224137931034,False,True,False,False,0.24487594390507011
UACANet,global,identity,confidence_deficit,case36_2,case36,1200,913,767,480,0.6258148631029987,0.6391666666666667,False,True,False,False,0.6258148631029987
UACANet,global,identity,confidence_deficit,case36_4,case36,1024,962,422,360,0.8530805687203792,0.412109375,False,False,False,False,0.8530805687203792
UACANet,global,identity,confidence_deficit,case37_2,case37,1272,98,1227,53,0.04319478402607987,0.964622641509434,True,True,True,False,0.04319478402607987
UACANet,global,identity,confidence_deficit,case38_2,case38,2032,875,1607,450,0.28002489110143125,0.7908464566929134,False,True,False,False,0.28002489110143125
UACANet,global,identity,confidence_deficit,case39_2,case39,2160,154,2107,101,0.04793545325106787,0.975462962962963,True,True,True,False,0.04793545325106787
UACANet,global,identity,confidence_deficit,case3_1,case3,1584,95,1529,40,0.026160889470241987,0.9652777777777778,True,True,True,False,0.026160889470241987
UACANet,global,identity,confidence_deficit,case40,case40,1272,242,1123,93,0.08281389136242208,0.8828616352201258,True,True,True,False,0.08281389136242208
UACANet,global,identity,confidence_deficit,case43,case43,2080,104,1995,19,0.009523809523809525,0.9591346153846154,True,True,True,False,0.009523809523809525
UACANet,global,identity,confidence_deficit,case47_2,case47,1200,53,1176,29,0.02465986394557823,0.98,True,True,True,False,0.02465986394557823
UACANet,global,identity,confidence_deficit,case47_4,case47,1064,0,1064,0,0.0,1.0,True,True,True,False,0.0
UACANet,global,identity,confidence_deficit,case48,case48,1408,267,1254,113,0.09011164274322168,0.890625,True,True,True,False,0.09011164274322168
UACANet,global,identity,confidence_deficit,case50_2,case50,1200,5,1198,3,0.0025041736227045075,0.9983333333333333,True,True,True,False,0.0025041736227045075
UACANet,global,identity,confidence_deficit,case50_4,case50,1896,111,1836,51,0.027777777777777776,0.9683544303797469,True,True,True,False,0.027777777777777776
UACANet,global,identity,confidence_deficit,case51_10,case51,1744,20,1742,18,0.010332950631458095,0.9988532110091743,True,True,True,False,0.010332950631458095
UACANet,global,identity,confidence_deficit,case51_3,case51,1680,93,1624,37,0.022783251231527094,0.9666666666666667,True,True,True,False,0.022783251231527094
UACANet,global,identity,confidence_deficit,case51_5,case51,1200,106,1131,37,0.032714412024756855,0.9425,True,True,True,False,0.032714412024756855
UACANet,global,identity,confidence_deficit,case51_7,case51,1072,282,823,33,0.040097205346294046,0.7677238805970149,True,True,True,False,0.040097205346294046
UACANet,global,identity,confidence_deficit,case51_9,case51,1200,354,1111,265,0.23852385238523852,0.9258333333333333,False,True,False,False,0.23852385238523852
UACANet,global,identity,confidence_deficit,case54_1,case54,1688,845,1000,157,0.157,0.5924170616113744,False,True,False,False,0.157
UACANet,global,identity,confidence_deficit,case56_1,case56,1200,51,1176,27,0.02295918367346939,0.98,True,True,True,False,0.02295918367346939
UACANet,global,identity,confidence_deficit,case5_4,case5,1200,1,1200,1,0.0008333333333333334,1.0,True,True,True,False,0.0008333333333333334
UACANet,global,identity,confidence_deficit,case60,case60,1168,615,962,409,0.42515592515592515,0.8236301369863014,False,True,False,False,0.42515592515592515
UACANet,global,identity,confidence_deficit,case61_3,case61,1768,132,1719,83,0.048283885980221056,0.9722850678733032,True,True,True,False,0.048283885980221056
UACANet,global,identity,confidence_deficit,case63_3,case63,1384,17,1381,14,0.010137581462708182,0.9978323699421965,True,True,True,False,0.010137581462708182
UACANet,global,identity,confidence_deficit,case66_2,case66,2584,2,2584,2,0.0007739938080495357,1.0,True,True,True,False,0.0007739938080495357
UACANet,global,identity,confidence_deficit,case66_4,case66,1888,0,1888,0,0.0,1.0,True,True,True,False,0.0
UACANet,global,identity,confidence_deficit,case66_6,case66,1072,0,1072,0,0.0,1.0,True,True,True,False,0.0
UACANet,global,identity,confidence_deficit,case66_9,case66,1600,0,1600,0,0.0,1.0,True,True,True,False,0.0
UACANet,global,identity,confidence_deficit,case68_1,case68,1312,158,1247,93,0.07457898957497995,0.9504573170731707,True,True,True,False,0.07457898957497995
UACANet,global,identity,confidence_deficit,case68_3,case68,1304,376,1108,180,0.1624548736462094,0.8496932515337423,False,True,False,False,0.1624548736462094
UACANet,global,identity,confidence_deficit,case68_5,case68,1200,80,1179,59,0.05004240882103478,0.9825,True,True,True,False,0.05004240882103478
UACANet,global,identity,confidence_deficit,case68_7,case68,1840,176,1766,102,0.057757644394110984,0.9597826086956521,True,True,True,False,0.057757644394110984
UACANet,global,identity,confidence_deficit,case6_3,case6,1680,1464,493,277,0.5618661257606491,0.29345238095238096,False,False,False,False,0.5618661257606491
UACANet,global,identity,confidence_deficit,case71_1,case71,1024,229,898,103,0.11469933184855234,0.876953125,True,True,True,False,0.11469933184855234
UACANet,global,identity,confidence_deficit,case71_5,case71,1808,33,1781,6,0.003368893879842785,0.985066371681416,True,True,True,False,0.003368893879842785
UACANet,global,identity,confidence_deficit,case72_3,case72,832,0,832,0,0.0,1.0,True,True,True,False,0.0
UACANet,global,identity,confidence_deficit,case74_1,case74,1256,494,945,183,0.19365079365079366,0.7523885350318471,False,True,False,False,0.19365079365079366
UACANet,global,identity,confidence_deficit,case75_1,case75,1200,87,1137,24,0.021108179419525065,0.9475,True,True,True,False,0.021108179419525065
UACANet,global,identity,confidence_deficit,case7_2,case7,1048,40,1022,14,0.0136986301369863,0.9751908396946565,True,True,True,False,0.0136986301369863
UACANet,global,identity,confidence_deficit,case80_2,case80,1200,0,1200,0,0.0,1.0,True,True,True,False,0.0
UACANet,global,identity,confidence_deficit,case80_4,case80,1200,0,1200,0,0.0,1.0,True,True,True,False,0.0
UACANet,global,identity,confidence_deficit,case80_6,case80,1200,0,1200,0,0.0,1.0,True,True,True,False,0.0
UACANet,global,identity,confidence_deficit,case80_8,case80,1160,0,1160,0,0.0,1.0,True,True,True,False,0.0
UACANet,global,identity,confidence_deficit,case81_2,case81,2192,57,2144,9,0.004197761194029851,0.9781021897810219,True,True,True,False,0.004197761194029851
UACANet,global,identity,confidence_deficit,case83_3,case83,1072,0,1072,0,0.0,1.0,True,True,True,False,0.0
UACANet,global,identity,confidence_deficit,case85_7,case85,1200,522,775,97,0.12516129032258064,0.6458333333333334,True,True,True,False,0.12516129032258064
UACANet,global,identity,confidence_deficit,case86_1,case86,1200,29,1174,3,0.002555366269165247,0.9783333333333334,True,True,True,False,0.002555366269165247
UACANet,global,identity,confidence_deficit,case89,case89,1192,152,1186,146,0.12310286677908938,0.9949664429530202,True,True,True,False,0.12310286677908938
UACANet,global,identity,confidence_deficit,case8_2,case8,1128,6,1128,6,0.005319148936170213,1.0,True,True,True,False,0.005319148936170213
UACANet,global,identity,confidence_deficit,case90_1,case90,1200,0,1200,0,0.0,1.0,True,True,True,False,0.0
UACANet,global,identity,confidence_deficit,case91_1,case91,1200,631,864,295,0.3414351851851852,0.72,False,True,False,False,0.3414351851851852
UACANet,global,identity,confidence_deficit,case91_3,case91,1200,1070,409,279,0.6821515892420538,0.3408333333333333,False,False,False,False,0.6821515892420538
UACANet,global,identity,confidence_deficit,case91_5,case91,1200,659,782,241,0.30818414322250637,0.6516666666666666,False,True,False,False,0.30818414322250637
UACANet,global,identity,confidence_deficit,case91_7,case91,1872,154,1787,69,0.03861219921656407,0.9545940170940171,True,True,True,False,0.03861219921656407
UACANet,global,identity,confidence_deficit,case93_2,case93,1880,183,1770,73,0.04124293785310734,0.9414893617021277,True,True,True,False,0.04124293785310734
UACANet,global,identity,confidence_deficit,case95_1,case95,2072,392,1920,240,0.125,0.9266409266409267,True,True,True,False,0.125
UACANet,global,identity,confidence_deficit,case95_3,case95,1200,1178,122,100,0.819672131147541,0.10166666666666667,False,False,False,False,0.819672131147541
UACANet,global,identity,confidence_deficit,case96_1,case96,920,591,406,77,0.1896551724137931,0.44130434782608696,False,False,False,False,0.1896551724137931
UACANet,global,identity,confidence_deficit,case97_1,case97,1200,1075,547,422,0.7714808043875686,0.4558333333333333,False,False,False,False,0.7714808043875686
UACANet,global,identity,confidence_deficit,case97_3,case97,1016,383,890,257,0.28876404494382024,0.8759842519685039,False,True,False,False,0.28876404494382024
UACANet,global,identity,entropy,case10_1,case10,1704,547,1481,528,0.3565158676569885,0.869131455399061,False,True,False,False,0.2187711006076975
UACANet,global,identity,entropy,case11,case11,904,19,867,19,0.02191464821222607,0.959070796460177,True,True,True,False,0.0
UACANet,global,identity,entropy,case12_2,case12,1984,378,1980,376,0.1898989898989899,0.9979838709677419,False,True,False,False,0.18888888888888888
UACANet,global,identity,entropy,case13_1,case13,784,112,554,85,0.15342960288808663,0.7066326530612245,False,True,False,False,0.0
UACANet,global,identity,entropy,case13_3,case13,1408,17,1353,13,0.009608277900960829,0.9609375,True,True,True,False,0.0
UACANet,global,identity,entropy,case14_2,case14,1200,1182,1107,1106,0.999096657633243,0.9225,False,True,False,False,0.983739837398374
UACANet,global,identity,entropy,case14_4,case14,1160,993,914,801,0.8763676148796499,0.7879310344827586,False,True,False,False,0.8172866520787746
UACANet,global,identity,entropy,case14_6,case14,1600,1520,1504,1455,0.9674202127659575,0.94,False,True,False,False,0.9468085106382979
UACANet,global,identity,entropy,case1_2,case1,1728,0,1726,0,0.0,0.9988425925925926,True,True,True,False,0.0
UACANet,global,identity,entropy,case20_7,case20,1360,466,1123,446,0.39715048975957257,0.825735294117647,False,True,False,False,0.20391807658058772
UACANet,global,identity,entropy,case20_9,case20,1200,310,1169,305,0.2609067579127459,0.9741666666666666,False,True,False,False,0.2386655260906758
UACANet,global,identity,entropy,case24_1,case24,1200,6,975,3,0.003076923076923077,0.8125,True,True,True,False,0.0
UACANet,global,identity,entropy,case24_3,case24,1216,0,1199,0,0.0,0.9860197368421053,True,True,True,False,0.0
UACANet,global,identity,entropy,case24_5,case24,1200,6,1187,5,0.004212299915754001,0.9891666666666666,True,True,True,False,0.0
UACANet,global,identity,entropy,case25_2,case25,1088,24,1062,19,0.017890772128060263,0.9761029411764706,True,True,True,False,0.0
UACANet,global,identity,entropy,case29_1,case29,1712,203,1369,159,0.11614317019722425,0.7996495327102804,True,True,True,False,0.0
UACANet,global,identity,entropy,case2_3,case2,1200,0,1151,0,0.0,0.9591666666666666,True,True,True,False,0.0
UACANet,global,identity,entropy,case2_6,case2,792,0,783,0,0.0,0.9886363636363636,True,True,True,False,0.0
UACANet,global,identity,entropy,case2_9,case2,896,0,864,0,0.0,0.9642857142857143,True,True,True,False,0.0
UACANet,global,identity,entropy,case31,case31,1464,8,1225,7,0.005714285714285714,0.8367486338797814,True,True,True,False,0.0
UACANet,global,identity,entropy,case32_2,case32,800,1,591,1,0.001692047377326565,0.73875,True,True,True,False,0.0
UACANet,global,identity,entropy,case32_4,case32,1480,179,1079,149,0.1380908248378128,0.7290540540540541,True,True,True,False,0.0
UACANet,global,identity,entropy,case32_6,case32,1368,20,1200,18,0.015,0.8771929824561403,True,True,True,False,0.0
UACANet,global,identity,entropy,case34_2,case34,992,7,894,7,0.007829977628635347,0.9012096774193549,True,True,True,False,0.0
UACANet,global,identity,entropy,case35_2,case35,720,0,280,0,0.0,0.3888888888888889,True,False,False,False,0.0
UACANet,global,identity,entropy,case35_8,case35,928,228,4,4,1.0,0.004310344827586207,False,False,False,False,0.0
UACANet,global,identity,entropy,case36_2,case36,1200,913,1055,874,0.828436018957346,0.8791666666666667,False,True,False,False,0.7279620853080568
UACANet,global,identity,entropy,case36_4,case36,1024,962,942,895,0.9501061571125266,0.919921875,False,True,False,False,0.9341825902335457
UACANet,global,identity,entropy,case37_2,case37,1272,98,770,89,0.11558441558441558,0.6053459119496856,True,True,True,False,0.0
UACANet,global,identity,entropy,case38_2,case38,2032,875,1974,858,0.43465045592705165,0.9714566929133859,False,True,False,False,0.4138804457953394
UACANet,global,identity,entropy,case39_2,case39,2160,154,1816,145,0.07984581497797356,0.8407407407407408,True,True,True,False,0.0
UACANet,global,identity,entropy,case3_1,case3,1584,95,1538,95,0.06176853055916775,0.9709595959595959,True,True,True,False,0.03185955786736021
UACANet,global,identity,entropy,case40,case40,1272,242,1229,238,0.193653376729048,0.9661949685534591,False,True,False,False,0.16192026037428803
UACANet,global,identity,entropy,case43,case43,2080,104,2026,101,0.04985192497532083,0.9740384615384615,True,True,True,False,0.024679170779861797
UACANet,global,identity,entropy,case47_2,case47,1200,53,1120,50,0.044642857142857144,0.9333333333333333,True,True,True,False,0.0
UACANet,global,identity,entropy,case47_4,case47,1064,0,1061,0,0.0,0.9971804511278195,True,True,True,False,0.0
UACANet,global,identity,entropy,case48,case48,1408,267,1345,249,0.18513011152416356,0.9552556818181818,False,True,False,False,0.1516728624535316
UACANet,global,identity,entropy,case50_2,case50,1200,5,858,2,0.002331002331002331,0.715,True,True,True,False,0.0
UACANet,global,identity,entropy,case50_4,case50,1896,111,1142,99,0.08669001751313485,0.6023206751054853,True,True,True,False,0.0
UACANet,global,identity,entropy,case51_10,case51,1744,20,1247,16,0.012830793905372895,0.7150229357798165,True,True,True,False,0.0
UACANet,global,identity,entropy,case51_3,case51,1680,93,1540,93,0.06038961038961039,0.9166666666666666,True,True,True,False,0.0
UACANet,global,identity,entropy,case51_5,case51,1200,106,1165,103,0.08841201716738198,0.9708333333333333,True,True,True,False,0.06094420600858369
UACANet,global,identity,entropy,case51_7,case51,1072,282,997,269,0.26980942828485455,0.9300373134328358,False,True,False,False,0.20762286860581744
UACANet,global,identity,entropy,case51_9,case51,1200,354,836,158,0.18899521531100477,0.6966666666666667,False,True,False,False,0.0
UACANet,global,identity,entropy,case54_1,case54,1688,845,1557,818,0.525369299935774,0.92239336492891,False,True,False,False,0.45857418111753373
UACANet,global,identity,entropy,case56_1,case56,1200,51,1170,49,0.04188034188034188,0.975,True,True,True,False,0.017948717948717947
UACANet,global,identity,entropy,case5_4,case5,1200,1,1141,1,0.0008764241893076249,0.9508333333333333,True,True,True,False,0.0
UACANet,global,identity,entropy,case60,case60,1168,615,816,553,0.6776960784313726,0.6986301369863014,False,True,False,False,0.32230392156862747
UACANet,global,identity,entropy,case61_3,case61,1768,132,1706,127,0.07444314185228605,0.9649321266968326,True,True,True,False,0.041031652989449004
UACANet,global,identity,entropy,case63_3,case63,1384,17,1353,16,0.011825572801182557,0.9776011560693642,True,True,True,False,0.0
UACANet,global,identity,entropy,case66_2,case66,2584,2,2552,2,0.0007836990595611285,0.9876160990712074,True,True,True,False,0.0
UACANet,global,identity,entropy,case66_4,case66,1888,0,1796,0,0.0,0.951271186440678,True,True,True,False,0.0
UACANet,global,identity,entropy,case66_6,case66,1072,0,1069,0,0.0,0.9972014925373134,True,True,True,False,0.0
UACANet,global,identity,entropy,case66_9,case66,1600,0,1551,0,0.0,0.969375,True,True,True,False,0.0
UACANet,global,identity,entropy,case68_1,case68,1312,158,356,105,0.2949438202247191,0.27134146341463417,False,False,False,False,0.0
UACANet,global,identity,entropy,case68_3,case68,1304,376,341,262,0.7683284457478006,0.26150306748466257,False,False,False,False,0.0
UACANet,global,identity,entropy,case68_5,case68,1200,80,555,43,0.07747747747747748,0.4625,True,False,False,False,0.0
UACANet,global,identity,entropy,case68_7,case68,1840,176,1408,133,0.09446022727272728,0.7652173913043478,True,True,True,False,0.0
UACANet,global,identity,entropy,case6_3,case6,1680,1464,1661,1458,0.8777844671884407,0.9886904761904762,False,True,False,False,0.8699578567128236
UACANet,global,identity,entropy,case71_1,case71,1024,229,813,198,0.24354243542435425,0.7939453125,False,True,False,False,0.02214022140221402
UACANet,global,identity,entropy,case71_5,case71,1808,33,1806,33,0.018272425249169437,0.9988938053097345,True,True,True,False,0.01716500553709856
UACANet,global,identity,entropy,case72_3,case72,832,0,832,0,0.0,1.0,True,True,True,False,0.0
UACANet,global,identity,entropy,case74_1,case74,1256,494,1119,459,0.4101876675603217,0.8909235668789809,False,True,False,False,0.3190348525469169
UACANet,global,identity,entropy,case75_1,case75,1200,87,1186,83,0.0699831365935919,0.9883333333333333,True,True,True,False,0.06155143338954469
UACANet,global,identity,entropy,case7_2,case7,1048,40,1032,34,0.03294573643410853,0.9847328244274809,True,True,True,False,0.023255813953488372
UACANet,global,identity,entropy,case80_2,case80,1200,0,1195,0,0.0,0.9958333333333333,True,True,True,False,0.0
UACANet,global,identity,entropy,case80_4,case80,1200,0,1183,0,0.0,0.9858333333333333,True,True,True,False,0.0
UACANet,global,identity,entropy,case80_6,case80,1200,0,1168,0,0.0,0.9733333333333334,True,True,True,False,0.0
UACANet,global,identity,entropy,case80_8,case80,1160,0,1160,0,0.0,1.0,True,True,True,False,0.0
UACANet,global,identity,entropy,case81_2,case81,2192,57,2186,57,0.02607502287282708,0.9972627737226277,True,True,True,False,0.02333028362305581
UACANet,global,identity,entropy,case83_3,case83,1072,0,1072,0,0.0,1.0,True,True,True,False,0.0
UACANet,global,identity,entropy,case85_7,case85,1200,522,1125,515,0.4577777777777778,0.9375,False,True,False,False,0.3973333333333333
UACANet,global,identity,entropy,case86_1,case86,1200,29,1196,28,0.023411371237458192,0.9966666666666667,True,True,True,False,0.020903010033444816
UACANet,global,identity,entropy,case89,case89,1192,152,1054,121,0.11480075901328274,0.8842281879194631,True,True,True,False,0.013282732447817837
UACANet,global,identity,entropy,case8_2,case8,1128,6,1048,2,0.0019083969465648854,0.9290780141843972,True,True,True,False,0.0
UACANet,global,identity,entropy,case90_1,case90,1200,0,1085,0,0.0,0.9041666666666667,True,True,True,False,0.0
UACANet,global,identity,entropy,case91_1,case91,1200,631,1009,570,0.5649157581764123,0.8408333333333333,False,True,False,False,0.4360753221010902
UACANet,global,identity,entropy,case91_3,case91,1200,1070,1176,1063,0.9039115646258503,0.98,False,True,False,False,0.8894557823129252
UACANet,global,identity,entropy,case91_5,case91,1200,659,1077,625,0.5803156917363046,0.8975,False,True,False,False,0.4976787372330548
UACANet,global,identity,entropy,case91_7,case91,1872,154,1825,146,0.08,0.9748931623931624,True,True,True,False,0.05863013698630137
UACANet,global,identity,entropy,case93_2,case93,1880,183,1740,169,0.09712643678160919,0.925531914893617,True,True,True,False,0.02471264367816092
UACANet,global,identity,entropy,case95_1,case95,2072,392,1717,346,0.20151426907396622,0.8286679536679536,False,True,False,False,0.021549213744903904
UACANet,global,identity,entropy,case95_3,case95,1200,1178,1180,1171,0.9923728813559322,0.9833333333333333,False,True,False,False,0.9813559322033898
UACANet,global,identity,entropy,case96_1,case96,920,591,861,574,0.6666666666666666,0.9358695652173913,False,True,False,False,0.6178861788617886
UACANet,global,identity,entropy,case97_1,case97,1200,1075,945,940,0.9947089947089947,0.7875,False,True,False,False,0.8677248677248677
UACANet,global,identity,entropy,case97_3,case97,1016,383,819,338,0.4126984126984127,0.8061023622047244,False,True,False,False,0.2271062271062271
UACANet,global,identity,negative_area_fraction,case10_1,case10,1704,547,1704,547,0.3210093896713615,1.0,False,True,False,False,0.3210093896713615
UACANet,global,identity,negative_area_fraction,case11,case11,904,19,904,19,0.02101769911504425,1.0,True,True,True,False,0.02101769911504425
UACANet,global,identity,negative_area_fraction,case12_2,case12,1984,378,1984,378,0.1905241935483871,1.0,False,True,False,False,0.1905241935483871
UACANet,global,identity,negative_area_fraction,case13_1,case13,784,112,784,112,0.14285714285714285,1.0,True,True,True,False,0.14285714285714285
UACANet,global,identity,negative_area_fraction,case13_3,case13,1408,17,1408,17,0.012073863636363636,1.0,True,True,True,False,0.012073863636363636
UACANet,global,identity,negative_area_fraction,case14_2,case14,1200,1182,1178,1160,0.9847198641765704,0.9816666666666667,False,True,False,False,0.9847198641765704
UACANet,global,identity,negative_area_fraction,case14_4,case14,1160,993,554,387,0.6985559566787004,0.47758620689655173,False,False,False,False,0.6985559566787004
UACANet,global,identity,negative_area_fraction,case14_6,case14,1600,1520,359,279,0.7771587743732591,0.224375,False,False,False,False,0.7771587743732591
UACANet,global,identity,negative_area_fraction,case1_2,case1,1728,0,1728,0,0.0,1.0,True,True,True,False,0.0
UACANet,global,identity,negative_area_fraction,case20_7,case20,1360,466,1079,185,0.17145505097312327,0.7933823529411764,False,True,False,False,0.17145505097312327
UACANet,global,identity,negative_area_fraction,case20_9,case20,1200,310,962,72,0.07484407484407485,0.8016666666666666,True,True,True,False,0.07484407484407485
UACANet,global,identity,negative_area_fraction,case24_1,case24,1200,6,1199,5,0.004170141784820684,0.9991666666666666,True,True,True,False,0.004170141784820684
UACANet,global,identity,negative_area_fraction,case24_3,case24,1216,0,1216,0,0.0,1.0,True,True,True,False,0.0
UACANet,global,identity,negative_area_fraction,case24_5,case24,1200,6,1195,1,0.0008368200836820083,0.9958333333333333,True,True,True,False,0.0008368200836820083
UACANet,global,identity,negative_area_fraction,case25_2,case25,1088,24,1080,16,0.014814814814814815,0.9926470588235294,True,True,True,False,0.014814814814814815
UACANet,global,identity,negative_area_fraction,case29_1,case29,1712,203,1594,85,0.05332496863237139,0.9310747663551402,True,True,True,False,0.05332496863237139
UACANet,global,identity,negative_area_fraction,case2_3,case2,1200,0,1200,0,0.0,1.0,True,True,True,False,0.0
UACANet,global,identity,negative_area_fraction,case2_6,case2,792,0,792,0,0.0,1.0,True,True,True,False,0.0
UACANet,global,identity,negative_area_fraction,case2_9,case2,896,0,896,0,0.0,1.0,True,True,True,False,0.0
UACANet,global,identity,negative_area_fraction,case31,case31,1464,8,1464,8,0.00546448087431694,1.0,True,True,True,False,0.00546448087431694
UACANet,global,identity,negative_area_fraction,case32_2,case32,800,1,800,1,0.00125,1.0,True,True,True,False,0.00125
UACANet,global,identity,negative_area_fraction,case32_4,case32,1480,179,1347,46,0.03414996288047513,0.9101351351351351,True,True,True,False,0.03414996288047513
UACANet,global,identity,negative_area_fraction,case32_6,case32,1368,20,1362,14,0.010279001468428781,0.9956140350877193,True,True,True,False,0.010279001468428781
UACANet,global,identity,negative_area_fraction,case34_2,case34,992,7,990,5,0.005050505050505051,0.9979838709677419,True,True,True,False,0.005050505050505051
UACANet,global,identity,negative_area_fraction,case35_2,case35,720,0,720,0,0.0,1.0,True,True,True,False,0.0
UACANet,global,identity,negative_area_fraction,case35_8,case35,928,228,927,227,0.24487594390507011,0.9989224137931034,False,True,False,False,0.24487594390507011
UACANet,global,identity,negative_area_fraction,case36_2,case36,1200,913,704,417,0.5923295454545454,0.5866666666666667,False,True,False,False,0.5923295454545454
UACANet,global,identity,negative_area_fraction,case36_4,case36,1024,962,381,319,0.8372703412073491,0.3720703125,False,False,False,False,0.8372703412073491
UACANet,global,identity,negative_area_fraction,case37_2,case37,1272,98,1219,45,0.03691550451189499,0.9583333333333334,True,True,True,False,0.03691550451189499
UACANet,global,identity,negative_area_fraction,case38_2,case38,2032,875,1529,372,0.2432962720732505,0.7524606299212598,False,True,False,False,0.2432962720732505
UACANet,global,identity,negative_area_fraction,case39_2,case39,2160,154,2094,88,0.04202483285577841,0.9694444444444444,True,True,True,False,0.04202483285577841
UACANet,global,identity,negative_area_fraction,case3_1,case3,1584,95,1518,29,0.019104084321475624,0.9583333333333334,True,True,True,False,0.019104084321475624
UACANet,global,identity,negative_area_fraction,case40,case40,1272,242,1100,70,0.06363636363636363,0.8647798742138365,True,True,True,False,0.06363636363636363
UACANet,global,identity,negative_area_fraction,case43,case43,2080,104,1989,13,0.006535947712418301,0.95625,True,True,True,False,0.006535947712418301
UACANet,global,identity,negative_area_fraction,case47_2,case47,1200,53,1174,27,0.022998296422487224,0.9783333333333334,True,True,True,False,0.022998296422487224
UACANet,global,identity,negative_area_fraction,case47_4,case47,1064,0,1064,0,0.0,1.0,True,True,True,False,0.0
UACANet,global,identity,negative_area_fraction,case48,case48,1408,267,1239,98,0.07909604519774012,0.8799715909090909,True,True,True,False,0.07909604519774012
UACANet,global,identity,negative_area_fraction,case50_2,case50,1200,5,1198,3,0.0025041736227045075,0.9983333333333333,True,True,True,False,0.0025041736227045075
UACANet,global,identity,negative_area_fraction,case50_4,case50,1896,111,1828,43,0.023522975929978117,0.9641350210970464,True,True,True,False,0.023522975929978117
UACANet,global,identity,negative_area_fraction,case51_10,case51,1744,20,1738,14,0.00805523590333717,0.9965596330275229,True,True,True,False,0.00805523590333717
UACANet,global,identity,negative_area_fraction,case51_3,case51,1680,93,1616,29,0.017945544554455444,0.9619047619047619,True,True,True,False,0.017945544554455444
UACANet,global,identity,negative_area_fraction,case51_5,case51,1200,106,1123,29,0.025823686553873553,0.9358333333333333,True,True,True,False,0.025823686553873553
UACANet,global,identity,negative_area_fraction,case51_7,case51,1072,282,808,18,0.022277227722772276,0.753731343283582,True,True,True,False,0.022277227722772276
UACANet,global,identity,negative_area_fraction,case51_9,case51,1200,354,1100,254,0.2309090909090909,0.9166666666666666,False,True,False,False,0.2309090909090909
UACANet,global,identity,negative_area_fraction,case54_1,case54,1688,845,931,88,0.09452201933404941,0.5515402843601895,True,True,True,False,0.09452201933404941
UACANet,global,identity,negative_area_fraction,case56_1,case56,1200,51,1174,25,0.02129471890971039,0.9783333333333334,True,True,True,False,0.02129471890971039
UACANet,global,identity,negative_area_fraction,case5_4,case5,1200,1,1200,1,0.0008333333333333334,1.0,True,True,True,False,0.0008333333333333334
UACANet,global,identity,negative_area_fraction,case60,case60,1168,615,927,374,0.4034519956850054,0.7936643835616438,False,True,False,False,0.4034519956850054
UACANet,global,identity,negative_area_fraction,case61_3,case61,1768,132,1709,73,0.042715038033937974,0.9666289592760181,True,True,True,False,0.042715038033937974
UACANet,global,identity,negative_area_fraction,case63_3,case63,1384,17,1378,11,0.007982583454281567,0.9956647398843931,True,True,True,False,0.007982583454281567
UACANet,global,identity,negative_area_fraction,case66_2,case66,2584,2,2584,2,0.0007739938080495357,1.0,True,True,True,False,0.0007739938080495357
UACANet,global,identity,negative_area_fraction,case66_4,case66,1888,0,1888,0,0.0,1.0,True,True,True,False,0.0
UACANet,global,identity,negative_area_fraction,case66_6,case66,1072,0,1072,0,0.0,1.0,True,True,True,False,0.0
UACANet,global,identity,negative_area_fraction,case66_9,case66,1600,0,1600,0,0.0,1.0,True,True,True,False,0.0
UACANet,global,identity,negative_area_fraction,case68_1,case68,1312,158,1233,79,0.0640713706407137,0.9397865853658537,True,True,True,False,0.0640713706407137
UACANet,global,identity,negative_area_fraction,case68_3,case68,1304,376,1087,159,0.14627414903403863,0.8335889570552147,True,True,True,False,0.14627414903403863
UACANet,global,identity,negative_area_fraction,case68_5,case68,1200,80,1175,55,0.04680851063829787,0.9791666666666666,True,True,True,False,0.04680851063829787
UACANet,global,identity,negative_area_fraction,case68_7,case68,1840,176,1752,88,0.0502283105022831,0.9521739130434783,True,True,True,False,0.0502283105022831
UACANet,global,identity,negative_area_fraction,case6_3,case6,1680,1464,413,197,0.47699757869249393,0.24583333333333332,False,False,False,False,0.47699757869249393
UACANet,global,identity,negative_area_fraction,case71_1,case71,1024,229,881,86,0.09761634506242906,0.8603515625,True,True,True,False,0.09761634506242906
UACANet,global,identity,negative_area_fraction,case71_5,case71,1808,33,1777,2,0.0011254924029262803,0.9828539823008849,True,True,True,False,0.0011254924029262803
UACANet,global,identity,negative_area_fraction,case72_3,case72,832,0,832,0,0.0,1.0,True,True,True,False,0.0
UACANet,global,identity,negative_area_fraction,case74_1,case74,1256,494,905,143,0.1580110497237569,0.7205414012738853,False,True,False,False,0.1580110497237569
UACANet,global,identity,negative_area_fraction,case75_1,case75,1200,87,1129,16,0.0141718334809566,0.9408333333333333,True,True,True,False,0.0141718334809566
UACANet,global,identity,negative_area_fraction,case7_2,case7,1048,40,1020,12,0.011764705882352941,0.9732824427480916,True,True,True,False,0.011764705882352941
UACANet,global,identity,negative_area_fraction,case80_2,case80,1200,0,1200,0,0.0,1.0,True,True,True,False,0.0
UACANet,global,identity,negative_area_fraction,case80_4,case80,1200,0,1200,0,0.0,1.0,True,True,True,False,0.0
UACANet,global,identity,negative_area_fraction,case80_6,case80,1200,0,1200,0,0.0,1.0,True,True,True,False,0.0
UACANet,global,identity,negative_area_fraction,case80_8,case80,1160,0,1160,0,0.0,1.0,True,True,True,False,0.0
UACANet,global,identity,negative_area_fraction,case81_2,case81,2192,57,2140,5,0.002336448598130841,0.9762773722627737,True,True,True,False,0.002336448598130841
UACANet,global,identity,negative_area_fraction,case83_3,case83,1072,0,1072,0,0.0,1.0,True,True,True,False,0.0
UACANet,global,identity,negative_area_fraction,case85_7,case85,1200,522,738,60,0.08130081300813008,0.615,True,True,True,False,0.08130081300813008
UACANet,global,identity,negative_area_fraction,case86_1,case86,1200,29,1173,2,0.0017050298380221654,0.9775,True,True,True,False,0.0017050298380221654
UACANet,global,identity,negative_area_fraction,case89,case89,1192,152,1183,143,0.12087912087912088,0.9924496644295302,True,True,True,False,0.12087912087912088
UACANet,global,identity,negative_area_fraction,case8_2,case8,1128,6,1128,6,0.005319148936170213,1.0,True,True,True,False,0.005319148936170213
UACANet,global,identity,negative_area_fraction,case90_1,case90,1200,0,1200,0,0.0,1.0,True,True,True,False,0.0
UACANet,global,identity,negative_area_fraction,case91_1,case91,1200,631,796,227,0.2851758793969849,0.6633333333333333,False,True,False,False,0.2851758793969849
UACANet,global,identity,negative_area_fraction,case91_3,case91,1200,1070,288,158,0.5486111111111112,0.24,False,False,False,False,0.5486111111111112
UACANet,global,identity,negative_area_fraction,case91_5,case91,1200,659,730,189,0.2589041095890411,0.6083333333333333,False,True,False,False,0.2589041095890411
UACANet,global,identity,negative_area_fraction,case91_7,case91,1872,154,1772,54,0.030474040632054177,0.9465811965811965,True,True,True,False,0.030474040632054177
UACANet,global,identity,negative_area_fraction,case93_2,case93,1880,183,1761,64,0.03634298693923907,0.9367021276595745,True,True,True,False,0.03634298693923907
UACANet,global,identity,negative_area_fraction,case95_1,case95,2072,392,1892,212,0.11205073995771671,0.9131274131274131,True,True,True,False,0.11205073995771671
UACANet,global,identity,negative_area_fraction,case95_3,case95,1200,1178,90,68,0.7555555555555555,0.075,False,False,False,False,0.7555555555555555
UACANet,global,identity,negative_area_fraction,case96_1,case96,920,591,376,47,0.125,0.40869565217391307,True,False,False,False,0.125
UACANet,global,identity,negative_area_fraction,case97_1,case97,1200,1075,471,346,0.7346072186836518,0.3925,False,False,False,False,0.7346072186836518
UACANet,global,identity,negative_area_fraction,case97_3,case97,1016,383,858,225,0.26223776223776224,0.844488188976378,False,True,False,False,0.26223776223776224
UACANet,global,sha256,confidence_deficit,case10_1,case10,1704,547,1322,165,0.12481089258698941,0.7758215962441315,True,True,True,False,0.12481089258698941
UACANet,global,sha256,confidence_deficit,case11,case11,904,19,889,4,0.0044994375703037125,0.9834070796460177,True,True,True,False,0.0044994375703037125
UACANet,global,sha256,confidence_deficit,case12_2,case12,1984,378,1734,128,0.07381776239907728,0.873991935483871,True,True,True,False,0.07381776239907728
UACANet,global,sha256,confidence_deficit,case13_1,case13,784,112,766,94,0.1227154046997389,0.9770408163265306,True,True,True,False,0.1227154046997389
UACANet,global,sha256,confidence_deficit,case13_3,case13,1408,17,1404,13,0.009259259259259259,0.9971590909090909,True,True,True,False,0.009259259259259259
UACANet,global,sha256,confidence_deficit,case14_2,case14,1200,1182,425,407,0.9576470588235294,0.3541666666666667,False,False,False,False,0.9576470588235294
UACANet,global,sha256,confidence_deficit,case14_4,case14,1160,993,634,467,0.7365930599369085,0.5465517241379311,False,True,False,False,0.7365930599369085
UACANet,global,sha256,confidence_deficit,case14_6,case14,1600,1520,452,372,0.8230088495575221,0.2825,False,False,False,False,0.8230088495575221
UACANet,global,sha256,confidence_deficit,case1_2,case1,1728,0,1728,0,0.0,1.0,True,True,True,False,0.0
UACANet,global,sha256,confidence_deficit,case20_7,case20,1360,466,1119,225,0.20107238605898123,0.8227941176470588,False,True,False,False,0.20107238605898123
UACANet,global,sha256,confidence_deficit,case20_9,case20,1200,310,978,88,0.08997955010224949,0.815,True,True,True,False,0.08997955010224949
UACANet,global,sha256,confidence_deficit,case24_1,case24,1200,6,1199,5,0.004170141784820684,0.9991666666666666,True,True,True,False,0.004170141784820684
UACANet,global,sha256,confidence_deficit,case24_3,case24,1216,0,1216,0,0.0,1.0,True,True,True,False,0.0
UACANet,global,sha256,confidence_deficit,case24_5,case24,1200,6,1195,1,0.0008368200836820083,0.9958333333333333,True,True,True,False,0.0008368200836820083
UACANet,global,sha256,confidence_deficit,case25_2,case25,1088,24,1082,18,0.0166358595194085,0.9944852941176471,True,True,True,False,0.0166358595194085
UACANet,global,sha256,confidence_deficit,case29_1,case29,1712,203,1615,106,0.06563467492260062,0.9433411214953271,True,True,True,False,0.06563467492260062
UACANet,global,sha256,confidence_deficit,case2_3,case2,1200,0,1200,0,0.0,1.0,True,True,True,False,0.0
UACANet,global,sha256,confidence_deficit,case2_6,case2,792,0,792,0,0.0,1.0,True,True,True,False,0.0
UACANet,global,sha256,confidence_deficit,case2_9,case2,896,0,896,0,0.0,1.0,True,True,True,False,0.0
UACANet,global,sha256,confidence_deficit,case31,case31,1464,8,1464,8,0.00546448087431694,1.0,True,True,True,False,0.00546448087431694
UACANet,global,sha256,confidence_deficit,case32_2,case32,800,1,800,1,0.00125,1.0,True,True,True,False,0.00125
UACANet,global,sha256,confidence_deficit,case32_4,case32,1480,179,1368,67,0.0489766081871345,0.9243243243243243,True,True,True,False,0.0489766081871345
UACANet,global,sha256,confidence_deficit,case32_6,case32,1368,20,1365,17,0.012454212454212455,0.9978070175438597,True,True,True,False,0.012454212454212455
UACANet,global,sha256,confidence_deficit,case34_2,case34,992,7,991,6,0.006054490413723511,0.998991935483871,True,True,True,False,0.006054490413723511
UACANet,global,sha256,confidence_deficit,case35_2,case35,720,0,720,0,0.0,1.0,True,True,True,False,0.0
UACANet,global,sha256,confidence_deficit,case35_8,case35,928,228,927,227,0.24487594390507011,0.9989224137931034,False,True,False,False,0.24487594390507011
UACANet,global,sha256,confidence_deficit,case36_2,case36,1200,913,767,480,0.6258148631029987,0.6391666666666667,False,True,False,False,0.6258148631029987
UACANet,global,sha256,confidence_deficit,case36_4,case36,1024,962,422,360,0.8530805687203792,0.412109375,False,False,False,False,0.8530805687203792
UACANet,global,sha256,confidence_deficit,case37_2,case37,1272,98,1227,53,0.04319478402607987,0.964622641509434,True,True,True,False,0.04319478402607987
UACANet,global,sha256,confidence_deficit,case38_2,case38,2032,875,1607,450,0.28002489110143125,0.7908464566929134,False,True,False,False,0.28002489110143125
UACANet,global,sha256,confidence_deficit,case39_2,case39,2160,154,2107,101,0.04793545325106787,0.975462962962963,True,True,True,False,0.04793545325106787
UACANet,global,sha256,confidence_deficit,case3_1,case3,1584,95,1529,40,0.026160889470241987,0.9652777777777778,True,True,True,False,0.026160889470241987
UACANet,global,sha256,confidence_deficit,case40,case40,1272,242,1123,93,0.08281389136242208,0.8828616352201258,True,True,True,False,0.08281389136242208
UACANet,global,sha256,confidence_deficit,case43,case43,2080,104,1995,19,0.009523809523809525,0.9591346153846154,True,True,True,False,0.009523809523809525
UACANet,global,sha256,confidence_deficit,case47_2,case47,1200,53,1176,29,0.02465986394557823,0.98,True,True,True,False,0.02465986394557823
UACANet,global,sha256,confidence_deficit,case47_4,case47,1064,0,1064,0,0.0,1.0,True,True,True,False,0.0
UACANet,global,sha256,confidence_deficit,case48,case48,1408,267,1254,113,0.09011164274322168,0.890625,True,True,True,False,0.09011164274322168
UACANet,global,sha256,confidence_deficit,case50_2,case50,1200,5,1198,3,0.0025041736227045075,0.9983333333333333,True,True,True,False,0.0025041736227045075
UACANet,global,sha256,confidence_deficit,case50_4,case50,1896,111,1836,51,0.027777777777777776,0.9683544303797469,True,True,True,False,0.027777777777777776
UACANet,global,sha256,confidence_deficit,case51_10,case51,1744,20,1742,18,0.010332950631458095,0.9988532110091743,True,True,True,False,0.010332950631458095
UACANet,global,sha256,confidence_deficit,case51_3,case51,1680,93,1624,37,0.022783251231527094,0.9666666666666667,True,True,True,False,0.022783251231527094
UACANet,global,sha256,confidence_deficit,case51_5,case51,1200,106,1131,37,0.032714412024756855,0.9425,True,True,True,False,0.032714412024756855
UACANet,global,sha256,confidence_deficit,case51_7,case51,1072,282,823,33,0.040097205346294046,0.7677238805970149,True,True,True,False,0.040097205346294046
UACANet,global,sha256,confidence_deficit,case51_9,case51,1200,354,1111,265,0.23852385238523852,0.9258333333333333,False,True,False,False,0.23852385238523852
UACANet,global,sha256,confidence_deficit,case54_1,case54,1688,845,1000,157,0.157,0.5924170616113744,False,True,False,False,0.157
UACANet,global,sha256,confidence_deficit,case56_1,case56,1200,51,1176,27,0.02295918367346939,0.98,True,True,True,False,0.02295918367346939
UACANet,global,sha256,confidence_deficit,case5_4,case5,1200,1,1200,1,0.0008333333333333334,1.0,True,True,True,False,0.0008333333333333334
UACANet,global,sha256,confidence_deficit,case60,case60,1168,615,962,409,0.42515592515592515,0.8236301369863014,False,True,False,False,0.42515592515592515
UACANet,global,sha256,confidence_deficit,case61_3,case61,1768,132,1719,83,0.048283885980221056,0.9722850678733032,True,True,True,False,0.048283885980221056
UACANet,global,sha256,confidence_deficit,case63_3,case63,1384,17,1381,14,0.010137581462708182,0.9978323699421965,True,True,True,False,0.010137581462708182
UACANet,global,sha256,confidence_deficit,case66_2,case66,2584,2,2584,2,0.0007739938080495357,1.0,True,True,True,False,0.0007739938080495357
UACANet,global,sha256,confidence_deficit,case66_4,case66,1888,0,1888,0,0.0,1.0,True,True,True,False,0.0
UACANet,global,sha256,confidence_deficit,case66_6,case66,1072,0,1072,0,0.0,1.0,True,True,True,False,0.0
UACANet,global,sha256,confidence_deficit,case66_9,case66,1600,0,1600,0,0.0,1.0,True,True,True,False,0.0
UACANet,global,sha256,confidence_deficit,case68_1,case68,1312,158,1247,93,0.07457898957497995,0.9504573170731707,True,True,True,False,0.07457898957497995
UACANet,global,sha256,confidence_deficit,case68_3,case68,1304,376,1108,180,0.1624548736462094,0.8496932515337423,False,True,False,False,0.1624548736462094
UACANet,global,sha256,confidence_deficit,case68_5,case68,1200,80,1179,59,0.05004240882103478,0.9825,True,True,True,False,0.05004240882103478
UACANet,global,sha256,confidence_deficit,case68_7,case68,1840,176,1766,102,0.057757644394110984,0.9597826086956521,True,True,True,False,0.057757644394110984
UACANet,global,sha256,confidence_deficit,case6_3,case6,1680,1464,493,277,0.5618661257606491,0.29345238095238096,False,False,False,False,0.5618661257606491
UACANet,global,sha256,confidence_deficit,case71_1,case71,1024,229,898,103,0.11469933184855234,0.876953125,True,True,True,False,0.11469933184855234
UACANet,global,sha256,confidence_deficit,case71_5,case71,1808,33,1781,6,0.003368893879842785,0.985066371681416,True,True,True,False,0.003368893879842785
UACANet,global,sha256,confidence_deficit,case72_3,case72,832,0,832,0,0.0,1.0,True,True,True,False,0.0
UACANet,global,sha256,confidence_deficit,case74_1,case74,1256,494,945,183,0.19365079365079366,0.7523885350318471,False,True,False,False,0.19365079365079366
UACANet,global,sha256,confidence_deficit,case75_1,case75,1200,87,1137,24,0.021108179419525065,0.9475,True,True,True,False,0.021108179419525065
UACANet,global,sha256,confidence_deficit,case7_2,case7,1048,40,1022,14,0.0136986301369863,0.9751908396946565,True,True,True,False,0.0136986301369863
UACANet,global,sha256,confidence_deficit,case80_2,case80,1200,0,1200,0,0.0,1.0,True,True,True,False,0.0
UACANet,global,sha256,confidence_deficit,case80_4,case80,1200,0,1200,0,0.0,1.0,True,True,True,False,0.0
UACANet,global,sha256,confidence_deficit,case80_6,case80,1200,0,1200,0,0.0,1.0,True,True,True,False,0.0
UACANet,global,sha256,confidence_deficit,case80_8,case80,1160,0,1160,0,0.0,1.0,True,True,True,False,0.0
UACANet,global,sha256,confidence_deficit,case81_2,case81,2192,57,2144,9,0.004197761194029851,0.9781021897810219,True,True,True,False,0.004197761194029851
UACANet,global,sha256,confidence_deficit,case83_3,case83,1072,0,1072,0,0.0,1.0,True,True,True,False,0.0
UACANet,global,sha256,confidence_deficit,case85_7,case85,1200,522,775,97,0.12516129032258064,0.6458333333333334,True,True,True,False,0.12516129032258064
UACANet,global,sha256,confidence_deficit,case86_1,case86,1200,29,1174,3,0.002555366269165247,0.9783333333333334,True,True,True,False,0.002555366269165247
UACANet,global,sha256,confidence_deficit,case89,case89,1192,152,1186,146,0.12310286677908938,0.9949664429530202,True,True,True,False,0.12310286677908938
UACANet,global,sha256,confidence_deficit,case8_2,case8,1128,6,1128,6,0.005319148936170213,1.0,True,True,True,False,0.005319148936170213
UACANet,global,sha256,confidence_deficit,case90_1,case90,1200,0,1200,0,0.0,1.0,True,True,True,False,0.0
UACANet,global,sha256,confidence_deficit,case91_1,case91,1200,631,864,295,0.3414351851851852,0.72,False,True,False,False,0.3414351851851852
UACANet,global,sha256,confidence_deficit,case91_3,case91,1200,1070,409,279,0.6821515892420538,0.3408333333333333,False,False,False,False,0.6821515892420538
UACANet,global,sha256,confidence_deficit,case91_5,case91,1200,659,782,241,0.30818414322250637,0.6516666666666666,False,True,False,False,0.30818414322250637
UACANet,global,sha256,confidence_deficit,case91_7,case91,1872,154,1787,69,0.03861219921656407,0.9545940170940171,True,True,True,False,0.03861219921656407
UACANet,global,sha256,confidence_deficit,case93_2,case93,1880,183,1770,73,0.04124293785310734,0.9414893617021277,True,True,True,False,0.04124293785310734
UACANet,global,sha256,confidence_deficit,case95_1,case95,2072,392,1920,240,0.125,0.9266409266409267,True,True,True,False,0.125
UACANet,global,sha256,confidence_deficit,case95_3,case95,1200,1178,122,100,0.819672131147541,0.10166666666666667,False,False,False,False,0.819672131147541
UACANet,global,sha256,confidence_deficit,case96_1,case96,920,591,406,77,0.1896551724137931,0.44130434782608696,False,False,False,False,0.1896551724137931
UACANet,global,sha256,confidence_deficit,case97_1,case97,1200,1075,547,422,0.7714808043875686,0.4558333333333333,False,False,False,False,0.7714808043875686
UACANet,global,sha256,confidence_deficit,case97_3,case97,1016,383,890,257,0.28876404494382024,0.8759842519685039,False,True,False,False,0.28876404494382024
UACANet,global,sha256,entropy,case10_1,case10,1704,547,1481,528,0.3565158676569885,0.869131455399061,False,True,False,False,0.2187711006076975
UACANet,global,sha256,entropy,case11,case11,904,19,867,19,0.02191464821222607,0.959070796460177,True,True,True,False,0.0
UACANet,global,sha256,entropy,case12_2,case12,1984,378,1980,376,0.1898989898989899,0.9979838709677419,False,True,False,False,0.18888888888888888
UACANet,global,sha256,entropy,case13_1,case13,784,112,554,85,0.15342960288808663,0.7066326530612245,False,True,False,False,0.0
UACANet,global,sha256,entropy,case13_3,case13,1408,17,1353,13,0.009608277900960829,0.9609375,True,True,True,False,0.0
UACANet,global,sha256,entropy,case14_2,case14,1200,1182,1107,1106,0.999096657633243,0.9225,False,True,False,False,0.983739837398374
UACANet,global,sha256,entropy,case14_4,case14,1160,993,914,801,0.8763676148796499,0.7879310344827586,False,True,False,False,0.8172866520787746
UACANet,global,sha256,entropy,case14_6,case14,1600,1520,1504,1455,0.9674202127659575,0.94,False,True,False,False,0.9468085106382979
UACANet,global,sha256,entropy,case1_2,case1,1728,0,1726,0,0.0,0.9988425925925926,True,True,True,False,0.0
UACANet,global,sha256,entropy,case20_7,case20,1360,466,1123,446,0.39715048975957257,0.825735294117647,False,True,False,False,0.20391807658058772
UACANet,global,sha256,entropy,case20_9,case20,1200,310,1169,305,0.2609067579127459,0.9741666666666666,False,True,False,False,0.2386655260906758
UACANet,global,sha256,entropy,case24_1,case24,1200,6,975,3,0.003076923076923077,0.8125,True,True,True,False,0.0
UACANet,global,sha256,entropy,case24_3,case24,1216,0,1199,0,0.0,0.9860197368421053,True,True,True,False,0.0
UACANet,global,sha256,entropy,case24_5,case24,1200,6,1187,5,0.004212299915754001,0.9891666666666666,True,True,True,False,0.0
UACANet,global,sha256,entropy,case25_2,case25,1088,24,1062,19,0.017890772128060263,0.9761029411764706,True,True,True,False,0.0
UACANet,global,sha256,entropy,case29_1,case29,1712,203,1369,159,0.11614317019722425,0.7996495327102804,True,True,True,False,0.0
UACANet,global,sha256,entropy,case2_3,case2,1200,0,1151,0,0.0,0.9591666666666666,True,True,True,False,0.0
UACANet,global,sha256,entropy,case2_6,case2,792,0,783,0,0.0,0.9886363636363636,True,True,True,False,0.0
UACANet,global,sha256,entropy,case2_9,case2,896,0,864,0,0.0,0.9642857142857143,True,True,True,False,0.0
UACANet,global,sha256,entropy,case31,case31,1464,8,1225,7,0.005714285714285714,0.8367486338797814,True,True,True,False,0.0
UACANet,global,sha256,entropy,case32_2,case32,800,1,591,1,0.001692047377326565,0.73875,True,True,True,False,0.0
UACANet,global,sha256,entropy,case32_4,case32,1480,179,1079,149,0.1380908248378128,0.7290540540540541,True,True,True,False,0.0
UACANet,global,sha256,entropy,case32_6,case32,1368,20,1200,18,0.015,0.8771929824561403,True,True,True,False,0.0
UACANet,global,sha256,entropy,case34_2,case34,992,7,894,7,0.007829977628635347,0.9012096774193549,True,True,True,False,0.0
UACANet,global,sha256,entropy,case35_2,case35,720,0,280,0,0.0,0.3888888888888889,True,False,False,False,0.0
UACANet,global,sha256,entropy,case35_8,case35,928,228,4,4,1.0,0.004310344827586207,False,False,False,False,0.0
UACANet,global,sha256,entropy,case36_2,case36,1200,913,1055,874,0.828436018957346,0.8791666666666667,False,True,False,False,0.7279620853080568
UACANet,global,sha256,entropy,case36_4,case36,1024,962,942,895,0.9501061571125266,0.919921875,False,True,False,False,0.9341825902335457
UACANet,global,sha256,entropy,case37_2,case37,1272,98,770,89,0.11558441558441558,0.6053459119496856,True,True,True,False,0.0
UACANet,global,sha256,entropy,case38_2,case38,2032,875,1974,858,0.43465045592705165,0.9714566929133859,False,True,False,False,0.4138804457953394
UACANet,global,sha256,entropy,case39_2,case39,2160,154,1816,145,0.07984581497797356,0.8407407407407408,True,True,True,False,0.0
UACANet,global,sha256,entropy,case3_1,case3,1584,95,1538,95,0.06176853055916775,0.9709595959595959,True,True,True,False,0.03185955786736021
UACANet,global,sha256,entropy,case40,case40,1272,242,1229,238,0.193653376729048,0.9661949685534591,False,True,False,False,0.16192026037428803
UACANet,global,sha256,entropy,case43,case43,2080,104,2026,101,0.04985192497532083,0.9740384615384615,True,True,True,False,0.024679170779861797
UACANet,global,sha256,entropy,case47_2,case47,1200,53,1120,50,0.044642857142857144,0.9333333333333333,True,True,True,False,0.0
UACANet,global,sha256,entropy,case47_4,case47,1064,0,1061,0,0.0,0.9971804511278195,True,True,True,False,0.0
UACANet,global,sha256,entropy,case48,case48,1408,267,1345,249,0.18513011152416356,0.9552556818181818,False,True,False,False,0.1516728624535316
UACANet,global,sha256,entropy,case50_2,case50,1200,5,858,2,0.002331002331002331,0.715,True,True,True,False,0.0
UACANet,global,sha256,entropy,case50_4,case50,1896,111,1142,99,0.08669001751313485,0.6023206751054853,True,True,True,False,0.0
UACANet,global,sha256,entropy,case51_10,case51,1744,20,1247,16,0.012830793905372895,0.7150229357798165,True,True,True,False,0.0
UACANet,global,sha256,entropy,case51_3,case51,1680,93,1540,93,0.06038961038961039,0.9166666666666666,True,True,True,False,0.0
UACANet,global,sha256,entropy,case51_5,case51,1200,106,1165,103,0.08841201716738198,0.9708333333333333,True,True,True,False,0.06094420600858369
UACANet,global,sha256,entropy,case51_7,case51,1072,282,997,269,0.26980942828485455,0.9300373134328358,False,True,False,False,0.20762286860581744
UACANet,global,sha256,entropy,case51_9,case51,1200,354,836,158,0.18899521531100477,0.6966666666666667,False,True,False,False,0.0
UACANet,global,sha256,entropy,case54_1,case54,1688,845,1557,818,0.525369299935774,0.92239336492891,False,True,False,False,0.45857418111753373
UACANet,global,sha256,entropy,case56_1,case56,1200,51,1170,49,0.04188034188034188,0.975,True,True,True,False,0.017948717948717947
UACANet,global,sha256,entropy,case5_4,case5,1200,1,1141,1,0.0008764241893076249,0.9508333333333333,True,True,True,False,0.0
UACANet,global,sha256,entropy,case60,case60,1168,615,816,553,0.6776960784313726,0.6986301369863014,False,True,False,False,0.32230392156862747
UACANet,global,sha256,entropy,case61_3,case61,1768,132,1706,127,0.07444314185228605,0.9649321266968326,True,True,True,False,0.041031652989449004
UACANet,global,sha256,entropy,case63_3,case63,1384,17,1353,16,0.011825572801182557,0.9776011560693642,True,True,True,False,0.0
UACANet,global,sha256,entropy,case66_2,case66,2584,2,2552,2,0.0007836990595611285,0.9876160990712074,True,True,True,False,0.0
UACANet,global,sha256,entropy,case66_4,case66,1888,0,1796,0,0.0,0.951271186440678,True,True,True,False,0.0
UACANet,global,sha256,entropy,case66_6,case66,1072,0,1069,0,0.0,0.9972014925373134,True,True,True,False,0.0
UACANet,global,sha256,entropy,case66_9,case66,1600,0,1551,0,0.0,0.969375,True,True,True,False,0.0
UACANet,global,sha256,entropy,case68_1,case68,1312,158,356,105,0.2949438202247191,0.27134146341463417,False,False,False,False,0.0
UACANet,global,sha256,entropy,case68_3,case68,1304,376,341,262,0.7683284457478006,0.26150306748466257,False,False,False,False,0.0
UACANet,global,sha256,entropy,case68_5,case68,1200,80,555,43,0.07747747747747748,0.4625,True,False,False,False,0.0
UACANet,global,sha256,entropy,case68_7,case68,1840,176,1408,133,0.09446022727272728,0.7652173913043478,True,True,True,False,0.0
UACANet,global,sha256,entropy,case6_3,case6,1680,1464,1661,1458,0.8777844671884407,0.9886904761904762,False,True,False,False,0.8699578567128236
UACANet,global,sha256,entropy,case71_1,case71,1024,229,813,198,0.24354243542435425,0.7939453125,False,True,False,False,0.02214022140221402
UACANet,global,sha256,entropy,case71_5,case71,1808,33,1806,33,0.018272425249169437,0.9988938053097345,True,True,True,False,0.01716500553709856
UACANet,global,sha256,entropy,case72_3,case72,832,0,832,0,0.0,1.0,True,True,True,False,0.0
UACANet,global,sha256,entropy,case74_1,case74,1256,494,1119,459,0.4101876675603217,0.8909235668789809,False,True,False,False,0.3190348525469169
UACANet,global,sha256,entropy,case75_1,case75,1200,87,1186,83,0.0699831365935919,0.9883333333333333,True,True,True,False,0.06155143338954469
UACANet,global,sha256,entropy,case7_2,case7,1048,40,1032,34,0.03294573643410853,0.9847328244274809,True,True,True,False,0.023255813953488372
UACANet,global,sha256,entropy,case80_2,case80,1200,0,1195,0,0.0,0.9958333333333333,True,True,True,False,0.0
UACANet,global,sha256,entropy,case80_4,case80,1200,0,1183,0,0.0,0.9858333333333333,True,True,True,False,0.0
UACANet,global,sha256,entropy,case80_6,case80,1200,0,1168,0,0.0,0.9733333333333334,True,True,True,False,0.0
UACANet,global,sha256,entropy,case80_8,case80,1160,0,1160,0,0.0,1.0,True,True,True,False,0.0
UACANet,global,sha256,entropy,case81_2,case81,2192,57,2186,57,0.02607502287282708,0.9972627737226277,True,True,True,False,0.02333028362305581
UACANet,global,sha256,entropy,case83_3,case83,1072,0,1072,0,0.0,1.0,True,True,True,False,0.0
UACANet,global,sha256,entropy,case85_7,case85,1200,522,1125,515,0.4577777777777778,0.9375,False,True,False,False,0.3973333333333333
UACANet,global,sha256,entropy,case86_1,case86,1200,29,1196,28,0.023411371237458192,0.9966666666666667,True,True,True,False,0.020903010033444816
UACANet,global,sha256,entropy,case89,case89,1192,152,1054,121,0.11480075901328274,0.8842281879194631,True,True,True,False,0.013282732447817837
UACANet,global,sha256,entropy,case8_2,case8,1128,6,1048,2,0.0019083969465648854,0.9290780141843972,True,True,True,False,0.0
UACANet,global,sha256,entropy,case90_1,case90,1200,0,1085,0,0.0,0.9041666666666667,True,True,True,False,0.0
UACANet,global,sha256,entropy,case91_1,case91,1200,631,1009,570,0.5649157581764123,0.8408333333333333,False,True,False,False,0.4360753221010902
UACANet,global,sha256,entropy,case91_3,case91,1200,1070,1176,1063,0.9039115646258503,0.98,False,True,False,False,0.8894557823129252
UACANet,global,sha256,entropy,case91_5,case91,1200,659,1077,625,0.5803156917363046,0.8975,False,True,False,False,0.4976787372330548
UACANet,global,sha256,entropy,case91_7,case91,1872,154,1825,146,0.08,0.9748931623931624,True,True,True,False,0.05863013698630137
UACANet,global,sha256,entropy,case93_2,case93,1880,183,1740,169,0.09712643678160919,0.925531914893617,True,True,True,False,0.02471264367816092
UACANet,global,sha256,entropy,case95_1,case95,2072,392,1717,346,0.20151426907396622,0.8286679536679536,False,True,False,False,0.021549213744903904
UACANet,global,sha256,entropy,case95_3,case95,1200,1178,1180,1171,0.9923728813559322,0.9833333333333333,False,True,False,False,0.9813559322033898
UACANet,global,sha256,entropy,case96_1,case96,920,591,861,574,0.6666666666666666,0.9358695652173913,False,True,False,False,0.6178861788617886
UACANet,global,sha256,entropy,case97_1,case97,1200,1075,945,940,0.9947089947089947,0.7875,False,True,False,False,0.8677248677248677
UACANet,global,sha256,entropy,case97_3,case97,1016,383,819,338,0.4126984126984127,0.8061023622047244,False,True,False,False,0.2271062271062271
UACANet,global,sha256,negative_area_fraction,case10_1,case10,1704,547,1321,164,0.12414837244511734,0.7752347417840375,True,True,True,False,0.12414837244511734
UACANet,global,sha256,negative_area_fraction,case11,case11,904,19,886,1,0.001128668171557562,0.9800884955752213,True,True,True,False,0.001128668171557562
UACANet,global,sha256,negative_area_fraction,case12_2,case12,1984,378,1739,133,0.07648073605520414,0.8765120967741935,True,True,True,False,0.07648073605520414
UACANet,global,sha256,negative_area_fraction,case13_1,case13,784,112,768,96,0.125,0.9795918367346939,True,True,True,False,0.125
UACANet,global,sha256,negative_area_fraction,case13_3,case13,1408,17,1401,10,0.007137758743754461,0.9950284090909091,True,True,True,False,0.007137758743754461
UACANet,global,sha256,negative_area_fraction,case14_2,case14,1200,1182,407,389,0.9557739557739557,0.33916666666666667,False,False,False,False,0.9557739557739557
UACANet,global,sha256,negative_area_fraction,case14_4,case14,1160,993,616,449,0.7288961038961039,0.5310344827586206,False,True,False,False,0.7288961038961039
UACANet,global,sha256,negative_area_fraction,case14_6,case14,1600,1520,475,395,0.8315789473684211,0.296875,False,False,False,False,0.8315789473684211
UACANet,global,sha256,negative_area_fraction,case1_2,case1,1728,0,1728,0,0.0,1.0,True,True,True,False,0.0
UACANet,global,sha256,negative_area_fraction,case20_7,case20,1360,466,1108,214,0.1931407942238267,0.8147058823529412,False,True,False,False,0.1931407942238267
UACANet,global,sha256,negative_area_fraction,case20_9,case20,1200,310,992,102,0.1028225806451613,0.8266666666666667,True,True,True,False,0.1028225806451613
UACANet,global,sha256,negative_area_fraction,case24_1,case24,1200,6,1199,5,0.004170141784820684,0.9991666666666666,True,True,True,False,0.004170141784820684
UACANet,global,sha256,negative_area_fraction,case24_3,case24,1216,0,1216,0,0.0,1.0,True,True,True,False,0.0
UACANet,global,sha256,negative_area_fraction,case24_5,case24,1200,6,1196,2,0.0016722408026755853,0.9966666666666667,True,True,True,False,0.0016722408026755853
UACANet,global,sha256,negative_area_fraction,case25_2,case25,1088,24,1080,16,0.014814814814814815,0.9926470588235294,True,True,True,False,0.014814814814814815
UACANet,global,sha256,negative_area_fraction,case29_1,case29,1712,203,1603,94,0.058640049906425455,0.9363317757009346,True,True,True,False,0.058640049906425455
UACANet,global,sha256,negative_area_fraction,case2_3,case2,1200,0,1200,0,0.0,1.0,True,True,True,False,0.0
UACANet,global,sha256,negative_area_fraction,case2_6,case2,792,0,792,0,0.0,1.0,True,True,True,False,0.0
UACANet,global,sha256,negative_area_fraction,case2_9,case2,896,0,896,0,0.0,1.0,True,True,True,False,0.0
UACANet,global,sha256,negative_area_fraction,case31,case31,1464,8,1464,8,0.00546448087431694,1.0,True,True,True,False,0.00546448087431694
UACANet,global,sha256,negative_area_fraction,case32_2,case32,800,1,800,1,0.00125,1.0,True,True,True,False,0.00125
UACANet,global,sha256,negative_area_fraction,case32_4,case32,1480,179,1361,60,0.0440852314474651,0.9195945945945946,True,True,True,False,0.0440852314474651
UACANet,global,sha256,negative_area_fraction,case32_6,case32,1368,20,1364,16,0.011730205278592375,0.9970760233918129,True,True,True,False,0.011730205278592375
UACANet,global,sha256,negative_area_fraction,case34_2,case34,992,7,990,5,0.005050505050505051,0.9979838709677419,True,True,True,False,0.005050505050505051
UACANet,global,sha256,negative_area_fraction,case35_2,case35,720,0,720,0,0.0,1.0,True,True,True,False,0.0
UACANet,global,sha256,negative_area_fraction,case35_8,case35,928,228,927,227,0.24487594390507011,0.9989224137931034,False,True,False,False,0.24487594390507011
UACANet,global,sha256,negative_area_fraction,case36_2,case36,1200,913,750,463,0.6173333333333333,0.625,False,True,False,False,0.6173333333333333
UACANet,global,sha256,negative_area_fraction,case36_4,case36,1024,962,461,399,0.8655097613882863,0.4501953125,False,False,False,False,0.8655097613882863
UACANet,global,sha256,negative_area_fraction,case37_2,case37,1272,98,1224,50,0.04084967320261438,0.9622641509433962,True,True,True,False,0.04084967320261438
UACANet,global,sha256,negative_area_fraction,case38_2,case38,2032,875,1567,410,0.2616464582003829,0.7711614173228346,False,True,False,False,0.2616464582003829
UACANet,global,sha256,negative_area_fraction,case39_2,case39,2160,154,2100,94,0.04476190476190476,0.9722222222222222,True,True,True,False,0.04476190476190476
UACANet,global,sha256,negative_area_fraction,case3_1,case3,1584,95,1528,39,0.025523560209424083,0.9646464646464646,True,True,True,False,0.025523560209424083
UACANet,global,sha256,negative_area_fraction,case40,case40,1272,242,1117,87,0.07788719785138765,0.8781446540880503,True,True,True,False,0.07788719785138765
UACANet,global,sha256,negative_area_fraction,case43,case43,2080,104,1996,20,0.01002004008016032,0.9596153846153846,True,True,True,False,0.01002004008016032
UACANet,global,sha256,negative_area_fraction,case47_2,case47,1200,53,1179,32,0.02714164546225615,0.9825,True,True,True,False,0.02714164546225615
UACANet,global,sha256,negative_area_fraction,case47_4,case47,1064,0,1064,0,0.0,1.0,True,True,True,False,0.0
UACANet,global,sha256,negative_area_fraction,case48,case48,1408,267,1253,112,0.0893854748603352,0.8899147727272727,True,True,True,False,0.0893854748603352
UACANet,global,sha256,negative_area_fraction,case50_2,case50,1200,5,1198,3,0.0025041736227045075,0.9983333333333333,True,True,True,False,0.0025041736227045075
UACANet,global,sha256,negative_area_fraction,case50_4,case50,1896,111,1837,52,0.028307022318998367,0.9688818565400844,True,True,True,False,0.028307022318998367
UACANet,global,sha256,negative_area_fraction,case51_10,case51,1744,20,1738,14,0.00805523590333717,0.9965596330275229,True,True,True,False,0.00805523590333717
UACANet,global,sha256,negative_area_fraction,case51_3,case51,1680,93,1623,36,0.022181146025878003,0.9660714285714286,True,True,True,False,0.022181146025878003
UACANet,global,sha256,negative_area_fraction,case51_5,case51,1200,106,1130,36,0.03185840707964602,0.9416666666666667,True,True,True,False,0.03185840707964602
UACANet,global,sha256,negative_area_fraction,case51_7,case51,1072,282,828,38,0.04589371980676329,0.7723880597014925,True,True,True,False,0.04589371980676329
UACANet,global,sha256,negative_area_fraction,case51_9,case51,1200,354,1107,261,0.23577235772357724,0.9225,False,True,False,False,0.23577235772357724
UACANet,global,sha256,negative_area_fraction,case54_1,case54,1688,845,999,156,0.15615615615615616,0.591824644549763,False,True,False,False,0.15615615615615616
UACANet,global,sha256,negative_area_fraction,case56_1,case56,1200,51,1179,30,0.02544529262086514,0.9825,True,True,True,False,0.02544529262086514
UACANet,global,sha256,negative_area_fraction,case5_4,case5,1200,1,1200,1,0.0008333333333333334,1.0,True,True,True,False,0.0008333333333333334
UACANet,global,sha256,negative_area_fraction,case60,case60,1168,615,947,394,0.4160506863780359,0.8107876712328768,False,True,False,False,0.4160506863780359
UACANet,global,sha256,negative_area_fraction,case61_3,case61,1768,132,1714,78,0.045507584597432905,0.9694570135746606,True,True,True,False,0.045507584597432905
UACANet,global,sha256,negative_area_fraction,case63_3,case63,1384,17,1378,11,0.007982583454281567,0.9956647398843931,True,True,True,False,0.007982583454281567
UACANet,global,sha256,negative_area_fraction,case66_2,case66,2584,2,2584,2,0.0007739938080495357,1.0,True,True,True,False,0.0007739938080495357
UACANet,global,sha256,negative_area_fraction,case66_4,case66,1888,0,1888,0,0.0,1.0,True,True,True,False,0.0
UACANet,global,sha256,negative_area_fraction,case66_6,case66,1072,0,1072,0,0.0,1.0,True,True,True,False,0.0
UACANet,global,sha256,negative_area_fraction,case66_9,case66,1600,0,1600,0,0.0,1.0,True,True,True,False,0.0
UACANet,global,sha256,negative_area_fraction,case68_1,case68,1312,158,1247,93,0.07457898957497995,0.9504573170731707,True,True,True,False,0.07457898957497995
UACANet,global,sha256,negative_area_fraction,case68_3,case68,1304,376,1114,186,0.16696588868940754,0.8542944785276073,False,True,False,False,0.16696588868940754
UACANet,global,sha256,negative_area_fraction,case68_5,case68,1200,80,1175,55,0.04680851063829787,0.9791666666666666,True,True,True,False,0.04680851063829787
UACANet,global,sha256,negative_area_fraction,case68_7,case68,1840,176,1764,100,0.05668934240362812,0.9586956521739131,True,True,True,False,0.05668934240362812
UACANet,global,sha256,negative_area_fraction,case6_3,case6,1680,1464,535,319,0.5962616822429907,0.31845238095238093,False,False,False,False,0.5962616822429907
UACANet,global,sha256,negative_area_fraction,case71_1,case71,1024,229,891,96,0.10774410774410774,0.8701171875,True,True,True,False,0.10774410774410774
UACANet,global,sha256,negative_area_fraction,case71_5,case71,1808,33,1781,6,0.003368893879842785,0.985066371681416,True,True,True,False,0.003368893879842785
UACANet,global,sha256,negative_area_fraction,case72_3,case72,832,0,832,0,0.0,1.0,True,True,True,False,0.0
UACANet,global,sha256,negative_area_fraction,case74_1,case74,1256,494,948,186,0.1962025316455696,0.7547770700636943,False,True,False,False,0.1962025316455696
UACANet,global,sha256,negative_area_fraction,case75_1,case75,1200,87,1141,28,0.024539877300613498,0.9508333333333333,True,True,True,False,0.024539877300613498
UACANet,global,sha256,negative_area_fraction,case7_2,case7,1048,40,1026,18,0.017543859649122806,0.9790076335877863,True,True,True,False,0.017543859649122806
UACANet,global,sha256,negative_area_fraction,case80_2,case80,1200,0,1200,0,0.0,1.0,True,True,True,False,0.0
UACANet,global,sha256,negative_area_fraction,case80_4,case80,1200,0,1200,0,0.0,1.0,True,True,True,False,0.0
UACANet,global,sha256,negative_area_fraction,case80_6,case80,1200,0,1200,0,0.0,1.0,True,True,True,False,0.0
UACANet,global,sha256,negative_area_fraction,case80_8,case80,1160,0,1160,0,0.0,1.0,True,True,True,False,0.0
UACANet,global,sha256,negative_area_fraction,case81_2,case81,2192,57,2148,13,0.006052141527001862,0.9799270072992701,True,True,True,False,0.006052141527001862
UACANet,global,sha256,negative_area_fraction,case83_3,case83,1072,0,1072,0,0.0,1.0,True,True,True,False,0.0
UACANet,global,sha256,negative_area_fraction,case85_7,case85,1200,522,789,111,0.14068441064638784,0.6575,True,True,True,False,0.14068441064638784
UACANet,global,sha256,negative_area_fraction,case86_1,case86,1200,29,1175,4,0.003404255319148936,0.9791666666666666,True,True,True,False,0.003404255319148936
UACANet,global,sha256,negative_area_fraction,case89,case89,1192,152,1183,143,0.12087912087912088,0.9924496644295302,True,True,True,False,0.12087912087912088
UACANet,global,sha256,negative_area_fraction,case8_2,case8,1128,6,1128,6,0.005319148936170213,1.0,True,True,True,False,0.005319148936170213
UACANet,global,sha256,negative_area_fraction,case90_1,case90,1200,0,1200,0,0.0,1.0,True,True,True,False,0.0
UACANet,global,sha256,negative_area_fraction,case91_1,case91,1200,631,843,274,0.3250296559905101,0.7025,False,True,False,False,0.3250296559905101
UACANet,global,sha256,negative_area_fraction,case91_3,case91,1200,1070,380,250,0.6578947368421053,0.31666666666666665,False,False,False,False,0.6578947368421053
UACANet,global,sha256,negative_area_fraction,case91_5,case91,1200,659,772,231,0.29922279792746115,0.6433333333333333,False,True,False,False,0.29922279792746115
UACANet,global,sha256,negative_area_fraction,case91_7,case91,1872,154,1785,67,0.03753501400560224,0.9535256410256411,True,True,True,False,0.03753501400560224
UACANet,global,sha256,negative_area_fraction,case93_2,case93,1880,183,1775,78,0.043943661971830986,0.9441489361702128,True,True,True,False,0.043943661971830986
UACANet,global,sha256,negative_area_fraction,case95_1,case95,2072,392,1918,238,0.12408759124087591,0.9256756756756757,True,True,True,False,0.12408759124087591
UACANet,global,sha256,negative_area_fraction,case95_3,case95,1200,1178,199,177,0.8894472361809045,0.16583333333333333,False,False,False,False,0.8894472361809045
UACANet,global,sha256,negative_area_fraction,case96_1,case96,920,591,450,121,0.2688888888888889,0.4891304347826087,False,False,False,False,0.2688888888888889
UACANet,global,sha256,negative_area_fraction,case97_1,case97,1200,1075,529,404,0.7637051039697542,0.44083333333333335,False,False,False,False,0.7637051039697542
UACANet,global,sha256,negative_area_fraction,case97_3,case97,1016,383,873,240,0.27491408934707906,0.859251968503937,False,True,False,False,0.27491408934707906
UACANet,half_per_clip,identity,confidence_deficit,case10_1,case10,1704,547,1249,92,0.07365892714171338,0.732981220657277,True,True,True,False,0.07365892714171338
UACANet,half_per_clip,identity,confidence_deficit,case11,case11,904,19,885,0,0.0,0.9789823008849557,True,True,True,False,0.0
UACANet,half_per_clip,identity,confidence_deficit,case12_2,case12,1984,378,1678,73,0.043504171632896306,0.8457661290322581,True,True,True,False,0.04290822407628129
UACANet,half_per_clip,identity,confidence_deficit,case13_1,case13,784,112,759,87,0.11462450592885376,0.9681122448979592,True,True,True,False,0.11462450592885376
UACANet,half_per_clip,identity,confidence_deficit,case13_3,case13,1408,17,1400,9,0.0064285714285714285,0.9943181818181818,True,True,True,False,0.0064285714285714285
UACANet,half_per_clip,identity,confidence_deficit,case14_2,case14,1200,1182,600,582,0.97,0.5,False,True,False,False,0.97
UACANet,half_per_clip,identity,confidence_deficit,case14_4,case14,1160,993,580,413,0.7120689655172414,0.5,False,True,False,False,0.7120689655172414
UACANet,half_per_clip,identity,confidence_deficit,case14_6,case14,1600,1520,800,720,0.9,0.5,False,True,False,False,0.9
UACANet,half_per_clip,identity,confidence_deficit,case1_2,case1,1728,0,1728,0,0.0,1.0,True,True,True,False,0.0
UACANet,half_per_clip,identity,confidence_deficit,case20_7,case20,1360,466,1044,150,0.14367816091954022,0.7676470588235295,True,True,True,False,0.14367816091954022
UACANet,half_per_clip,identity,confidence_deficit,case20_9,case20,1200,310,945,55,0.0582010582010582,0.7875,True,True,True,False,0.0582010582010582
UACANet,half_per_clip,identity,confidence_deficit,case24_1,case24,1200,6,1199,5,0.004170141784820684,0.9991666666666666,True,True,True,False,0.004170141784820684
UACANet,half_per_clip,identity,confidence_deficit,case24_3,case24,1216,0,1216,0,0.0,1.0,True,True,True,False,0.0
UACANet,half_per_clip,identity,confidence_deficit,case24_5,case24,1200,6,1195,1,0.0008368200836820083,0.9958333333333333,True,True,True,False,0.0008368200836820083
UACANet,half_per_clip,identity,confidence_deficit,case25_2,case25,1088,24,1078,14,0.012987012987012988,0.9908088235294118,True,True,True,False,0.012987012987012988
UACANet,half_per_clip,identity,confidence_deficit,case29_1,case29,1712,203,1587,78,0.04914933837429111,0.9269859813084113,True,True,True,False,0.04914933837429111
UACANet,half_per_clip,identity,confidence_deficit,case2_3,case2,1200,0,1200,0,0.0,1.0,True,True,True,False,0.0
UACANet,half_per_clip,identity,confidence_deficit,case2_6,case2,792,0,792,0,0.0,1.0,True,True,True,False,0.0
UACANet,half_per_clip,identity,confidence_deficit,case2_9,case2,896,0,896,0,0.0,1.0,True,True,True,False,0.0
UACANet,half_per_clip,identity,confidence_deficit,case31,case31,1464,8,1464,8,0.00546448087431694,1.0,True,True,True,False,0.00546448087431694
UACANet,half_per_clip,identity,confidence_deficit,case32_2,case32,800,1,799,0,0.0,0.99875,True,True,True,False,0.0
UACANet,half_per_clip,identity,confidence_deficit,case32_4,case32,1480,179,1335,34,0.02546816479400749,0.902027027027027,True,True,True,False,0.02546816479400749
UACANet,half_per_clip,identity,confidence_deficit,case32_6,case32,1368,20,1360,12,0.008823529411764706,0.9941520467836257,True,True,True,False,0.008823529411764706
UACANet,half_per_clip,identity,confidence_deficit,case34_2,case34,992,7,989,4,0.004044489383215369,0.9969758064516129,True,True,True,False,0.004044489383215369
UACANet,half_per_clip,identity,confidence_deficit,case35_2,case35,720,0,720,0,0.0,1.0,True,True,True,False,0.0
UACANet,half_per_clip,identity,confidence_deficit,case35_8,case35,928,228,926,226,0.24406047516198703,0.9978448275862069,False,True,False,False,0.24406047516198703
UACANet,half_per_clip,identity,confidence_deficit,case36_2,case36,1200,913,635,348,0.5480314960629922,0.5291666666666667,False,True,False,False,0.5480314960629922
UACANet,half_per_clip,identity,confidence_deficit,case36_4,case36,1024,962,512,450,0.87890625,0.5,False,True,False,False,0.87890625
UACANet,half_per_clip,identity,confidence_deficit,case37_2,case37,1272,98,1214,40,0.032948929159802305,0.9544025157232704,True,True,True,False,0.032948929159802305
UACANet,half_per_clip,identity,confidence_deficit,case38_2,case38,2032,875,1470,313,0.21292517006802722,0.7234251968503937,False,True,False,False,0.21292517006802722
UACANet,half_per_clip,identity,confidence_deficit,case39_2,case39,2160,154,2085,79,0.03788968824940048,0.9652777777777778,True,True,True,False,0.03788968824940048
UACANet,half_per_clip,identity,confidence_deficit,case3_1,case3,1584,95,1512,23,0.01521164021164021,0.9545454545454546,True,True,True,False,0.01521164021164021
UACANet,half_per_clip,identity,confidence_deficit,case40,case40,1272,242,1089,59,0.05417814508723599,0.8561320754716981,True,True,True,False,0.05417814508723599
UACANet,half_per_clip,identity,confidence_deficit,case43,case43,2080,104,1985,9,0.004534005037783375,0.9543269230769231,True,True,True,False,0.004534005037783375
UACANet,half_per_clip,identity,confidence_deficit,case47_2,case47,1200,53,1171,24,0.02049530315969257,0.9758333333333333,True,True,True,False,0.02049530315969257
UACANet,half_per_clip,identity,confidence_deficit,case47_4,case47,1064,0,1064,0,0.0,1.0,True,True,True,False,0.0
UACANet,half_per_clip,identity,confidence_deficit,case48,case48,1408,267,1212,71,0.05858085808580858,0.8607954545454546,True,True,True,False,0.05858085808580858
UACANet,half_per_clip,identity,confidence_deficit,case50_2,case50,1200,5,1198,3,0.0025041736227045075,0.9983333333333333,True,True,True,False,0.0025041736227045075
UACANet,half_per_clip,identity,confidence_deficit,case50_4,case50,1896,111,1825,40,0.021917808219178082,0.9625527426160337,True,True,True,False,0.021917808219178082
UACANet,half_per_clip,identity,confidence_deficit,case51_10,case51,1744,20,1735,11,0.006340057636887608,0.9948394495412844,True,True,True,False,0.006340057636887608
UACANet,half_per_clip,identity,confidence_deficit,case51_3,case51,1680,93,1607,20,0.012445550715619166,0.9565476190476191,True,True,True,False,0.012445550715619166
UACANet,half_per_clip,identity,confidence_deficit,case51_5,case51,1200,106,1116,22,0.01971326164874552,0.93,True,True,True,False,0.01971326164874552
UACANet,half_per_clip,identity,confidence_deficit,case51_7,case51,1072,282,799,9,0.011264080100125156,0.7453358208955224,True,True,True,False,0.011264080100125156
UACANet,half_per_clip,identity,confidence_deficit,case51_9,case51,1200,354,1095,249,0.2273972602739726,0.9125,False,True,False,False,0.2273972602739726
UACANet,half_per_clip,identity,confidence_deficit,case54_1,case54,1688,845,907,64,0.07056229327453142,0.5373222748815166,True,True,True,False,0.07056229327453142
UACANet,half_per_clip,identity,confidence_deficit,case56_1,case56,1200,51,1171,22,0.018787361229718188,0.9758333333333333,True,True,True,False,0.018787361229718188
UACANet,half_per_clip,identity,confidence_deficit,case5_4,case5,1200,1,1200,1,0.0008333333333333334,1.0,True,True,True,False,0.0008333333333333334
UACANet,half_per_clip,identity,confidence_deficit,case60,case60,1168,615,889,336,0.3779527559055118,0.7611301369863014,False,True,False,False,0.3779527559055118
UACANet,half_per_clip,identity,confidence_deficit,case61_3,case61,1768,132,1703,67,0.039342337052260715,0.9632352941176471,True,True,True,False,0.039342337052260715
UACANet,half_per_clip,identity,confidence_deficit,case63_3,case63,1384,17,1377,10,0.007262164124909223,0.994942196531792,True,True,True,False,0.007262164124909223
UACANet,half_per_clip,identity,confidence_deficit,case66_2,case66,2584,2,2584,2,0.0007739938080495357,1.0,True,True,True,False,0.0007739938080495357
UACANet,half_per_clip,identity,confidence_deficit,case66_4,case66,1888,0,1888,0,0.0,1.0,True,True,True,False,0.0
UACANet,half_per_clip,identity,confidence_deficit,case66_6,case66,1072,0,1072,0,0.0,1.0,True,True,True,False,0.0
UACANet,half_per_clip,identity,confidence_deficit,case66_9,case66,1600,0,1600,0,0.0,1.0,True,True,True,False,0.0
UACANet,half_per_clip,identity,confidence_deficit,case68_1,case68,1312,158,1219,65,0.05332239540607055,0.9291158536585366,True,True,True,False,0.05332239540607055
UACANet,half_per_clip,identity,confidence_deficit,case68_3,case68,1304,376,1067,139,0.1302717900656045,0.8182515337423313,True,True,True,False,0.1302717900656045
UACANet,half_per_clip,identity,confidence_deficit,case68_5,case68,1200,80,1171,51,0.04355251921434671,0.9758333333333333,True,True,True,False,0.04355251921434671
UACANet,half_per_clip,identity,confidence_deficit,case68_7,case68,1840,176,1735,71,0.04092219020172911,0.9429347826086957,True,True,True,False,0.04092219020172911
UACANet,half_per_clip,identity,confidence_deficit,case6_3,case6,1680,1464,840,624,0.7428571428571429,0.5,False,True,False,False,0.7428571428571429
UACANet,half_per_clip,identity,confidence_deficit,case71_1,case71,1024,229,870,75,0.08620689655172414,0.849609375,True,True,True,False,0.08620689655172414
UACANet,half_per_clip,identity,confidence_deficit,case71_5,case71,1808,33,1776,1,0.0005630630630630631,0.9823008849557522,True,True,True,False,0.0005630630630630631
UACANet,half_per_clip,identity,confidence_deficit,case72_3,case72,832,0,832,0,0.0,1.0,True,True,True,False,0.0
UACANet,half_per_clip,identity,confidence_deficit,case74_1,case74,1256,494,879,117,0.13310580204778158,0.6998407643312102,True,True,True,False,0.13310580204778158
UACANet,half_per_clip,identity,confidence_deficit,case75_1,case75,1200,87,1123,10,0.008904719501335707,0.9358333333333333,True,True,True,False,0.008904719501335707
UACANet,half_per_clip,identity,confidence_deficit,case7_2,case7,1048,40,1017,9,0.008849557522123894,0.9704198473282443,True,True,True,False,0.008849557522123894
UACANet,half_per_clip,identity,confidence_deficit,case80_2,case80,1200,0,1200,0,0.0,1.0,True,True,True,False,0.0
UACANet,half_per_clip,identity,confidence_deficit,case80_4,case80,1200,0,1200,0,0.0,1.0,True,True,True,False,0.0
UACANet,half_per_clip,identity,confidence_deficit,case80_6,case80,1200,0,1200,0,0.0,1.0,True,True,True,False,0.0
UACANet,half_per_clip,identity,confidence_deficit,case80_8,case80,1160,0,1160,0,0.0,1.0,True,True,True,False,0.0
UACANet,half_per_clip,identity,confidence_deficit,case81_2,case81,2192,57,2139,4,0.0018700327255726976,0.9758211678832117,True,True,True,False,0.0018700327255726976
UACANet,half_per_clip,identity,confidence_deficit,case83_3,case83,1072,0,1072,0,0.0,1.0,True,True,True,False,0.0
UACANet,half_per_clip,identity,confidence_deficit,case85_7,case85,1200,522,720,42,0.058333333333333334,0.6,True,True,True,False,0.058333333333333334
UACANet,half_per_clip,identity,confidence_deficit,case86_1,case86,1200,29,1173,2,0.0017050298380221654,0.9775,True,True,True,False,0.0017050298380221654
UACANet,half_per_clip,identity,confidence_deficit,case89,case89,1192,152,1183,143,0.12087912087912088,0.9924496644295302,True,True,True,False,0.12087912087912088
UACANet,half_per_clip,identity,confidence_deficit,case8_2,case8,1128,6,1128,6,0.005319148936170213,1.0,True,True,True,False,0.005319148936170213
UACANet,half_per_clip,identity,confidence_deficit,case90_1,case90,1200,0,1200,0,0.0,1.0,True,True,True,False,0.0
UACANet,half_per_clip,identity,confidence_deficit,case91_1,case91,1200,631,732,163,0.2226775956284153,0.61,False,True,False,False,0.2226775956284153
UACANet,half_per_clip,identity,confidence_deficit,case91_3,case91,1200,1070,600,470,0.7833333333333333,0.5,False,True,False,False,0.7833333333333333
UACANet,half_per_clip,identity,confidence_deficit,case91_5,case91,1200,659,683,142,0.20790629575402636,0.5691666666666667,False,True,False,False,0.20790629575402636
UACANet,half_per_clip,identity,confidence_deficit,case91_7,case91,1872,154,1762,44,0.024971623155505107,0.9412393162393162,True,True,True,False,0.024971623155505107
UACANet,half_per_clip,identity,confidence_deficit,case93_2,case93,1880,183,1749,52,0.029731275014293884,0.9303191489361702,True,True,True,False,0.029731275014293884
UACANet,half_per_clip,identity,confidence_deficit,case95_1,case95,2072,392,1874,194,0.10352187833511206,0.9044401544401545,True,True,True,False,0.10352187833511206
UACANet,half_per_clip,identity,confidence_deficit,case95_3,case95,1200,1178,600,578,0.9633333333333334,0.5,False,True,False,False,0.9633333333333334
UACANet,half_per_clip,identity,confidence_deficit,case96_1,case96,920,591,460,131,0.2847826086956522,0.5,False,True,False,False,0.2847826086956522
UACANet,half_per_clip,identity,confidence_deficit,case97_1,case97,1200,1075,600,475,0.7916666666666666,0.5,False,True,False,False,0.7916666666666666
UACANet,half_per_clip,identity,confidence_deficit,case97_3,case97,1016,383,840,207,0.24642857142857144,0.8267716535433071,False,True,False,False,0.24642857142857144
UACANet,half_per_clip,identity,entropy,case10_1,case10,1704,547,1458,527,0.3614540466392318,0.8556338028169014,False,True,False,False,0.20644718792866942
UACANet,half_per_clip,identity,entropy,case11,case11,904,19,852,19,0.022300469483568074,0.9424778761061947,True,True,True,False,0.0
UACANet,half_per_clip,identity,entropy,case12_2,case12,1984,378,1979,375,0.18948964123294593,0.9974798387096774,False,True,False,False,0.18847902981303688
UACANet,half_per_clip,identity,entropy,case13_1,case13,784,112,511,82,0.16046966731898238,0.6517857142857143,False,True,False,False,0.0
UACANet,half_per_clip,identity,entropy,case13_3,case13,1408,17,1351,13,0.009622501850481125,0.9595170454545454,True,True,True,False,0.0
UACANet,half_per_clip,identity,entropy,case14_2,case14,1200,1182,1095,1094,0.9990867579908675,0.9125,False,True,False,False,0.9835616438356164
UACANet,half_per_clip,identity,entropy,case14_4,case14,1160,993,889,785,0.8830146231721034,0.7663793103448275,False,True,False,False,0.81214848143982
UACANet,half_per_clip,identity,entropy,case14_6,case14,1600,1520,1499,1453,0.9693128752501667,0.936875,False,True,False,False,0.9466310873915944
UACANet,half_per_clip,identity,entropy,case1_2,case1,1728,0,1726,0,0.0,0.9988425925925926,True,True,True,False,0.0
UACANet,half_per_clip,identity,entropy,case20_7,case20,1360,466,1097,446,0.406563354603464,0.8066176470588236,False,True,False,False,0.18505013673655424
UACANet,half_per_clip,identity,entropy,case20_9,case20,1200,310,1163,305,0.2622527944969905,0.9691666666666666,False,True,False,False,0.234737747205503
UACANet,half_per_clip,identity,entropy,case24_1,case24,1200,6,955,3,0.0031413612565445027,0.7958333333333333,True,True,True,False,0.0
UACANet,half_per_clip,identity,entropy,case24_3,case24,1216,0,1195,0,0.0,0.9827302631578947,True,True,True,False,0.0
UACANet,half_per_clip,identity,entropy,case24_5,case24,1200,6,1185,5,0.004219409282700422,0.9875,True,True,True,False,0.0
UACANet,half_per_clip,identity,entropy,case25_2,case25,1088,24,1056,19,0.017992424242424244,0.9705882352941176,True,True,True,False,0.0
UACANet,half_per_clip,identity,entropy,case29_1,case29,1712,203,1341,156,0.116331096196868,0.7832943925233645,True,True,True,False,0.0
UACANet,half_per_clip,identity,entropy,case2_3,case2,1200,0,1140,0,0.0,0.95,True,True,True,False,0.0
UACANet,half_per_clip,identity,entropy,case2_6,case2,792,0,782,0,0.0,0.9873737373737373,True,True,True,False,0.0
UACANet,half_per_clip,identity,entropy,case2_9,case2,896,0,849,0,0.0,0.9475446428571429,True,True,True,False,0.0
UACANet,half_per_clip,identity,entropy,case31,case31,1464,8,1200,7,0.005833333333333334,0.819672131147541,True,True,True,False,0.0
UACANet,half_per_clip,identity,entropy,case32_2,case32,800,1,570,1,0.0017543859649122807,0.7125,True,True,True,False,0.0
UACANet,half_per_clip,identity,entropy,case32_4,case32,1480,179,1056,148,0.14015151515151514,0.7135135135135136,True,True,True,False,0.0
UACANet,half_per_clip,identity,entropy,case32_6,case32,1368,20,1180,17,0.01440677966101695,0.8625730994152047,True,True,True,False,0.0
UACANet,half_per_clip,identity,entropy,case34_2,case34,992,7,856,7,0.008177570093457943,0.8629032258064516,True,True,True,False,0.0
UACANet,half_per_clip,identity,entropy,case35_2,case35,720,0,360,0,0.0,0.5,True,True,True,False,0.0
UACANet,half_per_clip,identity,entropy,case35_8,case35,928,228,464,149,0.32112068965517243,0.5,False,True,False,False,0.0
UACANet,half_per_clip,identity,entropy,case36_2,case36,1200,913,1035,867,0.8376811594202899,0.8625,False,True,False,False,0.7227053140096619
UACANet,half_per_clip,identity,entropy,case36_4,case36,1024,962,938,891,0.9498933901918977,0.916015625,False,True,False,False,0.9339019189765458
UACANet,half_per_clip,identity,entropy,case37_2,case37,1272,98,726,85,0.11707988980716254,0.5707547169811321,True,True,True,False,0.0
UACANet,half_per_clip,identity,entropy,case38_2,case38,2032,875,1956,855,0.4371165644171779,0.9625984251968503,False,True,False,False,0.40848670756646216
UACANet,half_per_clip,identity,entropy,case39_2,case39,2160,154,1778,142,0.0798650168728909,0.8231481481481482,True,True,True,False,0.0
UACANet,half_per_clip,identity,entropy,case3_1,case3,1584,95,1526,95,0.062254259501965926,0.9633838383838383,True,True,True,False,0.024246395806028834
UACANet,half_per_clip,identity,entropy,case40,case40,1272,242,1226,237,0.1933115823817292,0.9638364779874213,False,True,False,False,0.1598694942903752
UACANet,half_per_clip,identity,entropy,case43,case43,2080,104,2018,101,0.050049554013875126,0.9701923076923077,True,True,True,False,0.02081268582755203
UACANet,half_per_clip,identity,entropy,case47_2,case47,1200,53,1104,50,0.04528985507246377,0.92,True,True,True,False,0.0
UACANet,half_per_clip,identity,entropy,case47_4,case47,1064,0,1058,0,0.0,0.9943609022556391,True,True,True,False,0.0
UACANet,half_per_clip,identity,entropy,case48,case48,1408,267,1343,248,0.18466120625465376,0.9538352272727273,False,True,False,False,0.15040953090096798
UACANet,half_per_clip,identity,entropy,case50_2,case50,1200,5,824,2,0.0024271844660194173,0.6866666666666666,True,True,True,False,0.0
UACANet,half_per_clip,identity,entropy,case50_4,case50,1896,111,1069,98,0.09167446211412535,0.5638185654008439,True,True,True,False,0.0
UACANet,half_per_clip,identity,entropy,case51_10,case51,1744,20,1197,16,0.013366750208855471,0.6863532110091743,True,True,True,False,0.0
UACANet,half_per_clip,identity,entropy,case51_3,case51,1680,93,1520,93,0.06118421052631579,0.9047619047619048,True,True,True,False,0.0
UACANet,half_per_clip,identity,entropy,case51_5,case51,1200,106,1155,103,0.08917748917748917,0.9625,True,True,True,False,0.05281385281385281
UACANet,half_per_clip,identity,entropy,case51_7,case51,1072,282,978,269,0.27505112474437626,0.9123134328358209,False,True,False,False,0.19222903885480572
UACANet,half_per_clip,identity,entropy,case51_9,case51,1200,354,810,153,0.18888888888888888,0.675,False,True,False,False,0.0
UACANet,half_per_clip,identity,entropy,case54_1,case54,1688,845,1529,816,0.5336821451929366,0.9058056872037915,False,True,False,False,0.4486592544146501
UACANet,half_per_clip,identity,entropy,case56_1,case56,1200,51,1164,49,0.04209621993127148,0.97,True,True,True,False,0.01288659793814433
UACANet,half_per_clip,identity,entropy,case5_4,case5,1200,1,1126,1,0.0008880994671403197,0.9383333333333334,True,True,True,False,0.0
UACANet,half_per_clip,identity,entropy,case60,case60,1168,615,802,550,0.685785536159601,0.6866438356164384,False,True,False,False,0.3104738154613466
UACANet,half_per_clip,identity,entropy,case61_3,case61,1768,132,1696,126,0.07429245283018868,0.9592760180995475,True,True,True,False,0.03537735849056604
UACANet,half_per_clip,identity,entropy,case63_3,case63,1384,17,1344,16,0.011904761904761904,0.9710982658959537,True,True,True,False,0.0
UACANet,half_per_clip,identity,entropy,case66_2,case66,2584,2,2536,2,0.0007886435331230284,0.9814241486068112,True,True,True,False,0.0
UACANet,half_per_clip,identity,entropy,case66_4,case66,1888,0,1779,0,0.0,0.9422669491525424,True,True,True,False,0.0
UACANet,half_per_clip,identity,entropy,case66_6,case66,1072,0,1067,0,0.0,0.9953358208955224,True,True,True,False,0.0
UACANet,half_per_clip,identity,entropy,case66_9,case66,1600,0,1538,0,0.0,0.96125,True,True,True,False,0.0
UACANet,half_per_clip,identity,entropy,case68_1,case68,1312,158,656,125,0.19054878048780488,0.5,False,True,False,False,0.0
UACANet,half_per_clip,identity,entropy,case68_3,case68,1304,376,652,331,0.5076687116564417,0.5,False,True,False,False,0.0
UACANet,half_per_clip,identity,entropy,case68_5,case68,1200,80,600,45,0.075,0.5,True,True,True,False,0.0
UACANet,half_per_clip,identity,entropy,case68_7,case68,1840,176,1374,130,0.09461426491994178,0.7467391304347826,True,True,True,False,0.0
UACANet,half_per_clip,identity,entropy,case6_3,case6,1680,1464,1657,1456,0.8786964393482197,0.9863095238095239,False,True,False,False,0.8696439348219674
UACANet,half_per_clip,identity,entropy,case71_1,case71,1024,229,797,196,0.24592220828105396,0.7783203125,False,True,False,False,0.002509410288582183
UACANet,half_per_clip,identity,entropy,case71_5,case71,1808,33,1806,33,0.018272425249169437,0.9988938053097345,True,True,True,False,0.01716500553709856
UACANet,half_per_clip,identity,entropy,case72_3,case72,832,0,832,0,0.0,1.0,True,True,True,False,0.0
UACANet,half_per_clip,identity,entropy,case74_1,case74,1256,494,1111,458,0.41224122412241226,0.8845541401273885,False,True,False,False,0.31413141314131415
UACANet,half_per_clip,identity,entropy,case75_1,case75,1200,87,1186,83,0.0699831365935919,0.9883333333333333,True,True,True,False,0.06155143338954469
UACANet,half_per_clip,identity,entropy,case7_2,case7,1048,40,1029,34,0.03304178814382896,0.9818702290076335,True,True,True,False,0.02040816326530612
UACANet,half_per_clip,identity,entropy,case80_2,case80,1200,0,1195,0,0.0,0.9958333333333333,True,True,True,False,0.0
UACANet,half_per_clip,identity,entropy,case80_4,case80,1200,0,1173,0,0.0,0.9775,True,True,True,False,0.0
UACANet,half_per_clip,identity,entropy,case80_6,case80,1200,0,1159,0,0.0,0.9658333333333333,True,True,True,False,0.0
UACANet,half_per_clip,identity,entropy,case80_8,case80,1160,0,1159,0,0.0,0.9991379310344828,True,True,True,False,0.0
UACANet,half_per_clip,identity,entropy,case81_2,case81,2192,57,2185,57,0.02608695652173913,0.9968065693430657,True,True,True,False,0.02288329519450801
UACANet,half_per_clip,identity,entropy,case83_3,case83,1072,0,1072,0,0.0,1.0,True,True,True,False,0.0
UACANet,half_per_clip,identity,entropy,case85_7,case85,1200,522,1110,515,0.46396396396396394,0.925,False,True,False,False,0.3891891891891892
UACANet,half_per_clip,identity,entropy,case86_1,case86,1200,29,1196,28,0.023411371237458192,0.9966666666666667,True,True,True,False,0.020903010033444816
UACANet,half_per_clip,identity,entropy,case89,case89,1192,152,1041,120,0.11527377521613832,0.8733221476510067,True,True,True,False,0.0009606147934678194
UACANet,half_per_clip,identity,entropy,case8_2,case8,1128,6,1045,2,0.0019138755980861245,0.9264184397163121,True,True,True,False,0.0
UACANet,half_per_clip,identity,entropy,case90_1,case90,1200,0,1067,0,0.0,0.8891666666666667,True,True,True,False,0.0
UACANet,half_per_clip,identity,entropy,case91_1,case91,1200,631,982,566,0.5763747454175153,0.8183333333333334,False,True,False,False,0.42057026476578413
UACANet,half_per_clip,identity,entropy,case91_3,case91,1200,1070,1168,1059,0.9066780821917808,0.9733333333333334,False,True,False,False,0.8886986301369864
UACANet,half_per_clip,identity,entropy,case91_5,case91,1200,659,1057,624,0.5903500473036897,0.8808333333333334,False,True,False,False,0.4881740775780511
UACANet,half_per_clip,identity,entropy,case91_7,case91,1872,154,1810,145,0.08011049723756906,0.9668803418803419,True,True,True,False,0.05082872928176796
UACANet,half_per_clip,identity,entropy,case93_2,case93,1880,183,1719,168,0.09773123909249563,0.9143617021276595,True,True,True,False,0.012798138452588714
UACANet,half_per_clip,identity,entropy,case95_1,case95,2072,392,1688,340,0.2014218009478673,0.8146718146718147,False,True,False,False,0.004739336492890996
UACANet,half_per_clip,identity,entropy,case95_3,case95,1200,1178,1178,1169,0.9923599320882852,0.9816666666666667,False,True,False,False,0.9813242784380306
UACANet,half_per_clip,identity,entropy,case96_1,case96,920,591,856,573,0.669392523364486,0.9304347826086956,False,True,False,False,0.6156542056074766
UACANet,half_per_clip,identity,entropy,case97_1,case97,1200,1075,934,929,0.9946466809421841,0.7783333333333333,False,True,False,False,0.8661670235546038
UACANet,half_per_clip,identity,entropy,case97_3,case97,1016,383,798,331,0.41478696741854637,0.7854330708661418,False,True,False,False,0.20676691729323307
UACANet,half_per_clip,identity,negative_area_fraction,case10_1,case10,1704,547,1246,89,0.07142857142857142,0.7312206572769953,True,True,True,False,0.07142857142857142
UACANet,half_per_clip,identity,negative_area_fraction,case11,case11,904,19,885,0,0.0,0.9789823008849557,True,True,True,False,0.0
UACANet,half_per_clip,identity,negative_area_fraction,case12_2,case12,1984,378,1678,72,0.04290822407628129,0.8457661290322581,True,True,True,False,0.04290822407628129
UACANet,half_per_clip,identity,negative_area_fraction,case13_1,case13,784,112,759,87,0.11462450592885376,0.9681122448979592,True,True,True,False,0.11462450592885376
UACANet,half_per_clip,identity,negative_area_fraction,case13_3,case13,1408,17,1399,8,0.005718370264474625,0.9936079545454546,True,True,True,False,0.005718370264474625
UACANet,half_per_clip,identity,negative_area_fraction,case14_2,case14,1200,1182,600,582,0.97,0.5,False,True,False,False,0.97
UACANet,half_per_clip,identity,negative_area_fraction,case14_4,case14,1160,993,580,413,0.7120689655172414,0.5,False,True,False,False,0.7120689655172414
UACANet,half_per_clip,identity,negative_area_fraction,case14_6,case14,1600,1520,800,720,0.9,0.5,False,True,False,False,0.9
UACANet,half_per_clip,identity,negative_area_fraction,case1_2,case1,1728,0,1728,0,0.0,1.0,True,True,True,False,0.0
UACANet,half_per_clip,identity,negative_area_fraction,case20_7,case20,1360,466,1038,144,0.13872832369942195,0.763235294117647,True,True,True,False,0.13872832369942195
UACANet,half_per_clip,identity,negative_area_fraction,case20_9,case20,1200,310,943,53,0.05620360551431601,0.7858333333333334,True,True,True,False,0.05620360551431601
UACANet,half_per_clip,identity,negative_area_fraction,case24_1,case24,1200,6,1199,5,0.004170141784820684,0.9991666666666666,True,True,True,False,0.004170141784820684
UACANet,half_per_clip,identity,negative_area_fraction,case24_3,case24,1216,0,1216,0,0.0,1.0,True,True,True,False,0.0
UACANet,half_per_clip,identity,negative_area_fraction,case24_5,case24,1200,6,1195,1,0.0008368200836820083,0.9958333333333333,True,True,True,False,0.0008368200836820083
UACANet,half_per_clip,identity,negative_area_fraction,case25_2,case25,1088,24,1078,14,0.012987012987012988,0.9908088235294118,True,True,True,False,0.012987012987012988
UACANet,half_per_clip,identity,negative_area_fraction,case29_1,case29,1712,203,1587,78,0.04914933837429111,0.9269859813084113,True,True,True,False,0.04914933837429111
UACANet,half_per_clip,identity,negative_area_fraction,case2_3,case2,1200,0,1200,0,0.0,1.0,True,True,True,False,0.0
UACANet,half_per_clip,identity,negative_area_fraction,case2_6,case2,792,0,792,0,0.0,1.0,True,True,True,False,0.0
UACANet,half_per_clip,identity,negative_area_fraction,case2_9,case2,896,0,896,0,0.0,1.0,True,True,True,False,0.0
UACANet,half_per_clip,identity,negative_area_fraction,case31,case31,1464,8,1464,8,0.00546448087431694,1.0,True,True,True,False,0.00546448087431694
UACANet,half_per_clip,identity,negative_area_fraction,case32_2,case32,800,1,800,1,0.00125,1.0,True,True,True,False,0.00125
UACANet,half_per_clip,identity,negative_area_fraction,case32_4,case32,1480,179,1337,36,0.02692595362752431,0.9033783783783784,True,True,True,False,0.02692595362752431
UACANet,half_per_clip,identity,negative_area_fraction,case32_6,case32,1368,20,1361,13,0.009551800146950772,0.9948830409356725,True,True,True,False,0.009551800146950772
UACANet,half_per_clip,identity,negative_area_fraction,case34_2,case34,992,7,990,5,0.005050505050505051,0.9979838709677419,True,True,True,False,0.005050505050505051
UACANet,half_per_clip,identity,negative_area_fraction,case35_2,case35,720,0,720,0,0.0,1.0,True,True,True,False,0.0
UACANet,half_per_clip,identity,negative_area_fraction,case35_8,case35,928,228,927,227,0.24487594390507011,0.9989224137931034,False,True,False,False,0.24487594390507011
UACANet,half_per_clip,identity,negative_area_fraction,case36_2,case36,1200,913,630,343,0.5444444444444444,0.525,False,True,False,False,0.5444444444444444
UACANet,half_per_clip,identity,negative_area_fraction,case36_4,case36,1024,962,512,450,0.87890625,0.5,False,True,False,False,0.87890625
UACANet,half_per_clip,identity,negative_area_fraction,case37_2,case37,1272,98,1215,41,0.03374485596707819,0.9551886792452831,True,True,True,False,0.03374485596707819
UACANet,half_per_clip,identity,negative_area_fraction,case38_2,case38,2032,875,1430,273,0.19090909090909092,0.7037401574803149,False,True,False,False,0.19090909090909092
UACANet,half_per_clip,identity,negative_area_fraction,case39_2,case39,2160,154,2088,82,0.039272030651340994,0.9666666666666667,True,True,True,False,0.039272030651340994
UACANet,half_per_clip,identity,negative_area_fraction,case3_1,case3,1584,95,1514,25,0.016512549537648614,0.9558080808080808,True,True,True,False,0.016512549537648614
UACANet,half_per_clip,identity,negative_area_fraction,case40,case40,1272,242,1091,61,0.05591200733272227,0.8577044025157232,True,True,True,False,0.05591200733272227
UACANet,half_per_clip,identity,negative_area_fraction,case43,case43,2080,104,1984,8,0.004032258064516129,0.9538461538461539,True,True,True,False,0.004032258064516129
UACANet,half_per_clip,identity,negative_area_fraction,case47_2,case47,1200,53,1172,25,0.021331058020477817,0.9766666666666667,True,True,True,False,0.021331058020477817
UACANet,half_per_clip,identity,negative_area_fraction,case47_4,case47,1064,0,1064,0,0.0,1.0,True,True,True,False,0.0
UACANet,half_per_clip,identity,negative_area_fraction,case48,case48,1408,267,1207,66,0.05468102734051367,0.8572443181818182,True,True,True,False,0.05468102734051367
UACANet,half_per_clip,identity,negative_area_fraction,case50_2,case50,1200,5,1198,3,0.0025041736227045075,0.9983333333333333,True,True,True,False,0.0025041736227045075
UACANet,half_per_clip,identity,negative_area_fraction,case50_4,case50,1896,111,1826,41,0.022453450164293537,0.9630801687763713,True,True,True,False,0.022453450164293537
UACANet,half_per_clip,identity,negative_area_fraction,case51_10,case51,1744,20,1736,12,0.0069124423963133645,0.9954128440366973,True,True,True,False,0.0069124423963133645
UACANet,half_per_clip,identity,negative_area_fraction,case51_3,case51,1680,93,1601,14,0.008744534665833853,0.9529761904761904,True,True,True,False,0.008744534665833853
UACANet,half_per_clip,identity,negative_area_fraction,case51_5,case51,1200,106,1117,23,0.020590868397493287,0.9308333333333333,True,True,True,False,0.020590868397493287
UACANet,half_per_clip,identity,negative_area_fraction,case51_7,case51,1072,282,798,8,0.010025062656641603,0.7444029850746269,True,True,True,False,0.010025062656641603
UACANet,half_per_clip,identity,negative_area_fraction,case51_9,case51,1200,354,1096,250,0.2281021897810219,0.9133333333333333,False,True,False,False,0.2281021897810219
UACANet,half_per_clip,identity,negative_area_fraction,case54_1,case54,1688,845,909,66,0.07260726072607261,0.5385071090047393,True,True,True,False,0.07260726072607261
UACANet,half_per_clip,identity,negative_area_fraction,case56_1,case56,1200,51,1170,21,0.017948717948717947,0.975,True,True,True,False,0.017948717948717947
UACANet,half_per_clip,identity,negative_area_fraction,case5_4,case5,1200,1,1200,1,0.0008333333333333334,1.0,True,True,True,False,0.0008333333333333334
UACANet,half_per_clip,identity,negative_area_fraction,case60,case60,1168,615,898,345,0.3841870824053452,0.7688356164383562,False,True,False,False,0.3841870824053452
UACANet,half_per_clip,identity,negative_area_fraction,case61_3,case61,1768,132,1702,66,0.038777908343125736,0.9626696832579186,True,True,True,False,0.038777908343125736
UACANet,half_per_clip,identity,negative_area_fraction,case63_3,case63,1384,17,1374,7,0.005094614264919942,0.9927745664739884,True,True,True,False,0.005094614264919942
UACANet,half_per_clip,identity,negative_area_fraction,case66_2,case66,2584,2,2584,2,0.0007739938080495357,1.0,True,True,True,False,0.0007739938080495357
UACANet,half_per_clip,identity,negative_area_fraction,case66_4,case66,1888,0,1888,0,0.0,1.0,True,True,True,False,0.0
UACANet,half_per_clip,identity,negative_area_fraction,case66_6,case66,1072,0,1072,0,0.0,1.0,True,True,True,False,0.0
UACANet,half_per_clip,identity,negative_area_fraction,case66_9,case66,1600,0,1600,0,0.0,1.0,True,True,True,False,0.0
UACANet,half_per_clip,identity,negative_area_fraction,case68_1,case68,1312,158,1222,68,0.05564648117839607,0.9314024390243902,True,True,True,False,0.05564648117839607
UACANet,half_per_clip,identity,negative_area_fraction,case68_3,case68,1304,376,1075,147,0.13674418604651162,0.8243865030674846,True,True,True,False,0.13674418604651162
UACANet,half_per_clip,identity,negative_area_fraction,case68_5,case68,1200,80,1174,54,0.04599659284497445,0.9783333333333334,True,True,True,False,0.04599659284497445
UACANet,half_per_clip,identity,negative_area_fraction,case68_7,case68,1840,176,1738,74,0.04257767548906789,0.9445652173913044,True,True,True,False,0.04257767548906789
UACANet,half_per_clip,identity,negative_area_fraction,case6_3,case6,1680,1464,840,624,0.7428571428571429,0.5,False,True,False,False,0.7428571428571429
UACANet,half_per_clip,identity,negative_area_fraction,case71_1,case71,1024,229,875,80,0.09142857142857143,0.8544921875,True,True,True,False,0.09142857142857143
UACANet,half_per_clip,identity,negative_area_fraction,case71_5,case71,1808,33,1776,1,0.0005630630630630631,0.9823008849557522,True,True,True,False,0.0005630630630630631
UACANet,half_per_clip,identity,negative_area_fraction,case72_3,case72,832,0,832,0,0.0,1.0,True,True,True,False,0.0
UACANet,half_per_clip,identity,negative_area_fraction,case74_1,case74,1256,494,876,114,0.13013698630136986,0.697452229299363,True,True,True,False,0.13013698630136986
UACANet,half_per_clip,identity,negative_area_fraction,case75_1,case75,1200,87,1122,9,0.008021390374331552,0.935,True,True,True,False,0.008021390374331552
UACANet,half_per_clip,identity,negative_area_fraction,case7_2,case7,1048,40,1017,9,0.008849557522123894,0.9704198473282443,True,True,True,False,0.008849557522123894
UACANet,half_per_clip,identity,negative_area_fraction,case80_2,case80,1200,0,1200,0,0.0,1.0,True,True,True,False,0.0
UACANet,half_per_clip,identity,negative_area_fraction,case80_4,case80,1200,0,1200,0,0.0,1.0,True,True,True,False,0.0
UACANet,half_per_clip,identity,negative_area_fraction,case80_6,case80,1200,0,1200,0,0.0,1.0,True,True,True,False,0.0
UACANet,half_per_clip,identity,negative_area_fraction,case80_8,case80,1160,0,1160,0,0.0,1.0,True,True,True,False,0.0
UACANet,half_per_clip,identity,negative_area_fraction,case81_2,case81,2192,57,2139,4,0.0018700327255726976,0.9758211678832117,True,True,True,False,0.0018700327255726976
UACANet,half_per_clip,identity,negative_area_fraction,case83_3,case83,1072,0,1072,0,0.0,1.0,True,True,True,False,0.0
UACANet,half_per_clip,identity,negative_area_fraction,case85_7,case85,1200,522,719,41,0.05702364394993046,0.5991666666666666,True,True,True,False,0.05702364394993046
UACANet,half_per_clip,identity,negative_area_fraction,case86_1,case86,1200,29,1173,2,0.0017050298380221654,0.9775,True,True,True,False,0.0017050298380221654
UACANet,half_per_clip,identity,negative_area_fraction,case89,case89,1192,152,1182,142,0.12013536379018612,0.9916107382550335,True,True,True,False,0.12013536379018612
UACANet,half_per_clip,identity,negative_area_fraction,case8_2,case8,1128,6,1128,6,0.005319148936170213,1.0,True,True,True,False,0.005319148936170213
UACANet,half_per_clip,identity,negative_area_fraction,case90_1,case90,1200,0,1200,0,0.0,1.0,True,True,True,False,0.0
UACANet,half_per_clip,identity,negative_area_fraction,case91_1,case91,1200,631,745,176,0.23624161073825503,0.6208333333333333,False,True,False,False,0.23624161073825503
UACANet,half_per_clip,identity,negative_area_fraction,case91_3,case91,1200,1070,600,470,0.7833333333333333,0.5,False,True,False,False,0.7833333333333333
UACANet,half_per_clip,identity,negative_area_fraction,case91_5,case91,1200,659,691,150,0.2170767004341534,0.5758333333333333,False,True,False,False,0.2170767004341534
UACANet,half_per_clip,identity,negative_area_fraction,case91_7,case91,1872,154,1764,46,0.026077097505668934,0.9423076923076923,True,True,True,False,0.026077097505668934
UACANet,half_per_clip,identity,negative_area_fraction,case93_2,case93,1880,183,1749,52,0.029731275014293884,0.9303191489361702,True,True,True,False,0.029731275014293884
UACANet,half_per_clip,identity,negative_area_fraction,case95_1,case95,2072,392,1873,193,0.10304324612920449,0.903957528957529,True,True,True,False,0.10304324612920449
UACANet,half_per_clip,identity,negative_area_fraction,case95_3,case95,1200,1178,600,578,0.9633333333333334,0.5,False,True,False,False,0.9633333333333334
UACANet,half_per_clip,identity,negative_area_fraction,case96_1,case96,920,591,460,131,0.2847826086956522,0.5,False,True,False,False,0.2847826086956522
UACANet,half_per_clip,identity,negative_area_fraction,case97_1,case97,1200,1075,600,475,0.7916666666666666,0.5,False,True,False,False,0.7916666666666666
UACANet,half_per_clip,identity,negative_area_fraction,case97_3,case97,1016,383,847,214,0.2526564344746163,0.8336614173228346,False,True,False,False,0.2526564344746163
UACANet,half_per_clip,sha256,confidence_deficit,case10_1,case10,1704,547,1249,92,0.07365892714171338,0.732981220657277,True,True,True,False,0.07365892714171338
UACANet,half_per_clip,sha256,confidence_deficit,case11,case11,904,19,885,0,0.0,0.9789823008849557,True,True,True,False,0.0
UACANet,half_per_clip,sha256,confidence_deficit,case12_2,case12,1984,378,1678,73,0.043504171632896306,0.8457661290322581,True,True,True,False,0.04290822407628129
UACANet,half_per_clip,sha256,confidence_deficit,case13_1,case13,784,112,759,87,0.11462450592885376,0.9681122448979592,True,True,True,False,0.11462450592885376
UACANet,half_per_clip,sha256,confidence_deficit,case13_3,case13,1408,17,1400,9,0.0064285714285714285,0.9943181818181818,True,True,True,False,0.0064285714285714285
UACANet,half_per_clip,sha256,confidence_deficit,case14_2,case14,1200,1182,600,582,0.97,0.5,False,True,False,False,0.97
UACANet,half_per_clip,sha256,confidence_deficit,case14_4,case14,1160,993,580,413,0.7120689655172414,0.5,False,True,False,False,0.7120689655172414
UACANet,half_per_clip,sha256,confidence_deficit,case14_6,case14,1600,1520,800,720,0.9,0.5,False,True,False,False,0.9
UACANet,half_per_clip,sha256,confidence_deficit,case1_2,case1,1728,0,1728,0,0.0,1.0,True,True,True,False,0.0
UACANet,half_per_clip,sha256,confidence_deficit,case20_7,case20,1360,466,1044,150,0.14367816091954022,0.7676470588235295,True,True,True,False,0.14367816091954022
UACANet,half_per_clip,sha256,confidence_deficit,case20_9,case20,1200,310,945,55,0.0582010582010582,0.7875,True,True,True,False,0.0582010582010582
UACANet,half_per_clip,sha256,confidence_deficit,case24_1,case24,1200,6,1199,5,0.004170141784820684,0.9991666666666666,True,True,True,False,0.004170141784820684
UACANet,half_per_clip,sha256,confidence_deficit,case24_3,case24,1216,0,1216,0,0.0,1.0,True,True,True,False,0.0
UACANet,half_per_clip,sha256,confidence_deficit,case24_5,case24,1200,6,1195,1,0.0008368200836820083,0.9958333333333333,True,True,True,False,0.0008368200836820083
UACANet,half_per_clip,sha256,confidence_deficit,case25_2,case25,1088,24,1078,14,0.012987012987012988,0.9908088235294118,True,True,True,False,0.012987012987012988
UACANet,half_per_clip,sha256,confidence_deficit,case29_1,case29,1712,203,1587,78,0.04914933837429111,0.9269859813084113,True,True,True,False,0.04914933837429111
UACANet,half_per_clip,sha256,confidence_deficit,case2_3,case2,1200,0,1200,0,0.0,1.0,True,True,True,False,0.0
UACANet,half_per_clip,sha256,confidence_deficit,case2_6,case2,792,0,792,0,0.0,1.0,True,True,True,False,0.0
UACANet,half_per_clip,sha256,confidence_deficit,case2_9,case2,896,0,896,0,0.0,1.0,True,True,True,False,0.0
UACANet,half_per_clip,sha256,confidence_deficit,case31,case31,1464,8,1464,8,0.00546448087431694,1.0,True,True,True,False,0.00546448087431694
UACANet,half_per_clip,sha256,confidence_deficit,case32_2,case32,800,1,799,0,0.0,0.99875,True,True,True,False,0.0
UACANet,half_per_clip,sha256,confidence_deficit,case32_4,case32,1480,179,1335,34,0.02546816479400749,0.902027027027027,True,True,True,False,0.02546816479400749
UACANet,half_per_clip,sha256,confidence_deficit,case32_6,case32,1368,20,1360,12,0.008823529411764706,0.9941520467836257,True,True,True,False,0.008823529411764706
UACANet,half_per_clip,sha256,confidence_deficit,case34_2,case34,992,7,989,4,0.004044489383215369,0.9969758064516129,True,True,True,False,0.004044489383215369
UACANet,half_per_clip,sha256,confidence_deficit,case35_2,case35,720,0,720,0,0.0,1.0,True,True,True,False,0.0
UACANet,half_per_clip,sha256,confidence_deficit,case35_8,case35,928,228,926,226,0.24406047516198703,0.9978448275862069,False,True,False,False,0.24406047516198703
UACANet,half_per_clip,sha256,confidence_deficit,case36_2,case36,1200,913,635,348,0.5480314960629922,0.5291666666666667,False,True,False,False,0.5480314960629922
UACANet,half_per_clip,sha256,confidence_deficit,case36_4,case36,1024,962,512,450,0.87890625,0.5,False,True,False,False,0.87890625
UACANet,half_per_clip,sha256,confidence_deficit,case37_2,case37,1272,98,1214,40,0.032948929159802305,0.9544025157232704,True,True,True,False,0.032948929159802305
UACANet,half_per_clip,sha256,confidence_deficit,case38_2,case38,2032,875,1470,313,0.21292517006802722,0.7234251968503937,False,True,False,False,0.21292517006802722
UACANet,half_per_clip,sha256,confidence_deficit,case39_2,case39,2160,154,2085,79,0.03788968824940048,0.9652777777777778,True,True,True,False,0.03788968824940048
UACANet,half_per_clip,sha256,confidence_deficit,case3_1,case3,1584,95,1512,23,0.01521164021164021,0.9545454545454546,True,True,True,False,0.01521164021164021
UACANet,half_per_clip,sha256,confidence_deficit,case40,case40,1272,242,1089,59,0.05417814508723599,0.8561320754716981,True,True,True,False,0.05417814508723599
UACANet,half_per_clip,sha256,confidence_deficit,case43,case43,2080,104,1985,9,0.004534005037783375,0.9543269230769231,True,True,True,False,0.004534005037783375
UACANet,half_per_clip,sha256,confidence_deficit,case47_2,case47,1200,53,1171,24,0.02049530315969257,0.9758333333333333,True,True,True,False,0.02049530315969257
UACANet,half_per_clip,sha256,confidence_deficit,case47_4,case47,1064,0,1064,0,0.0,1.0,True,True,True,False,0.0
UACANet,half_per_clip,sha256,confidence_deficit,case48,case48,1408,267,1212,71,0.05858085808580858,0.8607954545454546,True,True,True,False,0.05858085808580858
UACANet,half_per_clip,sha256,confidence_deficit,case50_2,case50,1200,5,1198,3,0.0025041736227045075,0.9983333333333333,True,True,True,False,0.0025041736227045075
UACANet,half_per_clip,sha256,confidence_deficit,case50_4,case50,1896,111,1825,40,0.021917808219178082,0.9625527426160337,True,True,True,False,0.021917808219178082
UACANet,half_per_clip,sha256,confidence_deficit,case51_10,case51,1744,20,1735,11,0.006340057636887608,0.9948394495412844,True,True,True,False,0.006340057636887608
UACANet,half_per_clip,sha256,confidence_deficit,case51_3,case51,1680,93,1607,20,0.012445550715619166,0.9565476190476191,True,True,True,False,0.012445550715619166
UACANet,half_per_clip,sha256,confidence_deficit,case51_5,case51,1200,106,1116,22,0.01971326164874552,0.93,True,True,True,False,0.01971326164874552
UACANet,half_per_clip,sha256,confidence_deficit,case51_7,case51,1072,282,799,9,0.011264080100125156,0.7453358208955224,True,True,True,False,0.011264080100125156
UACANet,half_per_clip,sha256,confidence_deficit,case51_9,case51,1200,354,1095,249,0.2273972602739726,0.9125,False,True,False,False,0.2273972602739726
UACANet,half_per_clip,sha256,confidence_deficit,case54_1,case54,1688,845,907,64,0.07056229327453142,0.5373222748815166,True,True,True,False,0.07056229327453142
UACANet,half_per_clip,sha256,confidence_deficit,case56_1,case56,1200,51,1171,22,0.018787361229718188,0.9758333333333333,True,True,True,False,0.018787361229718188
UACANet,half_per_clip,sha256,confidence_deficit,case5_4,case5,1200,1,1200,1,0.0008333333333333334,1.0,True,True,True,False,0.0008333333333333334
UACANet,half_per_clip,sha256,confidence_deficit,case60,case60,1168,615,889,336,0.3779527559055118,0.7611301369863014,False,True,False,False,0.3779527559055118
UACANet,half_per_clip,sha256,confidence_deficit,case61_3,case61,1768,132,1703,67,0.039342337052260715,0.9632352941176471,True,True,True,False,0.039342337052260715
UACANet,half_per_clip,sha256,confidence_deficit,case63_3,case63,1384,17,1377,10,0.007262164124909223,0.994942196531792,True,True,True,False,0.007262164124909223
UACANet,half_per_clip,sha256,confidence_deficit,case66_2,case66,2584,2,2584,2,0.0007739938080495357,1.0,True,True,True,False,0.0007739938080495357
UACANet,half_per_clip,sha256,confidence_deficit,case66_4,case66,1888,0,1888,0,0.0,1.0,True,True,True,False,0.0
UACANet,half_per_clip,sha256,confidence_deficit,case66_6,case66,1072,0,1072,0,0.0,1.0,True,True,True,False,0.0
UACANet,half_per_clip,sha256,confidence_deficit,case66_9,case66,1600,0,1600,0,0.0,1.0,True,True,True,False,0.0
UACANet,half_per_clip,sha256,confidence_deficit,case68_1,case68,1312,158,1219,65,0.05332239540607055,0.9291158536585366,True,True,True,False,0.05332239540607055
UACANet,half_per_clip,sha256,confidence_deficit,case68_3,case68,1304,376,1067,139,0.1302717900656045,0.8182515337423313,True,True,True,False,0.1302717900656045
UACANet,half_per_clip,sha256,confidence_deficit,case68_5,case68,1200,80,1171,51,0.04355251921434671,0.9758333333333333,True,True,True,False,0.04355251921434671
UACANet,half_per_clip,sha256,confidence_deficit,case68_7,case68,1840,176,1735,71,0.04092219020172911,0.9429347826086957,True,True,True,False,0.04092219020172911
UACANet,half_per_clip,sha256,confidence_deficit,case6_3,case6,1680,1464,840,624,0.7428571428571429,0.5,False,True,False,False,0.7428571428571429
UACANet,half_per_clip,sha256,confidence_deficit,case71_1,case71,1024,229,870,75,0.08620689655172414,0.849609375,True,True,True,False,0.08620689655172414
UACANet,half_per_clip,sha256,confidence_deficit,case71_5,case71,1808,33,1776,1,0.0005630630630630631,0.9823008849557522,True,True,True,False,0.0005630630630630631
UACANet,half_per_clip,sha256,confidence_deficit,case72_3,case72,832,0,832,0,0.0,1.0,True,True,True,False,0.0
UACANet,half_per_clip,sha256,confidence_deficit,case74_1,case74,1256,494,879,117,0.13310580204778158,0.6998407643312102,True,True,True,False,0.13310580204778158
UACANet,half_per_clip,sha256,confidence_deficit,case75_1,case75,1200,87,1123,10,0.008904719501335707,0.9358333333333333,True,True,True,False,0.008904719501335707
UACANet,half_per_clip,sha256,confidence_deficit,case7_2,case7,1048,40,1017,9,0.008849557522123894,0.9704198473282443,True,True,True,False,0.008849557522123894
UACANet,half_per_clip,sha256,confidence_deficit,case80_2,case80,1200,0,1200,0,0.0,1.0,True,True,True,False,0.0
UACANet,half_per_clip,sha256,confidence_deficit,case80_4,case80,1200,0,1200,0,0.0,1.0,True,True,True,False,0.0
UACANet,half_per_clip,sha256,confidence_deficit,case80_6,case80,1200,0,1200,0,0.0,1.0,True,True,True,False,0.0
UACANet,half_per_clip,sha256,confidence_deficit,case80_8,case80,1160,0,1160,0,0.0,1.0,True,True,True,False,0.0
UACANet,half_per_clip,sha256,confidence_deficit,case81_2,case81,2192,57,2139,4,0.0018700327255726976,0.9758211678832117,True,True,True,False,0.0018700327255726976
UACANet,half_per_clip,sha256,confidence_deficit,case83_3,case83,1072,0,1072,0,0.0,1.0,True,True,True,False,0.0
UACANet,half_per_clip,sha256,confidence_deficit,case85_7,case85,1200,522,720,42,0.058333333333333334,0.6,True,True,True,False,0.058333333333333334
UACANet,half_per_clip,sha256,confidence_deficit,case86_1,case86,1200,29,1173,2,0.0017050298380221654,0.9775,True,True,True,False,0.0017050298380221654
UACANet,half_per_clip,sha256,confidence_deficit,case89,case89,1192,152,1183,143,0.12087912087912088,0.9924496644295302,True,True,True,False,0.12087912087912088
UACANet,half_per_clip,sha256,confidence_deficit,case8_2,case8,1128,6,1128,6,0.005319148936170213,1.0,True,True,True,False,0.005319148936170213
UACANet,half_per_clip,sha256,confidence_deficit,case90_1,case90,1200,0,1200,0,0.0,1.0,True,True,True,False,0.0
UACANet,half_per_clip,sha256,confidence_deficit,case91_1,case91,1200,631,732,163,0.2226775956284153,0.61,False,True,False,False,0.2226775956284153
UACANet,half_per_clip,sha256,confidence_deficit,case91_3,case91,1200,1070,600,470,0.7833333333333333,0.5,False,True,False,False,0.7833333333333333
UACANet,half_per_clip,sha256,confidence_deficit,case91_5,case91,1200,659,683,142,0.20790629575402636,0.5691666666666667,False,True,False,False,0.20790629575402636
UACANet,half_per_clip,sha256,confidence_deficit,case91_7,case91,1872,154,1762,44,0.024971623155505107,0.9412393162393162,True,True,True,False,0.024971623155505107
UACANet,half_per_clip,sha256,confidence_deficit,case93_2,case93,1880,183,1749,52,0.029731275014293884,0.9303191489361702,True,True,True,False,0.029731275014293884
UACANet,half_per_clip,sha256,confidence_deficit,case95_1,case95,2072,392,1874,194,0.10352187833511206,0.9044401544401545,True,True,True,False,0.10352187833511206
UACANet,half_per_clip,sha256,confidence_deficit,case95_3,case95,1200,1178,600,578,0.9633333333333334,0.5,False,True,False,False,0.9633333333333334
UACANet,half_per_clip,sha256,confidence_deficit,case96_1,case96,920,591,460,131,0.2847826086956522,0.5,False,True,False,False,0.2847826086956522
UACANet,half_per_clip,sha256,confidence_deficit,case97_1,case97,1200,1075,600,475,0.7916666666666666,0.5,False,True,False,False,0.7916666666666666
UACANet,half_per_clip,sha256,confidence_deficit,case97_3,case97,1016,383,840,207,0.24642857142857144,0.8267716535433071,False,True,False,False,0.24642857142857144
UACANet,half_per_clip,sha256,entropy,case10_1,case10,1704,547,1458,527,0.3614540466392318,0.8556338028169014,False,True,False,False,0.20644718792866942
UACANet,half_per_clip,sha256,entropy,case11,case11,904,19,852,19,0.022300469483568074,0.9424778761061947,True,True,True,False,0.0
UACANet,half_per_clip,sha256,entropy,case12_2,case12,1984,378,1979,375,0.18948964123294593,0.9974798387096774,False,True,False,False,0.18847902981303688
UACANet,half_per_clip,sha256,entropy,case13_1,case13,784,112,511,82,0.16046966731898238,0.6517857142857143,False,True,False,False,0.0
UACANet,half_per_clip,sha256,entropy,case13_3,case13,1408,17,1351,13,0.009622501850481125,0.9595170454545454,True,True,True,False,0.0
UACANet,half_per_clip,sha256,entropy,case14_2,case14,1200,1182,1095,1094,0.9990867579908675,0.9125,False,True,False,False,0.9835616438356164
UACANet,half_per_clip,sha256,entropy,case14_4,case14,1160,993,889,785,0.8830146231721034,0.7663793103448275,False,True,False,False,0.81214848143982
UACANet,half_per_clip,sha256,entropy,case14_6,case14,1600,1520,1499,1453,0.9693128752501667,0.936875,False,True,False,False,0.9466310873915944
UACANet,half_per_clip,sha256,entropy,case1_2,case1,1728,0,1726,0,0.0,0.9988425925925926,True,True,True,False,0.0
UACANet,half_per_clip,sha256,entropy,case20_7,case20,1360,466,1097,446,0.406563354603464,0.8066176470588236,False,True,False,False,0.18505013673655424
UACANet,half_per_clip,sha256,entropy,case20_9,case20,1200,310,1163,305,0.2622527944969905,0.9691666666666666,False,True,False,False,0.234737747205503
UACANet,half_per_clip,sha256,entropy,case24_1,case24,1200,6,955,3,0.0031413612565445027,0.7958333333333333,True,True,True,False,0.0
UACANet,half_per_clip,sha256,entropy,case24_3,case24,1216,0,1195,0,0.0,0.9827302631578947,True,True,True,False,0.0
UACANet,half_per_clip,sha256,entropy,case24_5,case24,1200,6,1185,5,0.004219409282700422,0.9875,True,True,True,False,0.0
UACANet,half_per_clip,sha256,entropy,case25_2,case25,1088,24,1056,19,0.017992424242424244,0.9705882352941176,True,True,True,False,0.0
UACANet,half_per_clip,sha256,entropy,case29_1,case29,1712,203,1341,156,0.116331096196868,0.7832943925233645,True,True,True,False,0.0
UACANet,half_per_clip,sha256,entropy,case2_3,case2,1200,0,1140,0,0.0,0.95,True,True,True,False,0.0
UACANet,half_per_clip,sha256,entropy,case2_6,case2,792,0,782,0,0.0,0.9873737373737373,True,True,True,False,0.0
UACANet,half_per_clip,sha256,entropy,case2_9,case2,896,0,849,0,0.0,0.9475446428571429,True,True,True,False,0.0
UACANet,half_per_clip,sha256,entropy,case31,case31,1464,8,1200,7,0.005833333333333334,0.819672131147541,True,True,True,False,0.0
UACANet,half_per_clip,sha256,entropy,case32_2,case32,800,1,570,1,0.0017543859649122807,0.7125,True,True,True,False,0.0
UACANet,half_per_clip,sha256,entropy,case32_4,case32,1480,179,1056,148,0.14015151515151514,0.7135135135135136,True,True,True,False,0.0
UACANet,half_per_clip,sha256,entropy,case32_6,case32,1368,20,1180,17,0.01440677966101695,0.8625730994152047,True,True,True,False,0.0
UACANet,half_per_clip,sha256,entropy,case34_2,case34,992,7,856,7,0.008177570093457943,0.8629032258064516,True,True,True,False,0.0
UACANet,half_per_clip,sha256,entropy,case35_2,case35,720,0,360,0,0.0,0.5,True,True,True,False,0.0
UACANet,half_per_clip,sha256,entropy,case35_8,case35,928,228,464,149,0.32112068965517243,0.5,False,True,False,False,0.0
UACANet,half_per_clip,sha256,entropy,case36_2,case36,1200,913,1035,867,0.8376811594202899,0.8625,False,True,False,False,0.7227053140096619
UACANet,half_per_clip,sha256,entropy,case36_4,case36,1024,962,938,891,0.9498933901918977,0.916015625,False,True,False,False,0.9339019189765458
UACANet,half_per_clip,sha256,entropy,case37_2,case37,1272,98,726,85,0.11707988980716254,0.5707547169811321,True,True,True,False,0.0
UACANet,half_per_clip,sha256,entropy,case38_2,case38,2032,875,1956,855,0.4371165644171779,0.9625984251968503,False,True,False,False,0.40848670756646216
UACANet,half_per_clip,sha256,entropy,case39_2,case39,2160,154,1778,142,0.0798650168728909,0.8231481481481482,True,True,True,False,0.0
UACANet,half_per_clip,sha256,entropy,case3_1,case3,1584,95,1526,95,0.062254259501965926,0.9633838383838383,True,True,True,False,0.024246395806028834
UACANet,half_per_clip,sha256,entropy,case40,case40,1272,242,1226,237,0.1933115823817292,0.9638364779874213,False,True,False,False,0.1598694942903752
UACANet,half_per_clip,sha256,entropy,case43,case43,2080,104,2018,101,0.050049554013875126,0.9701923076923077,True,True,True,False,0.02081268582755203
UACANet,half_per_clip,sha256,entropy,case47_2,case47,1200,53,1104,50,0.04528985507246377,0.92,True,True,True,False,0.0
UACANet,half_per_clip,sha256,entropy,case47_4,case47,1064,0,1058,0,0.0,0.9943609022556391,True,True,True,False,0.0
UACANet,half_per_clip,sha256,entropy,case48,case48,1408,267,1343,248,0.18466120625465376,0.9538352272727273,False,True,False,False,0.15040953090096798
UACANet,half_per_clip,sha256,entropy,case50_2,case50,1200,5,824,2,0.0024271844660194173,0.6866666666666666,True,True,True,False,0.0
UACANet,half_per_clip,sha256,entropy,case50_4,case50,1896,111,1069,98,0.09167446211412535,0.5638185654008439,True,True,True,False,0.0
UACANet,half_per_clip,sha256,entropy,case51_10,case51,1744,20,1197,16,0.013366750208855471,0.6863532110091743,True,True,True,False,0.0
UACANet,half_per_clip,sha256,entropy,case51_3,case51,1680,93,1520,93,0.06118421052631579,0.9047619047619048,True,True,True,False,0.0
UACANet,half_per_clip,sha256,entropy,case51_5,case51,1200,106,1155,103,0.08917748917748917,0.9625,True,True,True,False,0.05281385281385281
UACANet,half_per_clip,sha256,entropy,case51_7,case51,1072,282,978,269,0.27505112474437626,0.9123134328358209,False,True,False,False,0.19222903885480572
UACANet,half_per_clip,sha256,entropy,case51_9,case51,1200,354,810,153,0.18888888888888888,0.675,False,True,False,False,0.0
UACANet,half_per_clip,sha256,entropy,case54_1,case54,1688,845,1529,816,0.5336821451929366,0.9058056872037915,False,True,False,False,0.4486592544146501
UACANet,half_per_clip,sha256,entropy,case56_1,case56,1200,51,1164,49,0.04209621993127148,0.97,True,True,True,False,0.01288659793814433
UACANet,half_per_clip,sha256,entropy,case5_4,case5,1200,1,1126,1,0.0008880994671403197,0.9383333333333334,True,True,True,False,0.0
UACANet,half_per_clip,sha256,entropy,case60,case60,1168,615,802,550,0.685785536159601,0.6866438356164384,False,True,False,False,0.3104738154613466
UACANet,half_per_clip,sha256,entropy,case61_3,case61,1768,132,1696,126,0.07429245283018868,0.9592760180995475,True,True,True,False,0.03537735849056604
UACANet,half_per_clip,sha256,entropy,case63_3,case63,1384,17,1344,16,0.011904761904761904,0.9710982658959537,True,True,True,False,0.0
UACANet,half_per_clip,sha256,entropy,case66_2,case66,2584,2,2536,2,0.0007886435331230284,0.9814241486068112,True,True,True,False,0.0
UACANet,half_per_clip,sha256,entropy,case66_4,case66,1888,0,1779,0,0.0,0.9422669491525424,True,True,True,False,0.0
UACANet,half_per_clip,sha256,entropy,case66_6,case66,1072,0,1067,0,0.0,0.9953358208955224,True,True,True,False,0.0
UACANet,half_per_clip,sha256,entropy,case66_9,case66,1600,0,1538,0,0.0,0.96125,True,True,True,False,0.0
UACANet,half_per_clip,sha256,entropy,case68_1,case68,1312,158,656,125,0.19054878048780488,0.5,False,True,False,False,0.0
UACANet,half_per_clip,sha256,entropy,case68_3,case68,1304,376,652,331,0.5076687116564417,0.5,False,True,False,False,0.0
UACANet,half_per_clip,sha256,entropy,case68_5,case68,1200,80,600,45,0.075,0.5,True,True,True,False,0.0
UACANet,half_per_clip,sha256,entropy,case68_7,case68,1840,176,1374,130,0.09461426491994178,0.7467391304347826,True,True,True,False,0.0
UACANet,half_per_clip,sha256,entropy,case6_3,case6,1680,1464,1657,1456,0.8786964393482197,0.9863095238095239,False,True,False,False,0.8696439348219674
UACANet,half_per_clip,sha256,entropy,case71_1,case71,1024,229,797,196,0.24592220828105396,0.7783203125,False,True,False,False,0.002509410288582183
UACANet,half_per_clip,sha256,entropy,case71_5,case71,1808,33,1806,33,0.018272425249169437,0.9988938053097345,True,True,True,False,0.01716500553709856
UACANet,half_per_clip,sha256,entropy,case72_3,case72,832,0,832,0,0.0,1.0,True,True,True,False,0.0
UACANet,half_per_clip,sha256,entropy,case74_1,case74,1256,494,1111,458,0.41224122412241226,0.8845541401273885,False,True,False,False,0.31413141314131415
UACANet,half_per_clip,sha256,entropy,case75_1,case75,1200,87,1186,83,0.0699831365935919,0.9883333333333333,True,True,True,False,0.06155143338954469
UACANet,half_per_clip,sha256,entropy,case7_2,case7,1048,40,1029,34,0.03304178814382896,0.9818702290076335,True,True,True,False,0.02040816326530612
UACANet,half_per_clip,sha256,entropy,case80_2,case80,1200,0,1195,0,0.0,0.9958333333333333,True,True,True,False,0.0
UACANet,half_per_clip,sha256,entropy,case80_4,case80,1200,0,1173,0,0.0,0.9775,True,True,True,False,0.0
UACANet,half_per_clip,sha256,entropy,case80_6,case80,1200,0,1159,0,0.0,0.9658333333333333,True,True,True,False,0.0
UACANet,half_per_clip,sha256,entropy,case80_8,case80,1160,0,1159,0,0.0,0.9991379310344828,True,True,True,False,0.0
UACANet,half_per_clip,sha256,entropy,case81_2,case81,2192,57,2185,57,0.02608695652173913,0.9968065693430657,True,True,True,False,0.02288329519450801
UACANet,half_per_clip,sha256,entropy,case83_3,case83,1072,0,1072,0,0.0,1.0,True,True,True,False,0.0
UACANet,half_per_clip,sha256,entropy,case85_7,case85,1200,522,1110,515,0.46396396396396394,0.925,False,True,False,False,0.3891891891891892
UACANet,half_per_clip,sha256,entropy,case86_1,case86,1200,29,1196,28,0.023411371237458192,0.9966666666666667,True,True,True,False,0.020903010033444816
UACANet,half_per_clip,sha256,entropy,case89,case89,1192,152,1041,120,0.11527377521613832,0.8733221476510067,True,True,True,False,0.0009606147934678194
UACANet,half_per_clip,sha256,entropy,case8_2,case8,1128,6,1045,2,0.0019138755980861245,0.9264184397163121,True,True,True,False,0.0
UACANet,half_per_clip,sha256,entropy,case90_1,case90,1200,0,1067,0,0.0,0.8891666666666667,True,True,True,False,0.0
UACANet,half_per_clip,sha256,entropy,case91_1,case91,1200,631,982,566,0.5763747454175153,0.8183333333333334,False,True,False,False,0.42057026476578413
UACANet,half_per_clip,sha256,entropy,case91_3,case91,1200,1070,1168,1059,0.9066780821917808,0.9733333333333334,False,True,False,False,0.8886986301369864
UACANet,half_per_clip,sha256,entropy,case91_5,case91,1200,659,1057,624,0.5903500473036897,0.8808333333333334,False,True,False,False,0.4881740775780511
UACANet,half_per_clip,sha256,entropy,case91_7,case91,1872,154,1810,145,0.08011049723756906,0.9668803418803419,True,True,True,False,0.05082872928176796
UACANet,half_per_clip,sha256,entropy,case93_2,case93,1880,183,1719,168,0.09773123909249563,0.9143617021276595,True,True,True,False,0.012798138452588714
UACANet,half_per_clip,sha256,entropy,case95_1,case95,2072,392,1688,340,0.2014218009478673,0.8146718146718147,False,True,False,False,0.004739336492890996
UACANet,half_per_clip,sha256,entropy,case95_3,case95,1200,1178,1178,1169,0.9923599320882852,0.9816666666666667,False,True,False,False,0.9813242784380306
UACANet,half_per_clip,sha256,entropy,case96_1,case96,920,591,856,573,0.669392523364486,0.9304347826086956,False,True,False,False,0.6156542056074766
UACANet,half_per_clip,sha256,entropy,case97_1,case97,1200,1075,934,929,0.9946466809421841,0.7783333333333333,False,True,False,False,0.8661670235546038
UACANet,half_per_clip,sha256,entropy,case97_3,case97,1016,383,798,331,0.41478696741854637,0.7854330708661418,False,True,False,False,0.20676691729323307
UACANet,half_per_clip,sha256,negative_area_fraction,case10_1,case10,1704,547,1246,89,0.07142857142857142,0.7312206572769953,True,True,True,False,0.07142857142857142
UACANet,half_per_clip,sha256,negative_area_fraction,case11,case11,904,19,885,0,0.0,0.9789823008849557,True,True,True,False,0.0
UACANet,half_per_clip,sha256,negative_area_fraction,case12_2,case12,1984,378,1678,72,0.04290822407628129,0.8457661290322581,True,True,True,False,0.04290822407628129
UACANet,half_per_clip,sha256,negative_area_fraction,case13_1,case13,784,112,759,87,0.11462450592885376,0.9681122448979592,True,True,True,False,0.11462450592885376
UACANet,half_per_clip,sha256,negative_area_fraction,case13_3,case13,1408,17,1399,8,0.005718370264474625,0.9936079545454546,True,True,True,False,0.005718370264474625
UACANet,half_per_clip,sha256,negative_area_fraction,case14_2,case14,1200,1182,600,582,0.97,0.5,False,True,False,False,0.97
UACANet,half_per_clip,sha256,negative_area_fraction,case14_4,case14,1160,993,580,413,0.7120689655172414,0.5,False,True,False,False,0.7120689655172414
UACANet,half_per_clip,sha256,negative_area_fraction,case14_6,case14,1600,1520,800,720,0.9,0.5,False,True,False,False,0.9
UACANet,half_per_clip,sha256,negative_area_fraction,case1_2,case1,1728,0,1728,0,0.0,1.0,True,True,True,False,0.0
UACANet,half_per_clip,sha256,negative_area_fraction,case20_7,case20,1360,466,1038,144,0.13872832369942195,0.763235294117647,True,True,True,False,0.13872832369942195
UACANet,half_per_clip,sha256,negative_area_fraction,case20_9,case20,1200,310,943,53,0.05620360551431601,0.7858333333333334,True,True,True,False,0.05620360551431601
UACANet,half_per_clip,sha256,negative_area_fraction,case24_1,case24,1200,6,1199,5,0.004170141784820684,0.9991666666666666,True,True,True,False,0.004170141784820684
UACANet,half_per_clip,sha256,negative_area_fraction,case24_3,case24,1216,0,1216,0,0.0,1.0,True,True,True,False,0.0
UACANet,half_per_clip,sha256,negative_area_fraction,case24_5,case24,1200,6,1195,1,0.0008368200836820083,0.9958333333333333,True,True,True,False,0.0008368200836820083
UACANet,half_per_clip,sha256,negative_area_fraction,case25_2,case25,1088,24,1078,14,0.012987012987012988,0.9908088235294118,True,True,True,False,0.012987012987012988
UACANet,half_per_clip,sha256,negative_area_fraction,case29_1,case29,1712,203,1587,78,0.04914933837429111,0.9269859813084113,True,True,True,False,0.04914933837429111
UACANet,half_per_clip,sha256,negative_area_fraction,case2_3,case2,1200,0,1200,0,0.0,1.0,True,True,True,False,0.0
UACANet,half_per_clip,sha256,negative_area_fraction,case2_6,case2,792,0,792,0,0.0,1.0,True,True,True,False,0.0
UACANet,half_per_clip,sha256,negative_area_fraction,case2_9,case2,896,0,896,0,0.0,1.0,True,True,True,False,0.0
UACANet,half_per_clip,sha256,negative_area_fraction,case31,case31,1464,8,1464,8,0.00546448087431694,1.0,True,True,True,False,0.00546448087431694
UACANet,half_per_clip,sha256,negative_area_fraction,case32_2,case32,800,1,800,1,0.00125,1.0,True,True,True,False,0.00125
UACANet,half_per_clip,sha256,negative_area_fraction,case32_4,case32,1480,179,1337,36,0.02692595362752431,0.9033783783783784,True,True,True,False,0.02692595362752431
UACANet,half_per_clip,sha256,negative_area_fraction,case32_6,case32,1368,20,1361,13,0.009551800146950772,0.9948830409356725,True,True,True,False,0.009551800146950772
UACANet,half_per_clip,sha256,negative_area_fraction,case34_2,case34,992,7,990,5,0.005050505050505051,0.9979838709677419,True,True,True,False,0.005050505050505051
UACANet,half_per_clip,sha256,negative_area_fraction,case35_2,case35,720,0,720,0,0.0,1.0,True,True,True,False,0.0
UACANet,half_per_clip,sha256,negative_area_fraction,case35_8,case35,928,228,927,227,0.24487594390507011,0.9989224137931034,False,True,False,False,0.24487594390507011
UACANet,half_per_clip,sha256,negative_area_fraction,case36_2,case36,1200,913,630,343,0.5444444444444444,0.525,False,True,False,False,0.5444444444444444
UACANet,half_per_clip,sha256,negative_area_fraction,case36_4,case36,1024,962,512,450,0.87890625,0.5,False,True,False,False,0.87890625
UACANet,half_per_clip,sha256,negative_area_fraction,case37_2,case37,1272,98,1215,41,0.03374485596707819,0.9551886792452831,True,True,True,False,0.03374485596707819
UACANet,half_per_clip,sha256,negative_area_fraction,case38_2,case38,2032,875,1430,273,0.19090909090909092,0.7037401574803149,False,True,False,False,0.19090909090909092
UACANet,half_per_clip,sha256,negative_area_fraction,case39_2,case39,2160,154,2088,82,0.039272030651340994,0.9666666666666667,True,True,True,False,0.039272030651340994
UACANet,half_per_clip,sha256,negative_area_fraction,case3_1,case3,1584,95,1514,25,0.016512549537648614,0.9558080808080808,True,True,True,False,0.016512549537648614
UACANet,half_per_clip,sha256,negative_area_fraction,case40,case40,1272,242,1091,61,0.05591200733272227,0.8577044025157232,True,True,True,False,0.05591200733272227
UACANet,half_per_clip,sha256,negative_area_fraction,case43,case43,2080,104,1984,8,0.004032258064516129,0.9538461538461539,True,True,True,False,0.004032258064516129
UACANet,half_per_clip,sha256,negative_area_fraction,case47_2,case47,1200,53,1172,25,0.021331058020477817,0.9766666666666667,True,True,True,False,0.021331058020477817
UACANet,half_per_clip,sha256,negative_area_fraction,case47_4,case47,1064,0,1064,0,0.0,1.0,True,True,True,False,0.0
UACANet,half_per_clip,sha256,negative_area_fraction,case48,case48,1408,267,1207,66,0.05468102734051367,0.8572443181818182,True,True,True,False,0.05468102734051367
UACANet,half_per_clip,sha256,negative_area_fraction,case50_2,case50,1200,5,1198,3,0.0025041736227045075,0.9983333333333333,True,True,True,False,0.0025041736227045075
UACANet,half_per_clip,sha256,negative_area_fraction,case50_4,case50,1896,111,1826,41,0.022453450164293537,0.9630801687763713,True,True,True,False,0.022453450164293537
UACANet,half_per_clip,sha256,negative_area_fraction,case51_10,case51,1744,20,1736,12,0.0069124423963133645,0.9954128440366973,True,True,True,False,0.0069124423963133645
UACANet,half_per_clip,sha256,negative_area_fraction,case51_3,case51,1680,93,1601,14,0.008744534665833853,0.9529761904761904,True,True,True,False,0.008744534665833853
UACANet,half_per_clip,sha256,negative_area_fraction,case51_5,case51,1200,106,1117,23,0.020590868397493287,0.9308333333333333,True,True,True,False,0.020590868397493287
UACANet,half_per_clip,sha256,negative_area_fraction,case51_7,case51,1072,282,798,8,0.010025062656641603,0.7444029850746269,True,True,True,False,0.010025062656641603
UACANet,half_per_clip,sha256,negative_area_fraction,case51_9,case51,1200,354,1096,250,0.2281021897810219,0.9133333333333333,False,True,False,False,0.2281021897810219
UACANet,half_per_clip,sha256,negative_area_fraction,case54_1,case54,1688,845,909,66,0.07260726072607261,0.5385071090047393,True,True,True,False,0.07260726072607261
UACANet,half_per_clip,sha256,negative_area_fraction,case56_1,case56,1200,51,1170,21,0.017948717948717947,0.975,True,True,True,False,0.017948717948717947
UACANet,half_per_clip,sha256,negative_area_fraction,case5_4,case5,1200,1,1200,1,0.0008333333333333334,1.0,True,True,True,False,0.0008333333333333334
UACANet,half_per_clip,sha256,negative_area_fraction,case60,case60,1168,615,898,345,0.3841870824053452,0.7688356164383562,False,True,False,False,0.3841870824053452
UACANet,half_per_clip,sha256,negative_area_fraction,case61_3,case61,1768,132,1702,66,0.038777908343125736,0.9626696832579186,True,True,True,False,0.038777908343125736
UACANet,half_per_clip,sha256,negative_area_fraction,case63_3,case63,1384,17,1374,7,0.005094614264919942,0.9927745664739884,True,True,True,False,0.005094614264919942
UACANet,half_per_clip,sha256,negative_area_fraction,case66_2,case66,2584,2,2584,2,0.0007739938080495357,1.0,True,True,True,False,0.0007739938080495357
UACANet,half_per_clip,sha256,negative_area_fraction,case66_4,case66,1888,0,1888,0,0.0,1.0,True,True,True,False,0.0
UACANet,half_per_clip,sha256,negative_area_fraction,case66_6,case66,1072,0,1072,0,0.0,1.0,True,True,True,False,0.0
UACANet,half_per_clip,sha256,negative_area_fraction,case66_9,case66,1600,0,1600,0,0.0,1.0,True,True,True,False,0.0
UACANet,half_per_clip,sha256,negative_area_fraction,case68_1,case68,1312,158,1222,68,0.05564648117839607,0.9314024390243902,True,True,True,False,0.05564648117839607
UACANet,half_per_clip,sha256,negative_area_fraction,case68_3,case68,1304,376,1075,147,0.13674418604651162,0.8243865030674846,True,True,True,False,0.13674418604651162
UACANet,half_per_clip,sha256,negative_area_fraction,case68_5,case68,1200,80,1174,54,0.04599659284497445,0.9783333333333334,True,True,True,False,0.04599659284497445
UACANet,half_per_clip,sha256,negative_area_fraction,case68_7,case68,1840,176,1738,74,0.04257767548906789,0.9445652173913044,True,True,True,False,0.04257767548906789
UACANet,half_per_clip,sha256,negative_area_fraction,case6_3,case6,1680,1464,840,624,0.7428571428571429,0.5,False,True,False,False,0.7428571428571429
UACANet,half_per_clip,sha256,negative_area_fraction,case71_1,case71,1024,229,875,80,0.09142857142857143,0.8544921875,True,True,True,False,0.09142857142857143
UACANet,half_per_clip,sha256,negative_area_fraction,case71_5,case71,1808,33,1776,1,0.0005630630630630631,0.9823008849557522,True,True,True,False,0.0005630630630630631
UACANet,half_per_clip,sha256,negative_area_fraction,case72_3,case72,832,0,832,0,0.0,1.0,True,True,True,False,0.0
UACANet,half_per_clip,sha256,negative_area_fraction,case74_1,case74,1256,494,876,114,0.13013698630136986,0.697452229299363,True,True,True,False,0.13013698630136986
UACANet,half_per_clip,sha256,negative_area_fraction,case75_1,case75,1200,87,1122,9,0.008021390374331552,0.935,True,True,True,False,0.008021390374331552
UACANet,half_per_clip,sha256,negative_area_fraction,case7_2,case7,1048,40,1017,9,0.008849557522123894,0.9704198473282443,True,True,True,False,0.008849557522123894
UACANet,half_per_clip,sha256,negative_area_fraction,case80_2,case80,1200,0,1200,0,0.0,1.0,True,True,True,False,0.0
UACANet,half_per_clip,sha256,negative_area_fraction,case80_4,case80,1200,0,1200,0,0.0,1.0,True,True,True,False,0.0
UACANet,half_per_clip,sha256,negative_area_fraction,case80_6,case80,1200,0,1200,0,0.0,1.0,True,True,True,False,0.0
UACANet,half_per_clip,sha256,negative_area_fraction,case80_8,case80,1160,0,1160,0,0.0,1.0,True,True,True,False,0.0
UACANet,half_per_clip,sha256,negative_area_fraction,case81_2,case81,2192,57,2139,4,0.0018700327255726976,0.9758211678832117,True,True,True,False,0.0018700327255726976
UACANet,half_per_clip,sha256,negative_area_fraction,case83_3,case83,1072,0,1072,0,0.0,1.0,True,True,True,False,0.0
UACANet,half_per_clip,sha256,negative_area_fraction,case85_7,case85,1200,522,719,41,0.05702364394993046,0.5991666666666666,True,True,True,False,0.05702364394993046
UACANet,half_per_clip,sha256,negative_area_fraction,case86_1,case86,1200,29,1173,2,0.0017050298380221654,0.9775,True,True,True,False,0.0017050298380221654
UACANet,half_per_clip,sha256,negative_area_fraction,case89,case89,1192,152,1182,142,0.12013536379018612,0.9916107382550335,True,True,True,False,0.12013536379018612
UACANet,half_per_clip,sha256,negative_area_fraction,case8_2,case8,1128,6,1128,6,0.005319148936170213,1.0,True,True,True,False,0.005319148936170213
UACANet,half_per_clip,sha256,negative_area_fraction,case90_1,case90,1200,0,1200,0,0.0,1.0,True,True,True,False,0.0
UACANet,half_per_clip,sha256,negative_area_fraction,case91_1,case91,1200,631,745,176,0.23624161073825503,0.6208333333333333,False,True,False,False,0.23624161073825503
UACANet,half_per_clip,sha256,negative_area_fraction,case91_3,case91,1200,1070,600,470,0.7833333333333333,0.5,False,True,False,False,0.7833333333333333
UACANet,half_per_clip,sha256,negative_area_fraction,case91_5,case91,1200,659,691,150,0.2170767004341534,0.5758333333333333,False,True,False,False,0.2170767004341534
UACANet,half_per_clip,sha256,negative_area_fraction,case91_7,case91,1872,154,1764,46,0.026077097505668934,0.9423076923076923,True,True,True,False,0.026077097505668934
UACANet,half_per_clip,sha256,negative_area_fraction,case93_2,case93,1880,183,1749,52,0.029731275014293884,0.9303191489361702,True,True,True,False,0.029731275014293884
UACANet,half_per_clip,sha256,negative_area_fraction,case95_1,case95,2072,392,1873,193,0.10304324612920449,0.903957528957529,True,True,True,False,0.10304324612920449
UACANet,half_per_clip,sha256,negative_area_fraction,case95_3,case95,1200,1178,600,578,0.9633333333333334,0.5,False,True,False,False,0.9633333333333334
UACANet,half_per_clip,sha256,negative_area_fraction,case96_1,case96,920,591,460,131,0.2847826086956522,0.5,False,True,False,False,0.2847826086956522
UACANet,half_per_clip,sha256,negative_area_fraction,case97_1,case97,1200,1075,600,475,0.7916666666666666,0.5,False,True,False,False,0.7916666666666666
UACANet,half_per_clip,sha256,negative_area_fraction,case97_3,case97,1016,383,847,214,0.2526564344746163,0.8336614173228346,False,True,False,False,0.2526564344746163
