scheme,model,scan_rule,direction,tau,clip,source_group,N,B,A,E,risk,retention,risk_pass,coverage_pass,joint_pass,zero_retained,count_lower_bound
historical_clip,Combined,prefix,A,0.899815,case10_1,case10,3408,1357,2741,690,0.2517329441809559,0.8042840375586855,False,True,False,False,0.2517329441809559
historical_clip,Combined,prefix,A,0.899815,case11,case11,1808,69,1768,29,0.016402714932126698,0.9778761061946902,True,True,True,False,0.016402714932126698
historical_clip,Combined,prefix,A,0.899815,case12_2,case12,3968,869,3439,340,0.09886594940389648,0.8666834677419355,True,True,True,False,0.09886594940389648
historical_clip,Combined,prefix,A,0.899815,case13_1,case13,1568,219,1547,198,0.1279896574014221,0.9866071428571429,True,True,True,False,0.1279896574014221
historical_clip,Combined,prefix,A,0.899815,case13_3,case13,2816,34,2810,28,0.0099644128113879,0.9978693181818182,True,True,True,False,0.0099644128113879
historical_clip,Combined,prefix,A,0.899815,case14_2,case14,2400,2376,752,728,0.9680851063829787,0.31333333333333335,False,False,False,False,0.9680851063829787
historical_clip,Combined,prefix,A,0.899815,case14_4,case14,2320,2114,1235,1029,0.8331983805668016,0.5323275862068966,False,True,False,False,0.8331983805668016
historical_clip,Combined,prefix,A,0.899815,case14_6,case14,3200,3098,990,888,0.896969696969697,0.309375,False,False,False,False,0.896969696969697
historical_clip,Combined,prefix,A,0.899815,case1_2,case1,3456,3,3453,0,0.0,0.9991319444444444,True,True,True,False,0.0
historical_clip,Combined,prefix,A,0.899815,case20_7,case20,2720,940,2275,495,0.2175824175824176,0.8363970588235294,False,True,False,False,0.2175824175824176
historical_clip,Combined,prefix,A,0.899815,case20_9,case20,2400,610,2020,230,0.11386138613861387,0.8416666666666667,True,True,True,False,0.11386138613861387
historical_clip,Combined,prefix,A,0.899815,case24_1,case24,2400,178,2377,155,0.06520824568784182,0.9904166666666666,True,True,True,False,0.06520824568784182
historical_clip,Combined,prefix,A,0.899815,case24_3,case24,2432,0,2432,0,0.0,1.0,True,True,True,False,0.0
historical_clip,Combined,prefix,A,0.899815,case24_5,case24,2400,55,2385,40,0.016771488469601678,0.99375,True,True,True,False,0.016771488469601678
historical_clip,Combined,prefix,A,0.899815,case25_2,case25,2176,101,2148,73,0.03398510242085661,0.9871323529411765,True,True,True,False,0.03398510242085661
historical_clip,Combined,prefix,A,0.899815,case29_1,case29,3424,463,3214,253,0.07871810827629122,0.9386682242990654,True,True,True,False,0.07871810827629122
historical_clip,Combined,prefix,A,0.899815,case2_3,case2,2400,0,2400,0,0.0,1.0,True,True,True,False,0.0
historical_clip,Combined,prefix,A,0.899815,case2_6,case2,1584,0,1584,0,0.0,1.0,True,True,True,False,0.0
historical_clip,Combined,prefix,A,0.899815,case2_9,case2,1792,0,1792,0,0.0,1.0,True,True,True,False,0.0
historical_clip,Combined,prefix,A,0.899815,case31,case31,2928,58,2925,55,0.018803418803418803,0.9989754098360656,True,True,True,False,0.018803418803418803
historical_clip,Combined,prefix,A,0.899815,case32_2,case32,1600,7,1600,7,0.004375,1.0,True,True,True,False,0.004375
historical_clip,Combined,prefix,A,0.899815,case32_4,case32,2960,459,2762,261,0.0944967414916727,0.9331081081081081,True,True,True,False,0.0944967414916727
historical_clip,Combined,prefix,A,0.899815,case32_6,case32,2736,36,2726,26,0.009537784299339692,0.9963450292397661,True,True,True,False,0.009537784299339692
historical_clip,Combined,prefix,A,0.899815,case34_2,case34,1984,26,1982,24,0.012108980827447022,0.998991935483871,True,True,True,False,0.012108980827447022
historical_clip,Combined,prefix,A,0.899815,case35_2,case35,1440,0,1440,0,0.0,1.0,True,True,True,False,0.0
historical_clip,Combined,prefix,A,0.899815,case35_8,case35,1856,369,1839,352,0.1914083741163676,0.9908405172413793,False,True,False,False,0.1914083741163676
historical_clip,Combined,prefix,A,0.899815,case36_2,case36,2400,1799,1708,1107,0.6481264637002342,0.7116666666666667,False,True,False,False,0.6481264637002342
historical_clip,Combined,prefix,A,0.899815,case36_4,case36,2048,1964,1274,1190,0.9340659340659341,0.6220703125,False,True,False,False,0.9340659340659341
historical_clip,Combined,prefix,A,0.899815,case37_2,case37,2544,213,2468,137,0.05551053484602917,0.970125786163522,True,True,True,False,0.05551053484602917
historical_clip,Combined,prefix,A,0.899815,case38_2,case38,4064,1552,3347,835,0.24947714371078578,0.8235728346456693,False,True,False,False,0.24947714371078578
historical_clip,Combined,prefix,A,0.899815,case39_2,case39,4320,517,4152,349,0.08405587668593449,0.9611111111111111,True,True,True,False,0.08405587668593449
historical_clip,Combined,prefix,A,0.899815,case3_1,case3,3168,314,3017,163,0.054027179317202516,0.9523358585858586,True,True,True,False,0.054027179317202516
historical_clip,Combined,prefix,A,0.899815,case40,case40,2544,643,2160,259,0.11990740740740741,0.8490566037735849,True,True,True,False,0.11990740740740741
historical_clip,Combined,prefix,A,0.899815,case43,case43,4160,269,3958,67,0.016927741283476502,0.9514423076923076,True,True,True,False,0.016927741283476502
historical_clip,Combined,prefix,A,0.899815,case47_2,case47,2400,118,2349,67,0.02852277564921243,0.97875,True,True,True,False,0.02852277564921243
historical_clip,Combined,prefix,A,0.899815,case47_4,case47,2128,0,2128,0,0.0,1.0,True,True,True,False,0.0
historical_clip,Combined,prefix,A,0.899815,case48,case48,2816,649,2445,278,0.11370143149284254,0.8682528409090909,True,True,True,False,0.11370143149284254
historical_clip,Combined,prefix,A,0.899815,case50_2,case50,2400,14,2398,12,0.0050041701417848205,0.9991666666666666,True,True,True,False,0.0050041701417848205
historical_clip,Combined,prefix,A,0.899815,case50_4,case50,3792,273,3692,173,0.04685807150595883,0.9736286919831224,True,True,True,False,0.04685807150595883
historical_clip,Combined,prefix,A,0.899815,case51_10,case51,3488,64,3483,59,0.016939420040195233,0.9985665137614679,True,True,True,False,0.016939420040195233
historical_clip,Combined,prefix,A,0.899815,case51_3,case51,3360,302,3214,156,0.04853764779091475,0.9565476190476191,True,True,True,False,0.04853764779091475
historical_clip,Combined,prefix,A,0.899815,case51_5,case51,2400,221,2277,98,0.043039086517347384,0.94875,True,True,True,False,0.043039086517347384
historical_clip,Combined,prefix,A,0.899815,case51_7,case51,2144,560,1694,110,0.06493506493506493,0.7901119402985075,True,True,True,False,0.06493506493506493
historical_clip,Combined,prefix,A,0.899815,case51_9,case51,2400,617,2287,504,0.22037603847835593,0.9529166666666666,False,True,False,False,0.22037603847835593
historical_clip,Combined,prefix,A,0.899815,case54_1,case54,3376,1710,2056,390,0.18968871595330739,0.6090047393364929,False,True,False,False,0.18968871595330739
historical_clip,Combined,prefix,A,0.899815,case56_1,case56,2400,126,2351,77,0.0327520204168439,0.9795833333333334,True,True,True,False,0.0327520204168439
historical_clip,Combined,prefix,A,0.899815,case5_4,case5,2400,19,2395,14,0.005845511482254697,0.9979166666666667,True,True,True,False,0.005845511482254697
historical_clip,Combined,prefix,A,0.899815,case60,case60,2336,1658,1575,897,0.5695238095238095,0.6742294520547946,False,True,False,False,0.5695238095238095
historical_clip,Combined,prefix,A,0.899815,case61_3,case61,3536,203,3468,135,0.03892733564013841,0.9807692307692307,True,True,True,False,0.03892733564013841
historical_clip,Combined,prefix,A,0.899815,case63_3,case63,2768,68,2747,47,0.017109574080815437,0.9924132947976878,True,True,True,False,0.017109574080815437
historical_clip,Combined,prefix,A,0.899815,case66_2,case66,5168,18,5165,15,0.002904162633107454,0.9994195046439629,True,True,True,False,0.002904162633107454
historical_clip,Combined,prefix,A,0.899815,case66_4,case66,3776,0,3776,0,0.0,1.0,True,True,True,False,0.0
historical_clip,Combined,prefix,A,0.899815,case66_6,case66,2144,0,2144,0,0.0,1.0,True,True,True,False,0.0
historical_clip,Combined,prefix,A,0.899815,case66_9,case66,3200,8,3195,3,0.0009389671361502347,0.9984375,True,True,True,False,0.0009389671361502347
historical_clip,Combined,prefix,A,0.899815,case68_1,case68,2624,238,2562,176,0.06869633099141297,0.9763719512195121,True,True,True,False,0.06869633099141297
historical_clip,Combined,prefix,A,0.899815,case68_3,case68,2608,584,2369,345,0.14563106796116504,0.9083588957055214,True,True,True,False,0.14563106796116504
historical_clip,Combined,prefix,A,0.899815,case68_5,case68,2400,109,2377,86,0.0361800588977703,0.9904166666666666,True,True,True,False,0.0361800588977703
historical_clip,Combined,prefix,A,0.899815,case68_7,case68,3680,686,3348,354,0.1057347670250896,0.9097826086956522,True,True,True,False,0.1057347670250896
historical_clip,Combined,prefix,A,0.899815,case6_3,case6,3360,3132,856,628,0.7336448598130841,0.25476190476190474,False,False,False,False,0.7336448598130841
historical_clip,Combined,prefix,A,0.899815,case71_1,case71,2048,647,1698,297,0.17491166077738515,0.8291015625,False,True,False,False,0.17491166077738515
historical_clip,Combined,prefix,A,0.899815,case71_5,case71,3616,89,3553,26,0.007317759639741064,0.9825774336283186,True,True,True,False,0.007317759639741064
historical_clip,Combined,prefix,A,0.899815,case72_3,case72,1664,0,1664,0,0.0,1.0,True,True,True,False,0.0
historical_clip,Combined,prefix,A,0.899815,case74_1,case74,2512,1111,1796,395,0.21993318485523386,0.714968152866242,False,True,False,False,0.21993318485523386
historical_clip,Combined,prefix,A,0.899815,case75_1,case75,2400,343,2150,93,0.04325581395348837,0.8958333333333334,True,True,True,False,0.04325581395348837
historical_clip,Combined,prefix,A,0.899815,case7_2,case7,2096,98,2039,41,0.020107896027464444,0.9728053435114504,True,True,True,False,0.020107896027464444
historical_clip,Combined,prefix,A,0.899815,case80_2,case80,2400,11,2394,5,0.0020885547201336674,0.9975,True,True,True,False,0.0020885547201336674
historical_clip,Combined,prefix,A,0.899815,case80_4,case80,2400,0,2400,0,0.0,1.0,True,True,True,False,0.0
historical_clip,Combined,prefix,A,0.899815,case80_6,case80,2400,0,2400,0,0.0,1.0,True,True,True,False,0.0
historical_clip,Combined,prefix,A,0.899815,case80_8,case80,2320,6,2317,3,0.001294777729823047,0.9987068965517242,True,True,True,False,0.001294777729823047
historical_clip,Combined,prefix,A,0.899815,case81_2,case81,4384,119,4291,26,0.006059193661151247,0.978786496350365,True,True,True,False,0.006059193661151247
historical_clip,Combined,prefix,A,0.899815,case83_3,case83,2144,0,2144,0,0.0,1.0,True,True,True,False,0.0
historical_clip,Combined,prefix,A,0.899815,case85_7,case85,2400,1069,1701,370,0.2175191064079953,0.70875,False,True,False,False,0.2175191064079953
historical_clip,Combined,prefix,A,0.899815,case86_1,case86,2400,199,2236,35,0.015652951699463326,0.9316666666666666,True,True,True,False,0.015652951699463326
historical_clip,Combined,prefix,A,0.899815,case89,case89,2384,264,2370,250,0.10548523206751055,0.9941275167785235,True,True,True,False,0.10548523206751055
historical_clip,Combined,prefix,A,0.899815,case8_2,case8,2256,6,2256,6,0.0026595744680851063,1.0,True,True,True,False,0.0026595744680851063
historical_clip,Combined,prefix,A,0.899815,case90_1,case90,2400,42,2375,17,0.007157894736842105,0.9895833333333334,True,True,True,False,0.007157894736842105
historical_clip,Combined,prefix,A,0.899815,case91_1,case91,2400,1462,1524,586,0.38451443569553806,0.635,False,True,False,False,0.38451443569553806
historical_clip,Combined,prefix,A,0.899815,case91_3,case91,2400,2218,859,677,0.7881257275902211,0.35791666666666666,False,False,False,False,0.7881257275902211
historical_clip,Combined,prefix,A,0.899815,case91_5,case91,2400,1060,1940,600,0.30927835051546393,0.8083333333333333,False,True,False,False,0.30927835051546393
historical_clip,Combined,prefix,A,0.899815,case91_7,case91,3744,370,3577,203,0.05675146771037182,0.9553952991452992,True,True,True,False,0.05675146771037182
historical_clip,Combined,prefix,A,0.899815,case93_2,case93,3760,379,3534,153,0.0432937181663837,0.9398936170212766,True,True,True,False,0.0432937181663837
historical_clip,Combined,prefix,A,0.899815,case95_1,case95,4144,999,3695,550,0.14884979702300405,0.8916505791505791,True,True,True,False,0.14884979702300405
historical_clip,Combined,prefix,A,0.899815,case95_3,case95,2400,2378,217,195,0.8986175115207373,0.09041666666666667,False,False,False,False,0.8986175115207373
historical_clip,Combined,prefix,A,0.899815,case96_1,case96,1840,1220,891,271,0.3041526374859708,0.4842391304347826,False,False,False,False,0.3041526374859708
historical_clip,Combined,prefix,A,0.899815,case97_1,case97,2400,2125,1100,825,0.75,0.4583333333333333,False,False,False,False,0.75
historical_clip,Combined,prefix,A,0.899815,case97_3,case97,2032,837,1695,500,0.2949852507374631,0.8341535433070866,False,True,False,False,0.2949852507374631
historical_clip,Combined,prefix,B,0.8909590000000001,case100,case100,3008,133,2978,103,0.03458697112155809,0.9900265957446809,True,True,True,False,0.03458697112155809
historical_clip,Combined,prefix,B,0.8909590000000001,case10_2,case10,3568,992,3466,890,0.2567801500288517,0.9714125560538116,False,True,False,False,0.2567801500288517
historical_clip,Combined,prefix,B,0.8909590000000001,case12_1,case12,2944,223,2830,109,0.03851590106007067,0.9612771739130435,True,True,True,False,0.03851590106007067
historical_clip,Combined,prefix,B,0.8909590000000001,case12_3,case12,1696,0,1696,0,0.0,1.0,True,True,True,False,0.0
historical_clip,Combined,prefix,B,0.8909590000000001,case13_2,case13,3280,123,3223,66,0.020477815699658702,0.9826219512195122,True,True,True,False,0.020477815699658702
historical_clip,Combined,prefix,B,0.8909590000000001,case14_1,case14,2400,2346,703,649,0.9231863442389758,0.29291666666666666,False,False,False,False,0.9231863442389758
historical_clip,Combined,prefix,B,0.8909590000000001,case14_3,case14,6048,5392,2088,1432,0.685823754789272,0.34523809523809523,False,False,False,False,0.685823754789272
historical_clip,Combined,prefix,B,0.8909590000000001,case14_5,case14,2560,2219,1417,1076,0.7593507410021172,0.553515625,False,True,False,False,0.7593507410021172
historical_clip,Combined,prefix,B,0.8909590000000001,case19,case19,1536,1523,193,180,0.9326424870466321,0.12565104166666666,False,False,False,False,0.9326424870466321
historical_clip,Combined,prefix,B,0.8909590000000001,case20_6,case20,2400,1028,1801,429,0.23820099944475293,0.7504166666666666,False,True,False,False,0.23820099944475293
historical_clip,Combined,prefix,B,0.8909590000000001,case20_8,case20,3728,1954,2519,745,0.29575228265184594,0.6756974248927039,False,True,False,False,0.29575228265184594
historical_clip,Combined,prefix,B,0.8909590000000001,case23,case23,2912,751,2600,439,0.16884615384615384,0.8928571428571429,False,True,False,False,0.16884615384615384
historical_clip,Combined,prefix,B,0.8909590000000001,case24_2,case24,2400,0,2400,0,0.0,1.0,True,True,True,False,0.0
historical_clip,Combined,prefix,B,0.8909590000000001,case24_4,case24,2400,74,2393,67,0.027998328458002507,0.9970833333333333,True,True,True,False,0.027998328458002507
historical_clip,Combined,prefix,B,0.8909590000000001,case24_6,case24,3536,411,3377,252,0.07462244595795084,0.9550339366515838,True,True,True,False,0.07462244595795084
historical_clip,Combined,prefix,B,0.8909590000000001,case27,case27,3984,781,3498,295,0.08433390508862207,0.8780120481927711,True,True,True,False,0.08433390508862207
historical_clip,Combined,prefix,B,0.8909590000000001,case29_2,case29,2608,48,2593,33,0.012726571538758195,0.9942484662576687,True,True,True,False,0.012726571538758195
historical_clip,Combined,prefix,B,0.8909590000000001,case2_5,case2,2736,51,2728,43,0.015762463343108504,0.9970760233918129,True,True,True,False,0.015762463343108504
historical_clip,Combined,prefix,B,0.8909590000000001,case2_8,case2,2896,102,2851,57,0.01999298491757278,0.9844613259668509,True,True,True,False,0.01999298491757278
historical_clip,Combined,prefix,B,0.8909590000000001,case30,case30,3584,140,3516,72,0.020477815699658702,0.9810267857142857,True,True,True,False,0.020477815699658702
historical_clip,Combined,prefix,B,0.8909590000000001,case32_1,case32,3360,85,3333,58,0.0174017401740174,0.9919642857142857,True,True,True,False,0.0174017401740174
historical_clip,Combined,prefix,B,0.8909590000000001,case32_3,case32,2640,480,2463,303,0.12302070645554203,0.9329545454545455,True,True,True,False,0.12302070645554203
historical_clip,Combined,prefix,B,0.8909590000000001,case32_5,case32,2400,25,2388,13,0.005443886097152429,0.995,True,True,True,False,0.005443886097152429
historical_clip,Combined,prefix,B,0.8909590000000001,case34_1,case34,1936,549,1708,321,0.1879391100702576,0.8822314049586777,False,True,False,False,0.1879391100702576
historical_clip,Combined,prefix,B,0.8909590000000001,case35_1,case35,2960,12,2960,12,0.004054054054054054,1.0,True,True,True,False,0.004054054054054054
historical_clip,Combined,prefix,B,0.8909590000000001,case35_3,case35,3088,446,3063,421,0.1374469474371531,0.9919041450777202,True,True,True,False,0.1374469474371531
historical_clip,Combined,prefix,B,0.8909590000000001,case36_1,case36,5344,3350,3997,2003,0.5011258443832874,0.7479416167664671,False,True,False,False,0.5011258443832874
historical_clip,Combined,prefix,B,0.8909590000000001,case36_3,case36,3248,1704,2438,894,0.3666940114848236,0.750615763546798,False,True,False,False,0.3666940114848236
historical_clip,Combined,prefix,B,0.8909590000000001,case37_1,case37,2992,58,2966,32,0.01078894133513149,0.9913101604278075,True,True,True,False,0.01078894133513149
historical_clip,Combined,prefix,B,0.8909590000000001,case37_3,case37,1632,0,1632,0,0.0,1.0,True,True,True,False,0.0
historical_clip,Combined,prefix,B,0.8909590000000001,case39_1,case39,4704,917,4367,580,0.13281428898557363,0.9283588435374149,True,True,True,False,0.13281428898557363
historical_clip,Combined,prefix,B,0.8909590000000001,case39_3,case39,2384,79,2373,68,0.028655710071639275,0.9953859060402684,True,True,True,False,0.028655710071639275
historical_clip,Combined,prefix,B,0.8909590000000001,case3_2,case3,1504,663,1055,214,0.2028436018957346,0.7014627659574468,False,True,False,False,0.2028436018957346
historical_clip,Combined,prefix,B,0.8909590000000001,case42,case42,4288,820,3858,390,0.10108864696734059,0.8997201492537313,True,True,True,False,0.10108864696734059
historical_clip,Combined,prefix,B,0.8909590000000001,case44_1,case44,2400,976,1677,253,0.15086463923673227,0.69875,False,True,False,False,0.15086463923673227
historical_clip,Combined,prefix,B,0.8909590000000001,case47_3,case47,2400,0,2400,0,0.0,1.0,True,True,True,False,0.0
historical_clip,Combined,prefix,B,0.8909590000000001,case47_5,case47,1952,0,1952,0,0.0,1.0,True,True,True,False,0.0
historical_clip,Combined,prefix,B,0.8909590000000001,case50_1,case50,3248,452,3128,332,0.10613810741687979,0.9630541871921182,True,True,True,False,0.10613810741687979
historical_clip,Combined,prefix,B,0.8909590000000001,case50_3,case50,2400,1,2400,1,0.0004166666666666667,1.0,True,True,True,False,0.0004166666666666667
historical_clip,Combined,prefix,B,0.8909590000000001,case51_1,case51,2800,196,2744,140,0.05102040816326531,0.98,True,True,True,False,0.05102040816326531
historical_clip,Combined,prefix,B,0.8909590000000001,case51_2,case51,4000,310,3903,213,0.054573405073020755,0.97575,True,True,True,False,0.054573405073020755
historical_clip,Combined,prefix,B,0.8909590000000001,case51_4,case51,2400,15,2397,12,0.0050062578222778474,0.99875,True,True,True,False,0.0050062578222778474
historical_clip,Combined,prefix,B,0.8909590000000001,case51_6,case51,2400,37,2381,18,0.007559848803023939,0.9920833333333333,True,True,True,False,0.007559848803023939
historical_clip,Combined,prefix,B,0.8909590000000001,case51_8,case51,2400,394,2360,354,0.15,0.9833333333333333,True,True,True,False,0.15
historical_clip,Combined,prefix,B,0.8909590000000001,case52,case52,3312,221,3226,135,0.04184748915065096,0.9740338164251208,True,True,True,False,0.04184748915065096
historical_clip,Combined,prefix,B,0.8909590000000001,case54_2,case54,2144,350,1976,182,0.09210526315789473,0.9216417910447762,True,True,True,False,0.09210526315789473
historical_clip,Combined,prefix,B,0.8909590000000001,case56_2,case56,1568,0,1568,0,0.0,1.0,True,True,True,False,0.0
historical_clip,Combined,prefix,B,0.8909590000000001,case5_6,case5,2800,187,2754,141,0.05119825708061002,0.9835714285714285,True,True,True,False,0.05119825708061002
historical_clip,Combined,prefix,B,0.8909590000000001,case61_2,case61,3184,534,3028,378,0.12483487450462351,0.9510050251256281,True,True,True,False,0.12483487450462351
historical_clip,Combined,prefix,B,0.8909590000000001,case63_2,case63,2128,10,2127,9,0.004231311706629055,0.9995300751879699,True,True,True,False,0.004231311706629055
historical_clip,Combined,prefix,B,0.8909590000000001,case64,case64,1296,459,1012,175,0.17292490118577075,0.7808641975308642,False,True,False,False,0.17292490118577075
historical_clip,Combined,prefix,B,0.8909590000000001,case66_3,case66,2400,2,2399,1,0.00041684035014589413,0.9995833333333334,True,True,True,False,0.00041684035014589413
historical_clip,Combined,prefix,B,0.8909590000000001,case66_5,case66,2400,5,2398,3,0.0012510425354462051,0.9991666666666666,True,True,True,False,0.0012510425354462051
historical_clip,Combined,prefix,B,0.8909590000000001,case66_8,case66,2400,2,2400,2,0.0008333333333333334,1.0,True,True,True,False,0.0008333333333333334
historical_clip,Combined,prefix,B,0.8909590000000001,case67,case67,3056,1318,2234,496,0.22202327663384064,0.731020942408377,False,True,False,False,0.22202327663384064
historical_clip,Combined,prefix,B,0.8909590000000001,case68_2,case68,2880,473,2778,371,0.13354931605471562,0.9645833333333333,True,True,True,False,0.13354931605471562
historical_clip,Combined,prefix,B,0.8909590000000001,case68_4,case68,3648,97,3626,75,0.020683949255377827,0.9939692982456141,True,True,True,False,0.020683949255377827
historical_clip,Combined,prefix,B,0.8909590000000001,case68_6,case68,3264,285,3168,189,0.05965909090909091,0.9705882352941176,True,True,True,False,0.05965909090909091
historical_clip,Combined,prefix,B,0.8909590000000001,case6_2,case6,2400,2227,750,577,0.7693333333333333,0.3125,False,False,False,False,0.7693333333333333
historical_clip,Combined,prefix,B,0.8909590000000001,case70,case70,4224,94,4189,59,0.014084507042253521,0.9917140151515151,True,True,True,False,0.014084507042253521
historical_clip,Combined,prefix,B,0.8909590000000001,case71_2,case71,2400,785,1937,322,0.16623644811564275,0.8070833333333334,False,True,False,False,0.16623644811564275
historical_clip,Combined,prefix,B,0.8909590000000001,case72_1,case72,3536,55,3512,31,0.008826879271070615,0.9932126696832579,True,True,True,False,0.008826879271070615
historical_clip,Combined,prefix,B,0.8909590000000001,case72_4,case72,3440,860,2798,218,0.07791279485346676,0.8133720930232559,True,True,True,False,0.07791279485346676
historical_clip,Combined,prefix,B,0.8909590000000001,case74_2,case74,1904,41,1884,21,0.011146496815286623,0.9894957983193278,True,True,True,False,0.011146496815286623
historical_clip,Combined,prefix,B,0.8909590000000001,case79,case79,1216,934,495,213,0.4303030303030303,0.40707236842105265,False,False,False,False,0.4303030303030303
historical_clip,Combined,prefix,B,0.8909590000000001,case80_1,case80,2560,151,2486,77,0.030973451327433628,0.97109375,True,True,True,False,0.030973451327433628
historical_clip,Combined,prefix,B,0.8909590000000001,case80_3,case80,2400,0,2400,0,0.0,1.0,True,True,True,False,0.0
historical_clip,Combined,prefix,B,0.8909590000000001,case80_5,case80,2192,0,2192,0,0.0,1.0,True,True,True,False,0.0
historical_clip,Combined,prefix,B,0.8909590000000001,case80_7,case80,2400,0,2400,0,0.0,1.0,True,True,True,False,0.0
historical_clip,Combined,prefix,B,0.8909590000000001,case81_1,case81,2448,2,2448,2,0.0008169934640522876,1.0,True,True,True,False,0.0008169934640522876
historical_clip,Combined,prefix,B,0.8909590000000001,case83_2,case83,6048,117,6036,105,0.01739562624254473,0.998015873015873,True,True,True,False,0.01739562624254473
historical_clip,Combined,prefix,B,0.8909590000000001,case84,case84,3488,1313,2802,627,0.22376873661670235,0.8033256880733946,False,True,False,False,0.22376873661670235
historical_clip,Combined,prefix,B,0.8909590000000001,case85_8,case85,3520,762,3044,286,0.09395532194480946,0.8647727272727272,True,True,True,False,0.09395532194480946
historical_clip,Combined,prefix,B,0.8909590000000001,case86_2,case86,1712,3,1711,2,0.0011689070718877848,0.9994158878504673,True,True,True,False,0.0011689070718877848
historical_clip,Combined,prefix,B,0.8909590000000001,case8_1,case8,1840,53,1821,34,0.018671059857221308,0.9896739130434783,True,True,True,False,0.018671059857221308
historical_clip,Combined,prefix,B,0.8909590000000001,case9,case9,2176,12,2171,7,0.0032243205895900505,0.9977022058823529,True,True,True,False,0.0032243205895900505
historical_clip,Combined,prefix,B,0.8909590000000001,case90_3,case90,2864,149,2782,67,0.024083393242271746,0.9713687150837989,True,True,True,False,0.024083393242271746
historical_clip,Combined,prefix,B,0.8909590000000001,case91_2,case91,2400,974,1871,445,0.23784072688401925,0.7795833333333333,False,True,False,False,0.23784072688401925
historical_clip,Combined,prefix,B,0.8909590000000001,case91_4,case91,1744,1505,739,500,0.6765899864682002,0.42373853211009177,False,False,False,False,0.6765899864682002
historical_clip,Combined,prefix,B,0.8909590000000001,case91_6,case91,1888,277,1776,165,0.0929054054054054,0.940677966101695,True,True,True,False,0.0929054054054054
historical_clip,Combined,prefix,B,0.8909590000000001,case93_1,case93,3472,359,3247,134,0.041268863566368955,0.9351958525345622,True,True,True,False,0.041268863566368955
historical_clip,Combined,prefix,B,0.8909590000000001,case94,case94,2176,220,2104,148,0.07034220532319392,0.9669117647058824,True,True,True,False,0.07034220532319392
historical_clip,Combined,prefix,B,0.8909590000000001,case95_2,case95,1632,0,1632,0,0.0,1.0,True,True,True,False,0.0
historical_clip,Combined,prefix,B,0.8909590000000001,case95_4,case95,1520,570,1221,271,0.22194922194922195,0.8032894736842106,False,True,False,False,0.22194922194922195
historical_clip,Combined,prefix,B,0.8909590000000001,case96_2,case96,2976,431,2704,159,0.058801775147928996,0.9086021505376344,True,True,True,False,0.058801775147928996
historical_clip,Combined,prefix,B,0.8909590000000001,case97_2,case97,2464,1901,1357,794,0.5851142225497421,0.5507305194805194,False,True,False,False,0.5851142225497421
historical_clip,Combined,prefix,B,0.8909590000000001,case99,case99,2576,250,2424,98,0.040429042904290426,0.9409937888198758,True,True,True,False,0.040429042904290426
historical_clip,Combined,full_tie_groups,A,0.899815,case10_1,case10,3408,1357,2741,690,0.2517329441809559,0.8042840375586855,False,True,False,False,0.2517329441809559
historical_clip,Combined,full_tie_groups,A,0.899815,case11,case11,1808,69,1768,29,0.016402714932126698,0.9778761061946902,True,True,True,False,0.016402714932126698
historical_clip,Combined,full_tie_groups,A,0.899815,case12_2,case12,3968,869,3439,340,0.09886594940389648,0.8666834677419355,True,True,True,False,0.09886594940389648
historical_clip,Combined,full_tie_groups,A,0.899815,case13_1,case13,1568,219,1547,198,0.1279896574014221,0.9866071428571429,True,True,True,False,0.1279896574014221
historical_clip,Combined,full_tie_groups,A,0.899815,case13_3,case13,2816,34,2810,28,0.0099644128113879,0.9978693181818182,True,True,True,False,0.0099644128113879
historical_clip,Combined,full_tie_groups,A,0.899815,case14_2,case14,2400,2376,752,728,0.9680851063829787,0.31333333333333335,False,False,False,False,0.9680851063829787
historical_clip,Combined,full_tie_groups,A,0.899815,case14_4,case14,2320,2114,1235,1029,0.8331983805668016,0.5323275862068966,False,True,False,False,0.8331983805668016
historical_clip,Combined,full_tie_groups,A,0.899815,case14_6,case14,3200,3098,990,888,0.896969696969697,0.309375,False,False,False,False,0.896969696969697
historical_clip,Combined,full_tie_groups,A,0.899815,case1_2,case1,3456,3,3453,0,0.0,0.9991319444444444,True,True,True,False,0.0
historical_clip,Combined,full_tie_groups,A,0.899815,case20_7,case20,2720,940,2275,495,0.2175824175824176,0.8363970588235294,False,True,False,False,0.2175824175824176
historical_clip,Combined,full_tie_groups,A,0.899815,case20_9,case20,2400,610,2020,230,0.11386138613861387,0.8416666666666667,True,True,True,False,0.11386138613861387
historical_clip,Combined,full_tie_groups,A,0.899815,case24_1,case24,2400,178,2377,155,0.06520824568784182,0.9904166666666666,True,True,True,False,0.06520824568784182
historical_clip,Combined,full_tie_groups,A,0.899815,case24_3,case24,2432,0,2432,0,0.0,1.0,True,True,True,False,0.0
historical_clip,Combined,full_tie_groups,A,0.899815,case24_5,case24,2400,55,2385,40,0.016771488469601678,0.99375,True,True,True,False,0.016771488469601678
historical_clip,Combined,full_tie_groups,A,0.899815,case25_2,case25,2176,101,2148,73,0.03398510242085661,0.9871323529411765,True,True,True,False,0.03398510242085661
historical_clip,Combined,full_tie_groups,A,0.899815,case29_1,case29,3424,463,3214,253,0.07871810827629122,0.9386682242990654,True,True,True,False,0.07871810827629122
historical_clip,Combined,full_tie_groups,A,0.899815,case2_3,case2,2400,0,2400,0,0.0,1.0,True,True,True,False,0.0
historical_clip,Combined,full_tie_groups,A,0.899815,case2_6,case2,1584,0,1584,0,0.0,1.0,True,True,True,False,0.0
historical_clip,Combined,full_tie_groups,A,0.899815,case2_9,case2,1792,0,1792,0,0.0,1.0,True,True,True,False,0.0
historical_clip,Combined,full_tie_groups,A,0.899815,case31,case31,2928,58,2925,55,0.018803418803418803,0.9989754098360656,True,True,True,False,0.018803418803418803
historical_clip,Combined,full_tie_groups,A,0.899815,case32_2,case32,1600,7,1600,7,0.004375,1.0,True,True,True,False,0.004375
historical_clip,Combined,full_tie_groups,A,0.899815,case32_4,case32,2960,459,2762,261,0.0944967414916727,0.9331081081081081,True,True,True,False,0.0944967414916727
historical_clip,Combined,full_tie_groups,A,0.899815,case32_6,case32,2736,36,2726,26,0.009537784299339692,0.9963450292397661,True,True,True,False,0.009537784299339692
historical_clip,Combined,full_tie_groups,A,0.899815,case34_2,case34,1984,26,1982,24,0.012108980827447022,0.998991935483871,True,True,True,False,0.012108980827447022
historical_clip,Combined,full_tie_groups,A,0.899815,case35_2,case35,1440,0,1440,0,0.0,1.0,True,True,True,False,0.0
historical_clip,Combined,full_tie_groups,A,0.899815,case35_8,case35,1856,369,1839,352,0.1914083741163676,0.9908405172413793,False,True,False,False,0.1914083741163676
historical_clip,Combined,full_tie_groups,A,0.899815,case36_2,case36,2400,1799,1708,1107,0.6481264637002342,0.7116666666666667,False,True,False,False,0.6481264637002342
historical_clip,Combined,full_tie_groups,A,0.899815,case36_4,case36,2048,1964,1274,1190,0.9340659340659341,0.6220703125,False,True,False,False,0.9340659340659341
historical_clip,Combined,full_tie_groups,A,0.899815,case37_2,case37,2544,213,2468,137,0.05551053484602917,0.970125786163522,True,True,True,False,0.05551053484602917
historical_clip,Combined,full_tie_groups,A,0.899815,case38_2,case38,4064,1552,3347,835,0.24947714371078578,0.8235728346456693,False,True,False,False,0.24947714371078578
historical_clip,Combined,full_tie_groups,A,0.899815,case39_2,case39,4320,517,4152,349,0.08405587668593449,0.9611111111111111,True,True,True,False,0.08405587668593449
historical_clip,Combined,full_tie_groups,A,0.899815,case3_1,case3,3168,314,3017,163,0.054027179317202516,0.9523358585858586,True,True,True,False,0.054027179317202516
historical_clip,Combined,full_tie_groups,A,0.899815,case40,case40,2544,643,2160,259,0.11990740740740741,0.8490566037735849,True,True,True,False,0.11990740740740741
historical_clip,Combined,full_tie_groups,A,0.899815,case43,case43,4160,269,3958,67,0.016927741283476502,0.9514423076923076,True,True,True,False,0.016927741283476502
historical_clip,Combined,full_tie_groups,A,0.899815,case47_2,case47,2400,118,2349,67,0.02852277564921243,0.97875,True,True,True,False,0.02852277564921243
historical_clip,Combined,full_tie_groups,A,0.899815,case47_4,case47,2128,0,2128,0,0.0,1.0,True,True,True,False,0.0
historical_clip,Combined,full_tie_groups,A,0.899815,case48,case48,2816,649,2445,278,0.11370143149284254,0.8682528409090909,True,True,True,False,0.11370143149284254
historical_clip,Combined,full_tie_groups,A,0.899815,case50_2,case50,2400,14,2398,12,0.0050041701417848205,0.9991666666666666,True,True,True,False,0.0050041701417848205
historical_clip,Combined,full_tie_groups,A,0.899815,case50_4,case50,3792,273,3692,173,0.04685807150595883,0.9736286919831224,True,True,True,False,0.04685807150595883
historical_clip,Combined,full_tie_groups,A,0.899815,case51_10,case51,3488,64,3483,59,0.016939420040195233,0.9985665137614679,True,True,True,False,0.016939420040195233
historical_clip,Combined,full_tie_groups,A,0.899815,case51_3,case51,3360,302,3214,156,0.04853764779091475,0.9565476190476191,True,True,True,False,0.04853764779091475
historical_clip,Combined,full_tie_groups,A,0.899815,case51_5,case51,2400,221,2277,98,0.043039086517347384,0.94875,True,True,True,False,0.043039086517347384
historical_clip,Combined,full_tie_groups,A,0.899815,case51_7,case51,2144,560,1694,110,0.06493506493506493,0.7901119402985075,True,True,True,False,0.06493506493506493
historical_clip,Combined,full_tie_groups,A,0.899815,case51_9,case51,2400,617,2287,504,0.22037603847835593,0.9529166666666666,False,True,False,False,0.22037603847835593
historical_clip,Combined,full_tie_groups,A,0.899815,case54_1,case54,3376,1710,2056,390,0.18968871595330739,0.6090047393364929,False,True,False,False,0.18968871595330739
historical_clip,Combined,full_tie_groups,A,0.899815,case56_1,case56,2400,126,2351,77,0.0327520204168439,0.9795833333333334,True,True,True,False,0.0327520204168439
historical_clip,Combined,full_tie_groups,A,0.899815,case5_4,case5,2400,19,2395,14,0.005845511482254697,0.9979166666666667,True,True,True,False,0.005845511482254697
historical_clip,Combined,full_tie_groups,A,0.899815,case60,case60,2336,1658,1575,897,0.5695238095238095,0.6742294520547946,False,True,False,False,0.5695238095238095
historical_clip,Combined,full_tie_groups,A,0.899815,case61_3,case61,3536,203,3468,135,0.03892733564013841,0.9807692307692307,True,True,True,False,0.03892733564013841
historical_clip,Combined,full_tie_groups,A,0.899815,case63_3,case63,2768,68,2747,47,0.017109574080815437,0.9924132947976878,True,True,True,False,0.017109574080815437
historical_clip,Combined,full_tie_groups,A,0.899815,case66_2,case66,5168,18,5165,15,0.002904162633107454,0.9994195046439629,True,True,True,False,0.002904162633107454
historical_clip,Combined,full_tie_groups,A,0.899815,case66_4,case66,3776,0,3776,0,0.0,1.0,True,True,True,False,0.0
historical_clip,Combined,full_tie_groups,A,0.899815,case66_6,case66,2144,0,2144,0,0.0,1.0,True,True,True,False,0.0
historical_clip,Combined,full_tie_groups,A,0.899815,case66_9,case66,3200,8,3195,3,0.0009389671361502347,0.9984375,True,True,True,False,0.0009389671361502347
historical_clip,Combined,full_tie_groups,A,0.899815,case68_1,case68,2624,238,2562,176,0.06869633099141297,0.9763719512195121,True,True,True,False,0.06869633099141297
historical_clip,Combined,full_tie_groups,A,0.899815,case68_3,case68,2608,584,2369,345,0.14563106796116504,0.9083588957055214,True,True,True,False,0.14563106796116504
historical_clip,Combined,full_tie_groups,A,0.899815,case68_5,case68,2400,109,2377,86,0.0361800588977703,0.9904166666666666,True,True,True,False,0.0361800588977703
historical_clip,Combined,full_tie_groups,A,0.899815,case68_7,case68,3680,686,3348,354,0.1057347670250896,0.9097826086956522,True,True,True,False,0.1057347670250896
historical_clip,Combined,full_tie_groups,A,0.899815,case6_3,case6,3360,3132,856,628,0.7336448598130841,0.25476190476190474,False,False,False,False,0.7336448598130841
historical_clip,Combined,full_tie_groups,A,0.899815,case71_1,case71,2048,647,1698,297,0.17491166077738515,0.8291015625,False,True,False,False,0.17491166077738515
historical_clip,Combined,full_tie_groups,A,0.899815,case71_5,case71,3616,89,3553,26,0.007317759639741064,0.9825774336283186,True,True,True,False,0.007317759639741064
historical_clip,Combined,full_tie_groups,A,0.899815,case72_3,case72,1664,0,1664,0,0.0,1.0,True,True,True,False,0.0
historical_clip,Combined,full_tie_groups,A,0.899815,case74_1,case74,2512,1111,1796,395,0.21993318485523386,0.714968152866242,False,True,False,False,0.21993318485523386
historical_clip,Combined,full_tie_groups,A,0.899815,case75_1,case75,2400,343,2150,93,0.04325581395348837,0.8958333333333334,True,True,True,False,0.04325581395348837
historical_clip,Combined,full_tie_groups,A,0.899815,case7_2,case7,2096,98,2039,41,0.020107896027464444,0.9728053435114504,True,True,True,False,0.020107896027464444
historical_clip,Combined,full_tie_groups,A,0.899815,case80_2,case80,2400,11,2394,5,0.0020885547201336674,0.9975,True,True,True,False,0.0020885547201336674
historical_clip,Combined,full_tie_groups,A,0.899815,case80_4,case80,2400,0,2400,0,0.0,1.0,True,True,True,False,0.0
historical_clip,Combined,full_tie_groups,A,0.899815,case80_6,case80,2400,0,2400,0,0.0,1.0,True,True,True,False,0.0
historical_clip,Combined,full_tie_groups,A,0.899815,case80_8,case80,2320,6,2317,3,0.001294777729823047,0.9987068965517242,True,True,True,False,0.001294777729823047
historical_clip,Combined,full_tie_groups,A,0.899815,case81_2,case81,4384,119,4291,26,0.006059193661151247,0.978786496350365,True,True,True,False,0.006059193661151247
historical_clip,Combined,full_tie_groups,A,0.899815,case83_3,case83,2144,0,2144,0,0.0,1.0,True,True,True,False,0.0
historical_clip,Combined,full_tie_groups,A,0.899815,case85_7,case85,2400,1069,1701,370,0.2175191064079953,0.70875,False,True,False,False,0.2175191064079953
historical_clip,Combined,full_tie_groups,A,0.899815,case86_1,case86,2400,199,2236,35,0.015652951699463326,0.9316666666666666,True,True,True,False,0.015652951699463326
historical_clip,Combined,full_tie_groups,A,0.899815,case89,case89,2384,264,2370,250,0.10548523206751055,0.9941275167785235,True,True,True,False,0.10548523206751055
historical_clip,Combined,full_tie_groups,A,0.899815,case8_2,case8,2256,6,2256,6,0.0026595744680851063,1.0,True,True,True,False,0.0026595744680851063
historical_clip,Combined,full_tie_groups,A,0.899815,case90_1,case90,2400,42,2375,17,0.007157894736842105,0.9895833333333334,True,True,True,False,0.007157894736842105
historical_clip,Combined,full_tie_groups,A,0.899815,case91_1,case91,2400,1462,1524,586,0.38451443569553806,0.635,False,True,False,False,0.38451443569553806
historical_clip,Combined,full_tie_groups,A,0.899815,case91_3,case91,2400,2218,859,677,0.7881257275902211,0.35791666666666666,False,False,False,False,0.7881257275902211
historical_clip,Combined,full_tie_groups,A,0.899815,case91_5,case91,2400,1060,1940,600,0.30927835051546393,0.8083333333333333,False,True,False,False,0.30927835051546393
historical_clip,Combined,full_tie_groups,A,0.899815,case91_7,case91,3744,370,3577,203,0.05675146771037182,0.9553952991452992,True,True,True,False,0.05675146771037182
historical_clip,Combined,full_tie_groups,A,0.899815,case93_2,case93,3760,379,3534,153,0.0432937181663837,0.9398936170212766,True,True,True,False,0.0432937181663837
historical_clip,Combined,full_tie_groups,A,0.899815,case95_1,case95,4144,999,3695,550,0.14884979702300405,0.8916505791505791,True,True,True,False,0.14884979702300405
historical_clip,Combined,full_tie_groups,A,0.899815,case95_3,case95,2400,2378,217,195,0.8986175115207373,0.09041666666666667,False,False,False,False,0.8986175115207373
historical_clip,Combined,full_tie_groups,A,0.899815,case96_1,case96,1840,1220,891,271,0.3041526374859708,0.4842391304347826,False,False,False,False,0.3041526374859708
historical_clip,Combined,full_tie_groups,A,0.899815,case97_1,case97,2400,2125,1100,825,0.75,0.4583333333333333,False,False,False,False,0.75
historical_clip,Combined,full_tie_groups,A,0.899815,case97_3,case97,2032,837,1695,500,0.2949852507374631,0.8341535433070866,False,True,False,False,0.2949852507374631
historical_clip,Combined,full_tie_groups,B,0.8909590000000001,case100,case100,3008,133,2978,103,0.03458697112155809,0.9900265957446809,True,True,True,False,0.03458697112155809
historical_clip,Combined,full_tie_groups,B,0.8909590000000001,case10_2,case10,3568,992,3466,890,0.2567801500288517,0.9714125560538116,False,True,False,False,0.2567801500288517
historical_clip,Combined,full_tie_groups,B,0.8909590000000001,case12_1,case12,2944,223,2830,109,0.03851590106007067,0.9612771739130435,True,True,True,False,0.03851590106007067
historical_clip,Combined,full_tie_groups,B,0.8909590000000001,case12_3,case12,1696,0,1696,0,0.0,1.0,True,True,True,False,0.0
historical_clip,Combined,full_tie_groups,B,0.8909590000000001,case13_2,case13,3280,123,3223,66,0.020477815699658702,0.9826219512195122,True,True,True,False,0.020477815699658702
historical_clip,Combined,full_tie_groups,B,0.8909590000000001,case14_1,case14,2400,2346,703,649,0.9231863442389758,0.29291666666666666,False,False,False,False,0.9231863442389758
historical_clip,Combined,full_tie_groups,B,0.8909590000000001,case14_3,case14,6048,5392,2088,1432,0.685823754789272,0.34523809523809523,False,False,False,False,0.685823754789272
historical_clip,Combined,full_tie_groups,B,0.8909590000000001,case14_5,case14,2560,2219,1417,1076,0.7593507410021172,0.553515625,False,True,False,False,0.7593507410021172
historical_clip,Combined,full_tie_groups,B,0.8909590000000001,case19,case19,1536,1523,193,180,0.9326424870466321,0.12565104166666666,False,False,False,False,0.9326424870466321
historical_clip,Combined,full_tie_groups,B,0.8909590000000001,case20_6,case20,2400,1028,1801,429,0.23820099944475293,0.7504166666666666,False,True,False,False,0.23820099944475293
historical_clip,Combined,full_tie_groups,B,0.8909590000000001,case20_8,case20,3728,1954,2519,745,0.29575228265184594,0.6756974248927039,False,True,False,False,0.29575228265184594
historical_clip,Combined,full_tie_groups,B,0.8909590000000001,case23,case23,2912,751,2600,439,0.16884615384615384,0.8928571428571429,False,True,False,False,0.16884615384615384
historical_clip,Combined,full_tie_groups,B,0.8909590000000001,case24_2,case24,2400,0,2400,0,0.0,1.0,True,True,True,False,0.0
historical_clip,Combined,full_tie_groups,B,0.8909590000000001,case24_4,case24,2400,74,2393,67,0.027998328458002507,0.9970833333333333,True,True,True,False,0.027998328458002507
historical_clip,Combined,full_tie_groups,B,0.8909590000000001,case24_6,case24,3536,411,3377,252,0.07462244595795084,0.9550339366515838,True,True,True,False,0.07462244595795084
historical_clip,Combined,full_tie_groups,B,0.8909590000000001,case27,case27,3984,781,3498,295,0.08433390508862207,0.8780120481927711,True,True,True,False,0.08433390508862207
historical_clip,Combined,full_tie_groups,B,0.8909590000000001,case29_2,case29,2608,48,2593,33,0.012726571538758195,0.9942484662576687,True,True,True,False,0.012726571538758195
historical_clip,Combined,full_tie_groups,B,0.8909590000000001,case2_5,case2,2736,51,2728,43,0.015762463343108504,0.9970760233918129,True,True,True,False,0.015762463343108504
historical_clip,Combined,full_tie_groups,B,0.8909590000000001,case2_8,case2,2896,102,2851,57,0.01999298491757278,0.9844613259668509,True,True,True,False,0.01999298491757278
historical_clip,Combined,full_tie_groups,B,0.8909590000000001,case30,case30,3584,140,3516,72,0.020477815699658702,0.9810267857142857,True,True,True,False,0.020477815699658702
historical_clip,Combined,full_tie_groups,B,0.8909590000000001,case32_1,case32,3360,85,3333,58,0.0174017401740174,0.9919642857142857,True,True,True,False,0.0174017401740174
historical_clip,Combined,full_tie_groups,B,0.8909590000000001,case32_3,case32,2640,480,2463,303,0.12302070645554203,0.9329545454545455,True,True,True,False,0.12302070645554203
historical_clip,Combined,full_tie_groups,B,0.8909590000000001,case32_5,case32,2400,25,2388,13,0.005443886097152429,0.995,True,True,True,False,0.005443886097152429
historical_clip,Combined,full_tie_groups,B,0.8909590000000001,case34_1,case34,1936,549,1708,321,0.1879391100702576,0.8822314049586777,False,True,False,False,0.1879391100702576
historical_clip,Combined,full_tie_groups,B,0.8909590000000001,case35_1,case35,2960,12,2960,12,0.004054054054054054,1.0,True,True,True,False,0.004054054054054054
historical_clip,Combined,full_tie_groups,B,0.8909590000000001,case35_3,case35,3088,446,3063,421,0.1374469474371531,0.9919041450777202,True,True,True,False,0.1374469474371531
historical_clip,Combined,full_tie_groups,B,0.8909590000000001,case36_1,case36,5344,3350,3997,2003,0.5011258443832874,0.7479416167664671,False,True,False,False,0.5011258443832874
historical_clip,Combined,full_tie_groups,B,0.8909590000000001,case36_3,case36,3248,1704,2438,894,0.3666940114848236,0.750615763546798,False,True,False,False,0.3666940114848236
historical_clip,Combined,full_tie_groups,B,0.8909590000000001,case37_1,case37,2992,58,2966,32,0.01078894133513149,0.9913101604278075,True,True,True,False,0.01078894133513149
historical_clip,Combined,full_tie_groups,B,0.8909590000000001,case37_3,case37,1632,0,1632,0,0.0,1.0,True,True,True,False,0.0
historical_clip,Combined,full_tie_groups,B,0.8909590000000001,case39_1,case39,4704,917,4367,580,0.13281428898557363,0.9283588435374149,True,True,True,False,0.13281428898557363
historical_clip,Combined,full_tie_groups,B,0.8909590000000001,case39_3,case39,2384,79,2373,68,0.028655710071639275,0.9953859060402684,True,True,True,False,0.028655710071639275
historical_clip,Combined,full_tie_groups,B,0.8909590000000001,case3_2,case3,1504,663,1055,214,0.2028436018957346,0.7014627659574468,False,True,False,False,0.2028436018957346
historical_clip,Combined,full_tie_groups,B,0.8909590000000001,case42,case42,4288,820,3858,390,0.10108864696734059,0.8997201492537313,True,True,True,False,0.10108864696734059
historical_clip,Combined,full_tie_groups,B,0.8909590000000001,case44_1,case44,2400,976,1677,253,0.15086463923673227,0.69875,False,True,False,False,0.15086463923673227
historical_clip,Combined,full_tie_groups,B,0.8909590000000001,case47_3,case47,2400,0,2400,0,0.0,1.0,True,True,True,False,0.0
historical_clip,Combined,full_tie_groups,B,0.8909590000000001,case47_5,case47,1952,0,1952,0,0.0,1.0,True,True,True,False,0.0
historical_clip,Combined,full_tie_groups,B,0.8909590000000001,case50_1,case50,3248,452,3128,332,0.10613810741687979,0.9630541871921182,True,True,True,False,0.10613810741687979
historical_clip,Combined,full_tie_groups,B,0.8909590000000001,case50_3,case50,2400,1,2400,1,0.0004166666666666667,1.0,True,True,True,False,0.0004166666666666667
historical_clip,Combined,full_tie_groups,B,0.8909590000000001,case51_1,case51,2800,196,2744,140,0.05102040816326531,0.98,True,True,True,False,0.05102040816326531
historical_clip,Combined,full_tie_groups,B,0.8909590000000001,case51_2,case51,4000,310,3903,213,0.054573405073020755,0.97575,True,True,True,False,0.054573405073020755
historical_clip,Combined,full_tie_groups,B,0.8909590000000001,case51_4,case51,2400,15,2397,12,0.0050062578222778474,0.99875,True,True,True,False,0.0050062578222778474
historical_clip,Combined,full_tie_groups,B,0.8909590000000001,case51_6,case51,2400,37,2381,18,0.007559848803023939,0.9920833333333333,True,True,True,False,0.007559848803023939
historical_clip,Combined,full_tie_groups,B,0.8909590000000001,case51_8,case51,2400,394,2360,354,0.15,0.9833333333333333,True,True,True,False,0.15
historical_clip,Combined,full_tie_groups,B,0.8909590000000001,case52,case52,3312,221,3226,135,0.04184748915065096,0.9740338164251208,True,True,True,False,0.04184748915065096
historical_clip,Combined,full_tie_groups,B,0.8909590000000001,case54_2,case54,2144,350,1976,182,0.09210526315789473,0.9216417910447762,True,True,True,False,0.09210526315789473
historical_clip,Combined,full_tie_groups,B,0.8909590000000001,case56_2,case56,1568,0,1568,0,0.0,1.0,True,True,True,False,0.0
historical_clip,Combined,full_tie_groups,B,0.8909590000000001,case5_6,case5,2800,187,2754,141,0.05119825708061002,0.9835714285714285,True,True,True,False,0.05119825708061002
historical_clip,Combined,full_tie_groups,B,0.8909590000000001,case61_2,case61,3184,534,3028,378,0.12483487450462351,0.9510050251256281,True,True,True,False,0.12483487450462351
historical_clip,Combined,full_tie_groups,B,0.8909590000000001,case63_2,case63,2128,10,2127,9,0.004231311706629055,0.9995300751879699,True,True,True,False,0.004231311706629055
historical_clip,Combined,full_tie_groups,B,0.8909590000000001,case64,case64,1296,459,1012,175,0.17292490118577075,0.7808641975308642,False,True,False,False,0.17292490118577075
historical_clip,Combined,full_tie_groups,B,0.8909590000000001,case66_3,case66,2400,2,2399,1,0.00041684035014589413,0.9995833333333334,True,True,True,False,0.00041684035014589413
historical_clip,Combined,full_tie_groups,B,0.8909590000000001,case66_5,case66,2400,5,2398,3,0.0012510425354462051,0.9991666666666666,True,True,True,False,0.0012510425354462051
historical_clip,Combined,full_tie_groups,B,0.8909590000000001,case66_8,case66,2400,2,2400,2,0.0008333333333333334,1.0,True,True,True,False,0.0008333333333333334
historical_clip,Combined,full_tie_groups,B,0.8909590000000001,case67,case67,3056,1318,2234,496,0.22202327663384064,0.731020942408377,False,True,False,False,0.22202327663384064
historical_clip,Combined,full_tie_groups,B,0.8909590000000001,case68_2,case68,2880,473,2778,371,0.13354931605471562,0.9645833333333333,True,True,True,False,0.13354931605471562
historical_clip,Combined,full_tie_groups,B,0.8909590000000001,case68_4,case68,3648,97,3626,75,0.020683949255377827,0.9939692982456141,True,True,True,False,0.020683949255377827
historical_clip,Combined,full_tie_groups,B,0.8909590000000001,case68_6,case68,3264,285,3168,189,0.05965909090909091,0.9705882352941176,True,True,True,False,0.05965909090909091
historical_clip,Combined,full_tie_groups,B,0.8909590000000001,case6_2,case6,2400,2227,750,577,0.7693333333333333,0.3125,False,False,False,False,0.7693333333333333
historical_clip,Combined,full_tie_groups,B,0.8909590000000001,case70,case70,4224,94,4189,59,0.014084507042253521,0.9917140151515151,True,True,True,False,0.014084507042253521
historical_clip,Combined,full_tie_groups,B,0.8909590000000001,case71_2,case71,2400,785,1937,322,0.16623644811564275,0.8070833333333334,False,True,False,False,0.16623644811564275
historical_clip,Combined,full_tie_groups,B,0.8909590000000001,case72_1,case72,3536,55,3512,31,0.008826879271070615,0.9932126696832579,True,True,True,False,0.008826879271070615
historical_clip,Combined,full_tie_groups,B,0.8909590000000001,case72_4,case72,3440,860,2798,218,0.07791279485346676,0.8133720930232559,True,True,True,False,0.07791279485346676
historical_clip,Combined,full_tie_groups,B,0.8909590000000001,case74_2,case74,1904,41,1884,21,0.011146496815286623,0.9894957983193278,True,True,True,False,0.011146496815286623
historical_clip,Combined,full_tie_groups,B,0.8909590000000001,case79,case79,1216,934,495,213,0.4303030303030303,0.40707236842105265,False,False,False,False,0.4303030303030303
historical_clip,Combined,full_tie_groups,B,0.8909590000000001,case80_1,case80,2560,151,2486,77,0.030973451327433628,0.97109375,True,True,True,False,0.030973451327433628
historical_clip,Combined,full_tie_groups,B,0.8909590000000001,case80_3,case80,2400,0,2400,0,0.0,1.0,True,True,True,False,0.0
historical_clip,Combined,full_tie_groups,B,0.8909590000000001,case80_5,case80,2192,0,2192,0,0.0,1.0,True,True,True,False,0.0
historical_clip,Combined,full_tie_groups,B,0.8909590000000001,case80_7,case80,2400,0,2400,0,0.0,1.0,True,True,True,False,0.0
historical_clip,Combined,full_tie_groups,B,0.8909590000000001,case81_1,case81,2448,2,2448,2,0.0008169934640522876,1.0,True,True,True,False,0.0008169934640522876
historical_clip,Combined,full_tie_groups,B,0.8909590000000001,case83_2,case83,6048,117,6036,105,0.01739562624254473,0.998015873015873,True,True,True,False,0.01739562624254473
historical_clip,Combined,full_tie_groups,B,0.8909590000000001,case84,case84,3488,1313,2802,627,0.22376873661670235,0.8033256880733946,False,True,False,False,0.22376873661670235
historical_clip,Combined,full_tie_groups,B,0.8909590000000001,case85_8,case85,3520,762,3044,286,0.09395532194480946,0.8647727272727272,True,True,True,False,0.09395532194480946
historical_clip,Combined,full_tie_groups,B,0.8909590000000001,case86_2,case86,1712,3,1711,2,0.0011689070718877848,0.9994158878504673,True,True,True,False,0.0011689070718877848
historical_clip,Combined,full_tie_groups,B,0.8909590000000001,case8_1,case8,1840,53,1821,34,0.018671059857221308,0.9896739130434783,True,True,True,False,0.018671059857221308
historical_clip,Combined,full_tie_groups,B,0.8909590000000001,case9,case9,2176,12,2171,7,0.0032243205895900505,0.9977022058823529,True,True,True,False,0.0032243205895900505
historical_clip,Combined,full_tie_groups,B,0.8909590000000001,case90_3,case90,2864,149,2782,67,0.024083393242271746,0.9713687150837989,True,True,True,False,0.024083393242271746
historical_clip,Combined,full_tie_groups,B,0.8909590000000001,case91_2,case91,2400,974,1871,445,0.23784072688401925,0.7795833333333333,False,True,False,False,0.23784072688401925
historical_clip,Combined,full_tie_groups,B,0.8909590000000001,case91_4,case91,1744,1505,739,500,0.6765899864682002,0.42373853211009177,False,False,False,False,0.6765899864682002
historical_clip,Combined,full_tie_groups,B,0.8909590000000001,case91_6,case91,1888,277,1776,165,0.0929054054054054,0.940677966101695,True,True,True,False,0.0929054054054054
historical_clip,Combined,full_tie_groups,B,0.8909590000000001,case93_1,case93,3472,359,3247,134,0.041268863566368955,0.9351958525345622,True,True,True,False,0.041268863566368955
historical_clip,Combined,full_tie_groups,B,0.8909590000000001,case94,case94,2176,220,2104,148,0.07034220532319392,0.9669117647058824,True,True,True,False,0.07034220532319392
historical_clip,Combined,full_tie_groups,B,0.8909590000000001,case95_2,case95,1632,0,1632,0,0.0,1.0,True,True,True,False,0.0
historical_clip,Combined,full_tie_groups,B,0.8909590000000001,case95_4,case95,1520,570,1221,271,0.22194922194922195,0.8032894736842106,False,True,False,False,0.22194922194922195
historical_clip,Combined,full_tie_groups,B,0.8909590000000001,case96_2,case96,2976,431,2704,159,0.058801775147928996,0.9086021505376344,True,True,True,False,0.058801775147928996
historical_clip,Combined,full_tie_groups,B,0.8909590000000001,case97_2,case97,2464,1901,1357,794,0.5851142225497421,0.5507305194805194,False,True,False,False,0.5851142225497421
historical_clip,Combined,full_tie_groups,B,0.8909590000000001,case99,case99,2576,250,2424,98,0.040429042904290426,0.9409937888198758,True,True,True,False,0.040429042904290426
historical_clip,PraNet,prefix,A,0.897817,case10_1,case10,1704,810,1363,469,0.34409391049156274,0.7998826291079812,False,True,False,False,0.34409391049156274
historical_clip,PraNet,prefix,A,0.897817,case11,case11,904,50,877,23,0.026225769669327253,0.9701327433628318,True,True,True,False,0.026225769669327253
historical_clip,PraNet,prefix,A,0.897817,case12_2,case12,1984,491,1663,170,0.10222489476849068,0.8382056451612904,True,True,True,False,0.10222489476849068
historical_clip,PraNet,prefix,A,0.897817,case13_1,case13,784,107,778,101,0.12982005141388175,0.9923469387755102,True,True,True,False,0.12982005141388175
historical_clip,PraNet,prefix,A,0.897817,case13_3,case13,1408,17,1404,13,0.009259259259259259,0.9971590909090909,True,True,True,False,0.009259259259259259
historical_clip,PraNet,prefix,A,0.897817,case14_2,case14,1200,1194,159,153,0.9622641509433962,0.1325,False,False,False,False,0.9622641509433962
historical_clip,PraNet,prefix,A,0.897817,case14_4,case14,1160,1121,503,464,0.9224652087475149,0.4336206896551724,False,False,False,False,0.9224652087475149
historical_clip,PraNet,prefix,A,0.897817,case14_6,case14,1600,1578,394,372,0.9441624365482234,0.24625,False,False,False,False,0.9441624365482234
historical_clip,PraNet,prefix,A,0.897817,case1_2,case1,1728,3,1725,0,0.0,0.9982638888888888,True,True,True,False,0.0
historical_clip,PraNet,prefix,A,0.897817,case20_7,case20,1360,474,1099,213,0.19381255686988172,0.8080882352941177,False,True,False,False,0.19381255686988172
historical_clip,PraNet,prefix,A,0.897817,case20_9,case20,1200,300,998,98,0.09819639278557114,0.8316666666666667,True,True,True,False,0.09819639278557114
historical_clip,PraNet,prefix,A,0.897817,case24_1,case24,1200,172,1178,150,0.1273344651952462,0.9816666666666667,True,True,True,False,0.1273344651952462
historical_clip,PraNet,prefix,A,0.897817,case24_3,case24,1216,0,1216,0,0.0,1.0,True,True,True,False,0.0
historical_clip,PraNet,prefix,A,0.897817,case24_5,case24,1200,49,1188,37,0.031144781144781145,0.99,True,True,True,False,0.031144781144781145
historical_clip,PraNet,prefix,A,0.897817,case25_2,case25,1088,77,1063,52,0.04891815616180621,0.9770220588235294,True,True,True,False,0.04891815616180621
historical_clip,PraNet,prefix,A,0.897817,case29_1,case29,1712,260,1577,125,0.07926442612555486,0.9211448598130841,True,True,True,False,0.07926442612555486
historical_clip,PraNet,prefix,A,0.897817,case2_3,case2,1200,0,1200,0,0.0,1.0,True,True,True,False,0.0
historical_clip,PraNet,prefix,A,0.897817,case2_6,case2,792,0,792,0,0.0,1.0,True,True,True,False,0.0
historical_clip,PraNet,prefix,A,0.897817,case2_9,case2,896,0,896,0,0.0,1.0,True,True,True,False,0.0
historical_clip,PraNet,prefix,A,0.897817,case31,case31,1464,50,1461,47,0.03216974674880219,0.9979508196721312,True,True,True,False,0.03216974674880219
historical_clip,PraNet,prefix,A,0.897817,case32_2,case32,800,6,800,6,0.0075,1.0,True,True,True,False,0.0075
historical_clip,PraNet,prefix,A,0.897817,case32_4,case32,1480,280,1371,171,0.12472647702407003,0.9263513513513514,True,True,True,False,0.12472647702407003
historical_clip,PraNet,prefix,A,0.897817,case32_6,case32,1368,16,1360,8,0.0058823529411764705,0.9941520467836257,True,True,True,False,0.0058823529411764705
historical_clip,PraNet,prefix,A,0.897817,case34_2,case34,992,19,991,18,0.018163471241170535,0.998991935483871,True,True,True,False,0.018163471241170535
historical_clip,PraNet,prefix,A,0.897817,case35_2,case35,720,0,720,0,0.0,1.0,True,True,True,False,0.0
historical_clip,PraNet,prefix,A,0.897817,case35_8,case35,928,141,912,125,0.13706140350877194,0.9827586206896551,True,True,True,False,0.13706140350877194
historical_clip,PraNet,prefix,A,0.897817,case36_2,case36,1200,886,843,529,0.627520759193357,0.7025,False,True,False,False,0.627520759193357
historical_clip,PraNet,prefix,A,0.897817,case36_4,case36,1024,1002,790,768,0.9721518987341772,0.771484375,False,True,False,False,0.9721518987341772
historical_clip,PraNet,prefix,A,0.897817,case37_2,case37,1272,115,1232,75,0.060876623376623376,0.9685534591194969,True,True,True,False,0.060876623376623376
historical_clip,PraNet,prefix,A,0.897817,case38_2,case38,2032,677,1651,296,0.17928528164748636,0.8125,False,True,False,False,0.17928528164748636
historical_clip,PraNet,prefix,A,0.897817,case39_2,case39,2160,363,2028,231,0.11390532544378698,0.9388888888888889,True,True,True,False,0.11390532544378698
historical_clip,PraNet,prefix,A,0.897817,case3_1,case3,1584,219,1475,110,0.07457627118644068,0.9311868686868687,True,True,True,False,0.07457627118644068
historical_clip,PraNet,prefix,A,0.897817,case40,case40,1272,401,1007,136,0.13505461767626614,0.7916666666666666,True,True,True,False,0.13505461767626614
historical_clip,PraNet,prefix,A,0.897817,case43,case43,2080,165,1944,29,0.014917695473251029,0.9346153846153846,True,True,True,False,0.014917695473251029
historical_clip,PraNet,prefix,A,0.897817,case47_2,case47,1200,65,1167,32,0.027420736932305057,0.9725,True,True,True,False,0.027420736932305057
historical_clip,PraNet,prefix,A,0.897817,case47_4,case47,1064,0,1064,0,0.0,1.0,True,True,True,False,0.0
historical_clip,PraNet,prefix,A,0.897817,case48,case48,1408,382,1158,132,0.11398963730569948,0.8224431818181818,True,True,True,False,0.11398963730569948
historical_clip,PraNet,prefix,A,0.897817,case50_2,case50,1200,9,1200,9,0.0075,1.0,True,True,True,False,0.0075
historical_clip,PraNet,prefix,A,0.897817,case50_4,case50,1896,162,1845,111,0.06016260162601626,0.9731012658227848,True,True,True,False,0.06016260162601626
historical_clip,PraNet,prefix,A,0.897817,case51_10,case51,1744,44,1740,40,0.022988505747126436,0.9977064220183486,True,True,True,False,0.022988505747126436
historical_clip,PraNet,prefix,A,0.897817,case51_3,case51,1680,209,1582,111,0.07016434892541087,0.9416666666666667,True,True,True,False,0.07016434892541087
historical_clip,PraNet,prefix,A,0.897817,case51_5,case51,1200,115,1136,51,0.0448943661971831,0.9466666666666667,True,True,True,False,0.0448943661971831
historical_clip,PraNet,prefix,A,0.897817,case51_7,case51,1072,278,849,55,0.06478209658421673,0.7919776119402985,True,True,True,False,0.06478209658421673
historical_clip,PraNet,prefix,A,0.897817,case51_9,case51,1200,263,1159,222,0.1915444348576359,0.9658333333333333,False,True,False,False,0.1915444348576359
historical_clip,PraNet,prefix,A,0.897817,case54_1,case54,1688,865,976,153,0.1567622950819672,0.5781990521327014,False,True,False,False,0.1567622950819672
historical_clip,PraNet,prefix,A,0.897817,case56_1,case56,1200,75,1171,46,0.03928266438941076,0.9758333333333333,True,True,True,False,0.03928266438941076
historical_clip,PraNet,prefix,A,0.897817,case5_4,case5,1200,18,1195,13,0.010878661087866108,0.9958333333333333,True,True,True,False,0.010878661087866108
historical_clip,PraNet,prefix,A,0.897817,case60,case60,1168,1043,572,447,0.7814685314685315,0.4897260273972603,False,False,False,False,0.7814685314685315
historical_clip,PraNet,prefix,A,0.897817,case61_3,case61,1768,71,1739,42,0.024151811385853938,0.9835972850678733,True,True,True,False,0.024151811385853938
historical_clip,PraNet,prefix,A,0.897817,case63_3,case63,1384,51,1365,32,0.023443223443223443,0.986271676300578,True,True,True,False,0.023443223443223443
historical_clip,PraNet,prefix,A,0.897817,case66_2,case66,2584,16,2581,13,0.005036807438977141,0.9988390092879257,True,True,True,False,0.005036807438977141
historical_clip,PraNet,prefix,A,0.897817,case66_4,case66,1888,0,1888,0,0.0,1.0,True,True,True,False,0.0
historical_clip,PraNet,prefix,A,0.897817,case66_6,case66,1072,0,1072,0,0.0,1.0,True,True,True,False,0.0
historical_clip,PraNet,prefix,A,0.897817,case66_9,case66,1600,8,1595,3,0.0018808777429467085,0.996875,True,True,True,False,0.0018808777429467085
historical_clip,PraNet,prefix,A,0.897817,case68_1,case68,1312,80,1303,71,0.05448963929393707,0.993140243902439,True,True,True,False,0.05448963929393707
historical_clip,PraNet,prefix,A,0.897817,case68_3,case68,1304,208,1225,129,0.10530612244897959,0.9394171779141104,True,True,True,False,0.10530612244897959
historical_clip,PraNet,prefix,A,0.897817,case68_5,case68,1200,29,1198,27,0.022537562604340568,0.9983333333333333,True,True,True,False,0.022537562604340568
historical_clip,PraNet,prefix,A,0.897817,case68_7,case68,1840,510,1560,230,0.14743589743589744,0.8478260869565217,True,True,True,False,0.14743589743589744
historical_clip,PraNet,prefix,A,0.897817,case6_3,case6,1680,1668,171,159,0.9298245614035088,0.10178571428571428,False,False,False,False,0.9298245614035088
historical_clip,PraNet,prefix,A,0.897817,case71_1,case71,1024,418,781,175,0.22407170294494239,0.7626953125,False,True,False,False,0.22407170294494239
historical_clip,PraNet,prefix,A,0.897817,case71_5,case71,1808,56,1769,17,0.009609949123798756,0.978429203539823,True,True,True,False,0.009609949123798756
historical_clip,PraNet,prefix,A,0.897817,case72_3,case72,832,0,832,0,0.0,1.0,True,True,True,False,0.0
historical_clip,PraNet,prefix,A,0.897817,case74_1,case74,1256,617,802,163,0.20324189526184538,0.6385350318471338,False,True,False,False,0.20324189526184538
historical_clip,PraNet,prefix,A,0.897817,case75_1,case75,1200,256,1005,61,0.06069651741293532,0.8375,True,True,True,False,0.06069651741293532
historical_clip,PraNet,prefix,A,0.897817,case7_2,case7,1048,58,1013,23,0.022704837117472853,0.9666030534351145,True,True,True,False,0.022704837117472853
historical_clip,PraNet,prefix,A,0.897817,case80_2,case80,1200,11,1194,5,0.0041876046901172526,0.995,True,True,True,False,0.0041876046901172526
historical_clip,PraNet,prefix,A,0.897817,case80_4,case80,1200,0,1200,0,0.0,1.0,True,True,True,False,0.0
historical_clip,PraNet,prefix,A,0.897817,case80_6,case80,1200,0,1200,0,0.0,1.0,True,True,True,False,0.0
historical_clip,PraNet,prefix,A,0.897817,case80_8,case80,1160,6,1157,3,0.0025929127052722557,0.9974137931034482,True,True,True,False,0.0025929127052722557
historical_clip,PraNet,prefix,A,0.897817,case81_2,case81,2192,62,2140,10,0.004672897196261682,0.9762773722627737,True,True,True,False,0.004672897196261682
historical_clip,PraNet,prefix,A,0.897817,case83_3,case83,1072,0,1072,0,0.0,1.0,True,True,True,False,0.0
historical_clip,PraNet,prefix,A,0.897817,case85_7,case85,1200,547,870,217,0.24942528735632183,0.725,False,True,False,False,0.24942528735632183
historical_clip,PraNet,prefix,A,0.897817,case86_1,case86,1200,170,1060,30,0.02830188679245283,0.8833333333333333,True,True,True,False,0.02830188679245283
historical_clip,PraNet,prefix,A,0.897817,case89,case89,1192,112,1182,102,0.08629441624365482,0.9916107382550335,True,True,True,False,0.08629441624365482
historical_clip,PraNet,prefix,A,0.897817,case8_2,case8,1128,0,1128,0,0.0,1.0,True,True,True,False,0.0
historical_clip,PraNet,prefix,A,0.897817,case90_1,case90,1200,42,1174,16,0.013628620102214651,0.9783333333333334,True,True,True,False,0.013628620102214651
historical_clip,PraNet,prefix,A,0.897817,case91_1,case91,1200,831,586,217,0.3703071672354949,0.48833333333333334,False,False,False,False,0.3703071672354949
historical_clip,PraNet,prefix,A,0.897817,case91_3,case91,1200,1148,278,226,0.8129496402877698,0.23166666666666666,False,False,False,False,0.8129496402877698
historical_clip,PraNet,prefix,A,0.897817,case91_5,case91,1200,401,1077,278,0.25812441968430827,0.8975,False,True,False,False,0.25812441968430827
historical_clip,PraNet,prefix,A,0.897817,case91_7,case91,1872,216,1773,117,0.06598984771573604,0.9471153846153846,True,True,True,False,0.06598984771573604
historical_clip,PraNet,prefix,A,0.897817,case93_2,case93,1880,196,1750,66,0.037714285714285714,0.9308510638297872,True,True,True,False,0.037714285714285714
historical_clip,PraNet,prefix,A,0.897817,case95_1,case95,2072,607,1746,281,0.1609392898052692,0.8426640926640927,False,True,False,False,0.1609392898052692
historical_clip,PraNet,prefix,A,0.897817,case95_3,case95,1200,1200,27,27,1.0,0.0225,False,False,False,False,1.0
historical_clip,PraNet,prefix,A,0.897817,case96_1,case96,920,629,416,125,0.3004807692307692,0.45217391304347826,False,False,False,False,0.3004807692307692
historical_clip,PraNet,prefix,A,0.897817,case97_1,case97,1200,1050,453,303,0.6688741721854304,0.3775,False,False,False,False,0.6688741721854304
historical_clip,PraNet,prefix,A,0.897817,case97_3,case97,1016,454,774,212,0.2739018087855297,0.7618110236220472,False,True,False,False,0.2739018087855297
historical_clip,PraNet,prefix,B,0.905745,case100,case100,1504,90,1487,73,0.04909213180901143,0.9886968085106383,True,True,True,False,0.04909213180901143
historical_clip,PraNet,prefix,B,0.905745,case10_2,case10,1784,669,1736,621,0.3577188940092166,0.9730941704035875,False,True,False,False,0.3577188940092166
historical_clip,PraNet,prefix,B,0.905745,case12_1,case12,1472,138,1405,71,0.050533807829181494,0.954483695652174,True,True,True,False,0.050533807829181494
historical_clip,PraNet,prefix,B,0.905745,case12_3,case12,848,0,848,0,0.0,1.0,True,True,True,False,0.0
historical_clip,PraNet,prefix,B,0.905745,case13_2,case13,1640,106,1593,59,0.037037037037037035,0.9713414634146341,True,True,True,False,0.037037037037037035
historical_clip,PraNet,prefix,B,0.905745,case14_1,case14,1200,1186,149,135,0.9060402684563759,0.12416666666666666,False,False,False,False,0.9060402684563759
historical_clip,PraNet,prefix,B,0.905745,case14_3,case14,3024,2982,596,554,0.9295302013422819,0.1970899470899471,False,False,False,False,0.9295302013422819
historical_clip,PraNet,prefix,B,0.905745,case14_5,case14,1280,1241,546,507,0.9285714285714286,0.4265625,False,False,False,False,0.9285714285714286
historical_clip,PraNet,prefix,B,0.905745,case19,case19,768,768,36,36,1.0,0.046875,False,False,False,False,1.0
historical_clip,PraNet,prefix,B,0.905745,case20_6,case20,1200,530,878,208,0.23690205011389523,0.7316666666666667,False,True,False,False,0.23690205011389523
historical_clip,PraNet,prefix,B,0.905745,case20_8,case20,1864,988,1213,337,0.27782357790601814,0.6507510729613734,False,True,False,False,0.27782357790601814
historical_clip,PraNet,prefix,B,0.905745,case23,case23,1456,432,1263,239,0.1892319873317498,0.867445054945055,False,True,False,False,0.1892319873317498
historical_clip,PraNet,prefix,B,0.905745,case24_2,case24,1200,0,1200,0,0.0,1.0,True,True,True,False,0.0
historical_clip,PraNet,prefix,B,0.905745,case24_4,case24,1200,74,1195,69,0.05774058577405858,0.9958333333333333,True,True,True,False,0.05774058577405858
historical_clip,PraNet,prefix,B,0.905745,case24_6,case24,1768,303,1657,192,0.11587205793602896,0.9372171945701357,True,True,True,False,0.11587205793602896
historical_clip,PraNet,prefix,B,0.905745,case27,case27,1992,561,1617,186,0.1150278293135436,0.8117469879518072,True,True,True,False,0.1150278293135436
historical_clip,PraNet,prefix,B,0.905745,case29_2,case29,1304,36,1295,27,0.02084942084942085,0.9930981595092024,True,True,True,False,0.02084942084942085
historical_clip,PraNet,prefix,B,0.905745,case2_5,case2,1368,39,1362,33,0.024229074889867842,0.9956140350877193,True,True,True,False,0.024229074889867842
historical_clip,PraNet,prefix,B,0.905745,case2_8,case2,1448,67,1425,44,0.030877192982456142,0.9841160220994475,True,True,True,False,0.030877192982456142
historical_clip,PraNet,prefix,B,0.905745,case30,case30,1792,97,1744,49,0.02809633027522936,0.9732142857142857,True,True,True,False,0.02809633027522936
historical_clip,PraNet,prefix,B,0.905745,case32_1,case32,1680,64,1659,43,0.02591922845087402,0.9875,True,True,True,False,0.02591922845087402
historical_clip,PraNet,prefix,B,0.905745,case32_3,case32,1320,283,1244,207,0.16639871382636656,0.9424242424242424,False,True,False,False,0.16639871382636656
historical_clip,PraNet,prefix,B,0.905745,case32_5,case32,1200,25,1189,14,0.011774600504625737,0.9908333333333333,True,True,True,False,0.011774600504625737
historical_clip,PraNet,prefix,B,0.905745,case34_1,case34,968,284,853,169,0.1981242672919109,0.881198347107438,False,True,False,False,0.1981242672919109
historical_clip,PraNet,prefix,B,0.905745,case35_1,case35,1480,12,1480,12,0.008108108108108109,1.0,True,True,True,False,0.008108108108108109
historical_clip,PraNet,prefix,B,0.905745,case35_3,case35,1544,293,1521,270,0.17751479289940827,0.9851036269430051,False,True,False,False,0.17751479289940827
historical_clip,PraNet,prefix,B,0.905745,case36_1,case36,2672,1732,2098,1158,0.551954242135367,0.7851796407185628,False,True,False,False,0.551954242135367
historical_clip,PraNet,prefix,B,0.905745,case36_3,case36,1624,970,1120,466,0.4160714285714286,0.6896551724137931,False,True,False,False,0.4160714285714286
historical_clip,PraNet,prefix,B,0.905745,case37_1,case37,1496,56,1471,31,0.02107409925220938,0.9832887700534759,True,True,True,False,0.02107409925220938
historical_clip,PraNet,prefix,B,0.905745,case37_3,case37,816,0,816,0,0.0,1.0,True,True,True,False,0.0
historical_clip,PraNet,prefix,B,0.905745,case39_1,case39,2352,414,2191,253,0.11547238703788225,0.9315476190476191,True,True,True,False,0.11547238703788225
historical_clip,PraNet,prefix,B,0.905745,case39_3,case39,1192,70,1183,61,0.05156382079459002,0.9924496644295302,True,True,True,False,0.05156382079459002
historical_clip,PraNet,prefix,B,0.905745,case3_2,case3,752,398,466,112,0.24034334763948498,0.6196808510638298,False,True,False,False,0.24034334763948498
historical_clip,PraNet,prefix,B,0.905745,case42,case42,2144,481,1882,219,0.11636556854410202,0.8777985074626866,True,True,True,False,0.11636556854410202
historical_clip,PraNet,prefix,B,0.905745,case44_1,case44,1200,634,716,150,0.20949720670391062,0.5966666666666667,False,True,False,False,0.20949720670391062
historical_clip,PraNet,prefix,B,0.905745,case47_3,case47,1200,0,1200,0,0.0,1.0,True,True,True,False,0.0
historical_clip,PraNet,prefix,B,0.905745,case47_5,case47,976,0,976,0,0.0,1.0,True,True,True,False,0.0
historical_clip,PraNet,prefix,B,0.905745,case50_1,case50,1624,278,1555,209,0.13440514469453377,0.9575123152709359,True,True,True,False,0.13440514469453377
historical_clip,PraNet,prefix,B,0.905745,case50_3,case50,1200,1,1200,1,0.0008333333333333334,1.0,True,True,True,False,0.0008333333333333334
historical_clip,PraNet,prefix,B,0.905745,case51_1,case51,1400,120,1369,89,0.06501095690284879,0.9778571428571429,True,True,True,False,0.06501095690284879
historical_clip,PraNet,prefix,B,0.905745,case51_2,case51,2000,159,1952,111,0.056864754098360656,0.976,True,True,True,False,0.056864754098360656
historical_clip,PraNet,prefix,B,0.905745,case51_4,case51,1200,5,1197,2,0.001670843776106934,0.9975,True,True,True,False,0.001670843776106934
historical_clip,PraNet,prefix,B,0.905745,case51_6,case51,1200,19,1188,7,0.005892255892255892,0.99,True,True,True,False,0.005892255892255892
historical_clip,PraNet,prefix,B,0.905745,case51_8,case51,1200,185,1173,158,0.13469735720375106,0.9775,True,True,True,False,0.13469735720375106
historical_clip,PraNet,prefix,B,0.905745,case52,case52,1656,109,1603,56,0.034934497816593885,0.9679951690821256,True,True,True,False,0.034934497816593885
historical_clip,PraNet,prefix,B,0.905745,case54_2,case54,1072,117,1019,64,0.06280667320902845,0.9505597014925373,True,True,True,False,0.06280667320902845
historical_clip,PraNet,prefix,B,0.905745,case56_2,case56,784,0,784,0,0.0,1.0,True,True,True,False,0.0
historical_clip,PraNet,prefix,B,0.905745,case5_6,case5,1400,125,1370,95,0.06934306569343066,0.9785714285714285,True,True,True,False,0.06934306569343066
historical_clip,PraNet,prefix,B,0.905745,case61_2,case61,1592,158,1552,118,0.07603092783505154,0.9748743718592965,True,True,True,False,0.07603092783505154
historical_clip,PraNet,prefix,B,0.905745,case63_2,case63,1064,7,1063,6,0.005644402634054563,0.9990601503759399,True,True,True,False,0.005644402634054563
historical_clip,PraNet,prefix,B,0.905745,case64,case64,648,287,477,116,0.2431865828092243,0.7361111111111112,False,True,False,False,0.2431865828092243
historical_clip,PraNet,prefix,B,0.905745,case66_3,case66,1200,2,1199,1,0.0008340283569641367,0.9991666666666666,True,True,True,False,0.0008340283569641367
historical_clip,PraNet,prefix,B,0.905745,case66_5,case66,1200,4,1198,2,0.001669449081803005,0.9983333333333333,True,True,True,False,0.001669449081803005
historical_clip,PraNet,prefix,B,0.905745,case66_8,case66,1200,2,1200,2,0.0016666666666666668,1.0,True,True,True,False,0.0016666666666666668
historical_clip,PraNet,prefix,B,0.905745,case67,case67,1528,741,1035,248,0.2396135265700483,0.6773560209424084,False,True,False,False,0.2396135265700483
historical_clip,PraNet,prefix,B,0.905745,case68_2,case68,1440,228,1398,186,0.13304721030042918,0.9708333333333333,True,True,True,False,0.13304721030042918
historical_clip,PraNet,prefix,B,0.905745,case68_4,case68,1824,10,1823,9,0.004936917169500823,0.9994517543859649,True,True,True,False,0.004936917169500823
historical_clip,PraNet,prefix,B,0.905745,case68_6,case68,1632,111,1598,77,0.04818523153942428,0.9791666666666666,True,True,True,False,0.04818523153942428
historical_clip,PraNet,prefix,B,0.905745,case6_2,case6,1200,1150,269,219,0.8141263940520446,0.22416666666666665,False,False,False,False,0.8141263940520446
historical_clip,PraNet,prefix,B,0.905745,case70,case70,2112,52,2095,35,0.016706443914081145,0.9919507575757576,True,True,True,False,0.016706443914081145
historical_clip,PraNet,prefix,B,0.905745,case71_2,case71,1200,488,876,164,0.1872146118721461,0.73,False,True,False,False,0.1872146118721461
historical_clip,PraNet,prefix,B,0.905745,case72_1,case72,1768,41,1749,22,0.012578616352201259,0.9892533936651584,True,True,True,False,0.012578616352201259
historical_clip,PraNet,prefix,B,0.905745,case72_4,case72,1720,494,1345,119,0.08847583643122676,0.7819767441860465,True,True,True,False,0.08847583643122676
historical_clip,PraNet,prefix,B,0.905745,case74_2,case74,952,36,936,20,0.021367521367521368,0.9831932773109243,True,True,True,False,0.021367521367521368
historical_clip,PraNet,prefix,B,0.905745,case79,case79,608,492,197,81,0.41116751269035534,0.32401315789473684,False,False,False,False,0.41116751269035534
historical_clip,PraNet,prefix,B,0.905745,case80_1,case80,1280,100,1232,52,0.04220779220779221,0.9625,True,True,True,False,0.04220779220779221
historical_clip,PraNet,prefix,B,0.905745,case80_3,case80,1200,0,1200,0,0.0,1.0,True,True,True,False,0.0
historical_clip,PraNet,prefix,B,0.905745,case80_5,case80,1096,0,1096,0,0.0,1.0,True,True,True,False,0.0
historical_clip,PraNet,prefix,B,0.905745,case80_7,case80,1200,0,1200,0,0.0,1.0,True,True,True,False,0.0
historical_clip,PraNet,prefix,B,0.905745,case81_1,case81,1224,2,1224,2,0.0016339869281045752,1.0,True,True,True,False,0.0016339869281045752
historical_clip,PraNet,prefix,B,0.905745,case83_2,case83,3024,73,3018,67,0.022200132538104704,0.998015873015873,True,True,True,False,0.022200132538104704
historical_clip,PraNet,prefix,B,0.905745,case84,case84,1744,749,1311,316,0.2410373760488177,0.7517201834862385,False,True,False,False,0.2410373760488177
historical_clip,PraNet,prefix,B,0.905745,case85_8,case85,1760,447,1525,212,0.13901639344262295,0.8664772727272727,True,True,True,False,0.13901639344262295
historical_clip,PraNet,prefix,B,0.905745,case86_2,case86,856,3,855,2,0.0023391812865497076,0.9988317757009346,True,True,True,False,0.0023391812865497076
historical_clip,PraNet,prefix,B,0.905745,case8_1,case8,920,34,907,21,0.023153252480705624,0.9858695652173913,True,True,True,False,0.023153252480705624
historical_clip,PraNet,prefix,B,0.905745,case9,case9,1088,10,1085,7,0.0064516129032258064,0.9972426470588235,True,True,True,False,0.0064516129032258064
historical_clip,PraNet,prefix,B,0.905745,case90_3,case90,1432,127,1360,55,0.04044117647058824,0.9497206703910615,True,True,True,False,0.04044117647058824
historical_clip,PraNet,prefix,B,0.905745,case91_2,case91,1200,462,926,188,0.20302375809935205,0.7716666666666666,False,True,False,False,0.20302375809935205
historical_clip,PraNet,prefix,B,0.905745,case91_4,case91,872,780,240,148,0.6166666666666667,0.27522935779816515,False,False,False,False,0.6166666666666667
historical_clip,PraNet,prefix,B,0.905745,case91_6,case91,944,103,899,58,0.06451612903225806,0.9523305084745762,True,True,True,False,0.06451612903225806
historical_clip,PraNet,prefix,B,0.905745,case93_1,case93,1736,199,1596,59,0.03696741854636591,0.9193548387096774,True,True,True,False,0.03696741854636591
historical_clip,PraNet,prefix,B,0.905745,case94,case94,1088,107,1081,100,0.09250693802035152,0.9935661764705882,True,True,True,False,0.09250693802035152
historical_clip,PraNet,prefix,B,0.905745,case95_2,case95,816,0,816,0,0.0,1.0,True,True,True,False,0.0
historical_clip,PraNet,prefix,B,0.905745,case95_4,case95,760,271,587,98,0.16695059625212946,0.7723684210526316,False,True,False,False,0.16695059625212946
historical_clip,PraNet,prefix,B,0.905745,case96_2,case96,1488,305,1283,100,0.0779423226812159,0.8622311827956989,True,True,True,False,0.0779423226812159
historical_clip,PraNet,prefix,B,0.905745,case97_2,case97,1232,897,633,298,0.4707740916271722,0.5137987012987013,False,True,False,False,0.4707740916271722
historical_clip,PraNet,prefix,B,0.905745,case99,case99,1288,187,1169,68,0.058169375534645,0.907608695652174,True,True,True,False,0.058169375534645
historical_clip,PraNet,full_tie_groups,A,0.897817,case10_1,case10,1704,810,1363,469,0.34409391049156274,0.7998826291079812,False,True,False,False,0.34409391049156274
historical_clip,PraNet,full_tie_groups,A,0.897817,case11,case11,904,50,877,23,0.026225769669327253,0.9701327433628318,True,True,True,False,0.026225769669327253
historical_clip,PraNet,full_tie_groups,A,0.897817,case12_2,case12,1984,491,1663,170,0.10222489476849068,0.8382056451612904,True,True,True,False,0.10222489476849068
historical_clip,PraNet,full_tie_groups,A,0.897817,case13_1,case13,784,107,778,101,0.12982005141388175,0.9923469387755102,True,True,True,False,0.12982005141388175
historical_clip,PraNet,full_tie_groups,A,0.897817,case13_3,case13,1408,17,1404,13,0.009259259259259259,0.9971590909090909,True,True,True,False,0.009259259259259259
historical_clip,PraNet,full_tie_groups,A,0.897817,case14_2,case14,1200,1194,159,153,0.9622641509433962,0.1325,False,False,False,False,0.9622641509433962
historical_clip,PraNet,full_tie_groups,A,0.897817,case14_4,case14,1160,1121,503,464,0.9224652087475149,0.4336206896551724,False,False,False,False,0.9224652087475149
historical_clip,PraNet,full_tie_groups,A,0.897817,case14_6,case14,1600,1578,394,372,0.9441624365482234,0.24625,False,False,False,False,0.9441624365482234
historical_clip,PraNet,full_tie_groups,A,0.897817,case1_2,case1,1728,3,1725,0,0.0,0.9982638888888888,True,True,True,False,0.0
historical_clip,PraNet,full_tie_groups,A,0.897817,case20_7,case20,1360,474,1099,213,0.19381255686988172,0.8080882352941177,False,True,False,False,0.19381255686988172
historical_clip,PraNet,full_tie_groups,A,0.897817,case20_9,case20,1200,300,998,98,0.09819639278557114,0.8316666666666667,True,True,True,False,0.09819639278557114
historical_clip,PraNet,full_tie_groups,A,0.897817,case24_1,case24,1200,172,1178,150,0.1273344651952462,0.9816666666666667,True,True,True,False,0.1273344651952462
historical_clip,PraNet,full_tie_groups,A,0.897817,case24_3,case24,1216,0,1216,0,0.0,1.0,True,True,True,False,0.0
historical_clip,PraNet,full_tie_groups,A,0.897817,case24_5,case24,1200,49,1188,37,0.031144781144781145,0.99,True,True,True,False,0.031144781144781145
historical_clip,PraNet,full_tie_groups,A,0.897817,case25_2,case25,1088,77,1063,52,0.04891815616180621,0.9770220588235294,True,True,True,False,0.04891815616180621
historical_clip,PraNet,full_tie_groups,A,0.897817,case29_1,case29,1712,260,1577,125,0.07926442612555486,0.9211448598130841,True,True,True,False,0.07926442612555486
historical_clip,PraNet,full_tie_groups,A,0.897817,case2_3,case2,1200,0,1200,0,0.0,1.0,True,True,True,False,0.0
historical_clip,PraNet,full_tie_groups,A,0.897817,case2_6,case2,792,0,792,0,0.0,1.0,True,True,True,False,0.0
historical_clip,PraNet,full_tie_groups,A,0.897817,case2_9,case2,896,0,896,0,0.0,1.0,True,True,True,False,0.0
historical_clip,PraNet,full_tie_groups,A,0.897817,case31,case31,1464,50,1461,47,0.03216974674880219,0.9979508196721312,True,True,True,False,0.03216974674880219
historical_clip,PraNet,full_tie_groups,A,0.897817,case32_2,case32,800,6,800,6,0.0075,1.0,True,True,True,False,0.0075
historical_clip,PraNet,full_tie_groups,A,0.897817,case32_4,case32,1480,280,1371,171,0.12472647702407003,0.9263513513513514,True,True,True,False,0.12472647702407003
historical_clip,PraNet,full_tie_groups,A,0.897817,case32_6,case32,1368,16,1360,8,0.0058823529411764705,0.9941520467836257,True,True,True,False,0.0058823529411764705
historical_clip,PraNet,full_tie_groups,A,0.897817,case34_2,case34,992,19,991,18,0.018163471241170535,0.998991935483871,True,True,True,False,0.018163471241170535
historical_clip,PraNet,full_tie_groups,A,0.897817,case35_2,case35,720,0,720,0,0.0,1.0,True,True,True,False,0.0
historical_clip,PraNet,full_tie_groups,A,0.897817,case35_8,case35,928,141,912,125,0.13706140350877194,0.9827586206896551,True,True,True,False,0.13706140350877194
historical_clip,PraNet,full_tie_groups,A,0.897817,case36_2,case36,1200,886,843,529,0.627520759193357,0.7025,False,True,False,False,0.627520759193357
historical_clip,PraNet,full_tie_groups,A,0.897817,case36_4,case36,1024,1002,790,768,0.9721518987341772,0.771484375,False,True,False,False,0.9721518987341772
historical_clip,PraNet,full_tie_groups,A,0.897817,case37_2,case37,1272,115,1232,75,0.060876623376623376,0.9685534591194969,True,True,True,False,0.060876623376623376
historical_clip,PraNet,full_tie_groups,A,0.897817,case38_2,case38,2032,677,1651,296,0.17928528164748636,0.8125,False,True,False,False,0.17928528164748636
historical_clip,PraNet,full_tie_groups,A,0.897817,case39_2,case39,2160,363,2028,231,0.11390532544378698,0.9388888888888889,True,True,True,False,0.11390532544378698
historical_clip,PraNet,full_tie_groups,A,0.897817,case3_1,case3,1584,219,1475,110,0.07457627118644068,0.9311868686868687,True,True,True,False,0.07457627118644068
historical_clip,PraNet,full_tie_groups,A,0.897817,case40,case40,1272,401,1007,136,0.13505461767626614,0.7916666666666666,True,True,True,False,0.13505461767626614
historical_clip,PraNet,full_tie_groups,A,0.897817,case43,case43,2080,165,1944,29,0.014917695473251029,0.9346153846153846,True,True,True,False,0.014917695473251029
historical_clip,PraNet,full_tie_groups,A,0.897817,case47_2,case47,1200,65,1167,32,0.027420736932305057,0.9725,True,True,True,False,0.027420736932305057
historical_clip,PraNet,full_tie_groups,A,0.897817,case47_4,case47,1064,0,1064,0,0.0,1.0,True,True,True,False,0.0
historical_clip,PraNet,full_tie_groups,A,0.897817,case48,case48,1408,382,1158,132,0.11398963730569948,0.8224431818181818,True,True,True,False,0.11398963730569948
historical_clip,PraNet,full_tie_groups,A,0.897817,case50_2,case50,1200,9,1200,9,0.0075,1.0,True,True,True,False,0.0075
historical_clip,PraNet,full_tie_groups,A,0.897817,case50_4,case50,1896,162,1845,111,0.06016260162601626,0.9731012658227848,True,True,True,False,0.06016260162601626
historical_clip,PraNet,full_tie_groups,A,0.897817,case51_10,case51,1744,44,1740,40,0.022988505747126436,0.9977064220183486,True,True,True,False,0.022988505747126436
historical_clip,PraNet,full_tie_groups,A,0.897817,case51_3,case51,1680,209,1582,111,0.07016434892541087,0.9416666666666667,True,True,True,False,0.07016434892541087
historical_clip,PraNet,full_tie_groups,A,0.897817,case51_5,case51,1200,115,1136,51,0.0448943661971831,0.9466666666666667,True,True,True,False,0.0448943661971831
historical_clip,PraNet,full_tie_groups,A,0.897817,case51_7,case51,1072,278,849,55,0.06478209658421673,0.7919776119402985,True,True,True,False,0.06478209658421673
historical_clip,PraNet,full_tie_groups,A,0.897817,case51_9,case51,1200,263,1159,222,0.1915444348576359,0.9658333333333333,False,True,False,False,0.1915444348576359
historical_clip,PraNet,full_tie_groups,A,0.897817,case54_1,case54,1688,865,976,153,0.1567622950819672,0.5781990521327014,False,True,False,False,0.1567622950819672
historical_clip,PraNet,full_tie_groups,A,0.897817,case56_1,case56,1200,75,1171,46,0.03928266438941076,0.9758333333333333,True,True,True,False,0.03928266438941076
historical_clip,PraNet,full_tie_groups,A,0.897817,case5_4,case5,1200,18,1195,13,0.010878661087866108,0.9958333333333333,True,True,True,False,0.010878661087866108
historical_clip,PraNet,full_tie_groups,A,0.897817,case60,case60,1168,1043,572,447,0.7814685314685315,0.4897260273972603,False,False,False,False,0.7814685314685315
historical_clip,PraNet,full_tie_groups,A,0.897817,case61_3,case61,1768,71,1739,42,0.024151811385853938,0.9835972850678733,True,True,True,False,0.024151811385853938
historical_clip,PraNet,full_tie_groups,A,0.897817,case63_3,case63,1384,51,1365,32,0.023443223443223443,0.986271676300578,True,True,True,False,0.023443223443223443
historical_clip,PraNet,full_tie_groups,A,0.897817,case66_2,case66,2584,16,2581,13,0.005036807438977141,0.9988390092879257,True,True,True,False,0.005036807438977141
historical_clip,PraNet,full_tie_groups,A,0.897817,case66_4,case66,1888,0,1888,0,0.0,1.0,True,True,True,False,0.0
historical_clip,PraNet,full_tie_groups,A,0.897817,case66_6,case66,1072,0,1072,0,0.0,1.0,True,True,True,False,0.0
historical_clip,PraNet,full_tie_groups,A,0.897817,case66_9,case66,1600,8,1595,3,0.0018808777429467085,0.996875,True,True,True,False,0.0018808777429467085
historical_clip,PraNet,full_tie_groups,A,0.897817,case68_1,case68,1312,80,1303,71,0.05448963929393707,0.993140243902439,True,True,True,False,0.05448963929393707
historical_clip,PraNet,full_tie_groups,A,0.897817,case68_3,case68,1304,208,1225,129,0.10530612244897959,0.9394171779141104,True,True,True,False,0.10530612244897959
historical_clip,PraNet,full_tie_groups,A,0.897817,case68_5,case68,1200,29,1198,27,0.022537562604340568,0.9983333333333333,True,True,True,False,0.022537562604340568
historical_clip,PraNet,full_tie_groups,A,0.897817,case68_7,case68,1840,510,1560,230,0.14743589743589744,0.8478260869565217,True,True,True,False,0.14743589743589744
historical_clip,PraNet,full_tie_groups,A,0.897817,case6_3,case6,1680,1668,171,159,0.9298245614035088,0.10178571428571428,False,False,False,False,0.9298245614035088
historical_clip,PraNet,full_tie_groups,A,0.897817,case71_1,case71,1024,418,781,175,0.22407170294494239,0.7626953125,False,True,False,False,0.22407170294494239
historical_clip,PraNet,full_tie_groups,A,0.897817,case71_5,case71,1808,56,1769,17,0.009609949123798756,0.978429203539823,True,True,True,False,0.009609949123798756
historical_clip,PraNet,full_tie_groups,A,0.897817,case72_3,case72,832,0,832,0,0.0,1.0,True,True,True,False,0.0
historical_clip,PraNet,full_tie_groups,A,0.897817,case74_1,case74,1256,617,802,163,0.20324189526184538,0.6385350318471338,False,True,False,False,0.20324189526184538
historical_clip,PraNet,full_tie_groups,A,0.897817,case75_1,case75,1200,256,1005,61,0.06069651741293532,0.8375,True,True,True,False,0.06069651741293532
historical_clip,PraNet,full_tie_groups,A,0.897817,case7_2,case7,1048,58,1013,23,0.022704837117472853,0.9666030534351145,True,True,True,False,0.022704837117472853
historical_clip,PraNet,full_tie_groups,A,0.897817,case80_2,case80,1200,11,1194,5,0.0041876046901172526,0.995,True,True,True,False,0.0041876046901172526
historical_clip,PraNet,full_tie_groups,A,0.897817,case80_4,case80,1200,0,1200,0,0.0,1.0,True,True,True,False,0.0
historical_clip,PraNet,full_tie_groups,A,0.897817,case80_6,case80,1200,0,1200,0,0.0,1.0,True,True,True,False,0.0
historical_clip,PraNet,full_tie_groups,A,0.897817,case80_8,case80,1160,6,1157,3,0.0025929127052722557,0.9974137931034482,True,True,True,False,0.0025929127052722557
historical_clip,PraNet,full_tie_groups,A,0.897817,case81_2,case81,2192,62,2140,10,0.004672897196261682,0.9762773722627737,True,True,True,False,0.004672897196261682
historical_clip,PraNet,full_tie_groups,A,0.897817,case83_3,case83,1072,0,1072,0,0.0,1.0,True,True,True,False,0.0
historical_clip,PraNet,full_tie_groups,A,0.897817,case85_7,case85,1200,547,870,217,0.24942528735632183,0.725,False,True,False,False,0.24942528735632183
historical_clip,PraNet,full_tie_groups,A,0.897817,case86_1,case86,1200,170,1060,30,0.02830188679245283,0.8833333333333333,True,True,True,False,0.02830188679245283
historical_clip,PraNet,full_tie_groups,A,0.897817,case89,case89,1192,112,1182,102,0.08629441624365482,0.9916107382550335,True,True,True,False,0.08629441624365482
historical_clip,PraNet,full_tie_groups,A,0.897817,case8_2,case8,1128,0,1128,0,0.0,1.0,True,True,True,False,0.0
historical_clip,PraNet,full_tie_groups,A,0.897817,case90_1,case90,1200,42,1174,16,0.013628620102214651,0.9783333333333334,True,True,True,False,0.013628620102214651
historical_clip,PraNet,full_tie_groups,A,0.897817,case91_1,case91,1200,831,586,217,0.3703071672354949,0.48833333333333334,False,False,False,False,0.3703071672354949
historical_clip,PraNet,full_tie_groups,A,0.897817,case91_3,case91,1200,1148,278,226,0.8129496402877698,0.23166666666666666,False,False,False,False,0.8129496402877698
historical_clip,PraNet,full_tie_groups,A,0.897817,case91_5,case91,1200,401,1077,278,0.25812441968430827,0.8975,False,True,False,False,0.25812441968430827
historical_clip,PraNet,full_tie_groups,A,0.897817,case91_7,case91,1872,216,1773,117,0.06598984771573604,0.9471153846153846,True,True,True,False,0.06598984771573604
historical_clip,PraNet,full_tie_groups,A,0.897817,case93_2,case93,1880,196,1750,66,0.037714285714285714,0.9308510638297872,True,True,True,False,0.037714285714285714
historical_clip,PraNet,full_tie_groups,A,0.897817,case95_1,case95,2072,607,1746,281,0.1609392898052692,0.8426640926640927,False,True,False,False,0.1609392898052692
historical_clip,PraNet,full_tie_groups,A,0.897817,case95_3,case95,1200,1200,27,27,1.0,0.0225,False,False,False,False,1.0
historical_clip,PraNet,full_tie_groups,A,0.897817,case96_1,case96,920,629,416,125,0.3004807692307692,0.45217391304347826,False,False,False,False,0.3004807692307692
historical_clip,PraNet,full_tie_groups,A,0.897817,case97_1,case97,1200,1050,453,303,0.6688741721854304,0.3775,False,False,False,False,0.6688741721854304
historical_clip,PraNet,full_tie_groups,A,0.897817,case97_3,case97,1016,454,774,212,0.2739018087855297,0.7618110236220472,False,True,False,False,0.2739018087855297
historical_clip,PraNet,full_tie_groups,B,0.905745,case100,case100,1504,90,1487,73,0.04909213180901143,0.9886968085106383,True,True,True,False,0.04909213180901143
historical_clip,PraNet,full_tie_groups,B,0.905745,case10_2,case10,1784,669,1736,621,0.3577188940092166,0.9730941704035875,False,True,False,False,0.3577188940092166
historical_clip,PraNet,full_tie_groups,B,0.905745,case12_1,case12,1472,138,1405,71,0.050533807829181494,0.954483695652174,True,True,True,False,0.050533807829181494
historical_clip,PraNet,full_tie_groups,B,0.905745,case12_3,case12,848,0,848,0,0.0,1.0,True,True,True,False,0.0
historical_clip,PraNet,full_tie_groups,B,0.905745,case13_2,case13,1640,106,1593,59,0.037037037037037035,0.9713414634146341,True,True,True,False,0.037037037037037035
historical_clip,PraNet,full_tie_groups,B,0.905745,case14_1,case14,1200,1186,149,135,0.9060402684563759,0.12416666666666666,False,False,False,False,0.9060402684563759
historical_clip,PraNet,full_tie_groups,B,0.905745,case14_3,case14,3024,2982,596,554,0.9295302013422819,0.1970899470899471,False,False,False,False,0.9295302013422819
historical_clip,PraNet,full_tie_groups,B,0.905745,case14_5,case14,1280,1241,546,507,0.9285714285714286,0.4265625,False,False,False,False,0.9285714285714286
historical_clip,PraNet,full_tie_groups,B,0.905745,case19,case19,768,768,36,36,1.0,0.046875,False,False,False,False,1.0
historical_clip,PraNet,full_tie_groups,B,0.905745,case20_6,case20,1200,530,878,208,0.23690205011389523,0.7316666666666667,False,True,False,False,0.23690205011389523
historical_clip,PraNet,full_tie_groups,B,0.905745,case20_8,case20,1864,988,1213,337,0.27782357790601814,0.6507510729613734,False,True,False,False,0.27782357790601814
historical_clip,PraNet,full_tie_groups,B,0.905745,case23,case23,1456,432,1263,239,0.1892319873317498,0.867445054945055,False,True,False,False,0.1892319873317498
historical_clip,PraNet,full_tie_groups,B,0.905745,case24_2,case24,1200,0,1200,0,0.0,1.0,True,True,True,False,0.0
historical_clip,PraNet,full_tie_groups,B,0.905745,case24_4,case24,1200,74,1195,69,0.05774058577405858,0.9958333333333333,True,True,True,False,0.05774058577405858
historical_clip,PraNet,full_tie_groups,B,0.905745,case24_6,case24,1768,303,1657,192,0.11587205793602896,0.9372171945701357,True,True,True,False,0.11587205793602896
historical_clip,PraNet,full_tie_groups,B,0.905745,case27,case27,1992,561,1617,186,0.1150278293135436,0.8117469879518072,True,True,True,False,0.1150278293135436
historical_clip,PraNet,full_tie_groups,B,0.905745,case29_2,case29,1304,36,1295,27,0.02084942084942085,0.9930981595092024,True,True,True,False,0.02084942084942085
historical_clip,PraNet,full_tie_groups,B,0.905745,case2_5,case2,1368,39,1362,33,0.024229074889867842,0.9956140350877193,True,True,True,False,0.024229074889867842
historical_clip,PraNet,full_tie_groups,B,0.905745,case2_8,case2,1448,67,1425,44,0.030877192982456142,0.9841160220994475,True,True,True,False,0.030877192982456142
historical_clip,PraNet,full_tie_groups,B,0.905745,case30,case30,1792,97,1744,49,0.02809633027522936,0.9732142857142857,True,True,True,False,0.02809633027522936
historical_clip,PraNet,full_tie_groups,B,0.905745,case32_1,case32,1680,64,1659,43,0.02591922845087402,0.9875,True,True,True,False,0.02591922845087402
historical_clip,PraNet,full_tie_groups,B,0.905745,case32_3,case32,1320,283,1244,207,0.16639871382636656,0.9424242424242424,False,True,False,False,0.16639871382636656
historical_clip,PraNet,full_tie_groups,B,0.905745,case32_5,case32,1200,25,1189,14,0.011774600504625737,0.9908333333333333,True,True,True,False,0.011774600504625737
historical_clip,PraNet,full_tie_groups,B,0.905745,case34_1,case34,968,284,853,169,0.1981242672919109,0.881198347107438,False,True,False,False,0.1981242672919109
historical_clip,PraNet,full_tie_groups,B,0.905745,case35_1,case35,1480,12,1480,12,0.008108108108108109,1.0,True,True,True,False,0.008108108108108109
historical_clip,PraNet,full_tie_groups,B,0.905745,case35_3,case35,1544,293,1521,270,0.17751479289940827,0.9851036269430051,False,True,False,False,0.17751479289940827
historical_clip,PraNet,full_tie_groups,B,0.905745,case36_1,case36,2672,1732,2098,1158,0.551954242135367,0.7851796407185628,False,True,False,False,0.551954242135367
historical_clip,PraNet,full_tie_groups,B,0.905745,case36_3,case36,1624,970,1120,466,0.4160714285714286,0.6896551724137931,False,True,False,False,0.4160714285714286
historical_clip,PraNet,full_tie_groups,B,0.905745,case37_1,case37,1496,56,1471,31,0.02107409925220938,0.9832887700534759,True,True,True,False,0.02107409925220938
historical_clip,PraNet,full_tie_groups,B,0.905745,case37_3,case37,816,0,816,0,0.0,1.0,True,True,True,False,0.0
historical_clip,PraNet,full_tie_groups,B,0.905745,case39_1,case39,2352,414,2191,253,0.11547238703788225,0.9315476190476191,True,True,True,False,0.11547238703788225
historical_clip,PraNet,full_tie_groups,B,0.905745,case39_3,case39,1192,70,1183,61,0.05156382079459002,0.9924496644295302,True,True,True,False,0.05156382079459002
historical_clip,PraNet,full_tie_groups,B,0.905745,case3_2,case3,752,398,466,112,0.24034334763948498,0.6196808510638298,False,True,False,False,0.24034334763948498
historical_clip,PraNet,full_tie_groups,B,0.905745,case42,case42,2144,481,1882,219,0.11636556854410202,0.8777985074626866,True,True,True,False,0.11636556854410202
historical_clip,PraNet,full_tie_groups,B,0.905745,case44_1,case44,1200,634,716,150,0.20949720670391062,0.5966666666666667,False,True,False,False,0.20949720670391062
historical_clip,PraNet,full_tie_groups,B,0.905745,case47_3,case47,1200,0,1200,0,0.0,1.0,True,True,True,False,0.0
historical_clip,PraNet,full_tie_groups,B,0.905745,case47_5,case47,976,0,976,0,0.0,1.0,True,True,True,False,0.0
historical_clip,PraNet,full_tie_groups,B,0.905745,case50_1,case50,1624,278,1555,209,0.13440514469453377,0.9575123152709359,True,True,True,False,0.13440514469453377
historical_clip,PraNet,full_tie_groups,B,0.905745,case50_3,case50,1200,1,1200,1,0.0008333333333333334,1.0,True,True,True,False,0.0008333333333333334
historical_clip,PraNet,full_tie_groups,B,0.905745,case51_1,case51,1400,120,1369,89,0.06501095690284879,0.9778571428571429,True,True,True,False,0.06501095690284879
historical_clip,PraNet,full_tie_groups,B,0.905745,case51_2,case51,2000,159,1952,111,0.056864754098360656,0.976,True,True,True,False,0.056864754098360656
historical_clip,PraNet,full_tie_groups,B,0.905745,case51_4,case51,1200,5,1197,2,0.001670843776106934,0.9975,True,True,True,False,0.001670843776106934
historical_clip,PraNet,full_tie_groups,B,0.905745,case51_6,case51,1200,19,1188,7,0.005892255892255892,0.99,True,True,True,False,0.005892255892255892
historical_clip,PraNet,full_tie_groups,B,0.905745,case51_8,case51,1200,185,1173,158,0.13469735720375106,0.9775,True,True,True,False,0.13469735720375106
historical_clip,PraNet,full_tie_groups,B,0.905745,case52,case52,1656,109,1603,56,0.034934497816593885,0.9679951690821256,True,True,True,False,0.034934497816593885
historical_clip,PraNet,full_tie_groups,B,0.905745,case54_2,case54,1072,117,1019,64,0.06280667320902845,0.9505597014925373,True,True,True,False,0.06280667320902845
historical_clip,PraNet,full_tie_groups,B,0.905745,case56_2,case56,784,0,784,0,0.0,1.0,True,True,True,False,0.0
historical_clip,PraNet,full_tie_groups,B,0.905745,case5_6,case5,1400,125,1370,95,0.06934306569343066,0.9785714285714285,True,True,True,False,0.06934306569343066
historical_clip,PraNet,full_tie_groups,B,0.905745,case61_2,case61,1592,158,1552,118,0.07603092783505154,0.9748743718592965,True,True,True,False,0.07603092783505154
historical_clip,PraNet,full_tie_groups,B,0.905745,case63_2,case63,1064,7,1063,6,0.005644402634054563,0.9990601503759399,True,True,True,False,0.005644402634054563
historical_clip,PraNet,full_tie_groups,B,0.905745,case64,case64,648,287,477,116,0.2431865828092243,0.7361111111111112,False,True,False,False,0.2431865828092243
historical_clip,PraNet,full_tie_groups,B,0.905745,case66_3,case66,1200,2,1199,1,0.0008340283569641367,0.9991666666666666,True,True,True,False,0.0008340283569641367
historical_clip,PraNet,full_tie_groups,B,0.905745,case66_5,case66,1200,4,1198,2,0.001669449081803005,0.9983333333333333,True,True,True,False,0.001669449081803005
historical_clip,PraNet,full_tie_groups,B,0.905745,case66_8,case66,1200,2,1200,2,0.0016666666666666668,1.0,True,True,True,False,0.0016666666666666668
historical_clip,PraNet,full_tie_groups,B,0.905745,case67,case67,1528,741,1035,248,0.2396135265700483,0.6773560209424084,False,True,False,False,0.2396135265700483
historical_clip,PraNet,full_tie_groups,B,0.905745,case68_2,case68,1440,228,1398,186,0.13304721030042918,0.9708333333333333,True,True,True,False,0.13304721030042918
historical_clip,PraNet,full_tie_groups,B,0.905745,case68_4,case68,1824,10,1823,9,0.004936917169500823,0.9994517543859649,True,True,True,False,0.004936917169500823
historical_clip,PraNet,full_tie_groups,B,0.905745,case68_6,case68,1632,111,1598,77,0.04818523153942428,0.9791666666666666,True,True,True,False,0.04818523153942428
historical_clip,PraNet,full_tie_groups,B,0.905745,case6_2,case6,1200,1150,269,219,0.8141263940520446,0.22416666666666665,False,False,False,False,0.8141263940520446
historical_clip,PraNet,full_tie_groups,B,0.905745,case70,case70,2112,52,2095,35,0.016706443914081145,0.9919507575757576,True,True,True,False,0.016706443914081145
historical_clip,PraNet,full_tie_groups,B,0.905745,case71_2,case71,1200,488,876,164,0.1872146118721461,0.73,False,True,False,False,0.1872146118721461
historical_clip,PraNet,full_tie_groups,B,0.905745,case72_1,case72,1768,41,1749,22,0.012578616352201259,0.9892533936651584,True,True,True,False,0.012578616352201259
historical_clip,PraNet,full_tie_groups,B,0.905745,case72_4,case72,1720,494,1345,119,0.08847583643122676,0.7819767441860465,True,True,True,False,0.08847583643122676
historical_clip,PraNet,full_tie_groups,B,0.905745,case74_2,case74,952,36,936,20,0.021367521367521368,0.9831932773109243,True,True,True,False,0.021367521367521368
historical_clip,PraNet,full_tie_groups,B,0.905745,case79,case79,608,492,197,81,0.41116751269035534,0.32401315789473684,False,False,False,False,0.41116751269035534
historical_clip,PraNet,full_tie_groups,B,0.905745,case80_1,case80,1280,100,1232,52,0.04220779220779221,0.9625,True,True,True,False,0.04220779220779221
historical_clip,PraNet,full_tie_groups,B,0.905745,case80_3,case80,1200,0,1200,0,0.0,1.0,True,True,True,False,0.0
historical_clip,PraNet,full_tie_groups,B,0.905745,case80_5,case80,1096,0,1096,0,0.0,1.0,True,True,True,False,0.0
historical_clip,PraNet,full_tie_groups,B,0.905745,case80_7,case80,1200,0,1200,0,0.0,1.0,True,True,True,False,0.0
historical_clip,PraNet,full_tie_groups,B,0.905745,case81_1,case81,1224,2,1224,2,0.0016339869281045752,1.0,True,True,True,False,0.0016339869281045752
historical_clip,PraNet,full_tie_groups,B,0.905745,case83_2,case83,3024,73,3018,67,0.022200132538104704,0.998015873015873,True,True,True,False,0.022200132538104704
historical_clip,PraNet,full_tie_groups,B,0.905745,case84,case84,1744,749,1311,316,0.2410373760488177,0.7517201834862385,False,True,False,False,0.2410373760488177
historical_clip,PraNet,full_tie_groups,B,0.905745,case85_8,case85,1760,447,1525,212,0.13901639344262295,0.8664772727272727,True,True,True,False,0.13901639344262295
historical_clip,PraNet,full_tie_groups,B,0.905745,case86_2,case86,856,3,855,2,0.0023391812865497076,0.9988317757009346,True,True,True,False,0.0023391812865497076
historical_clip,PraNet,full_tie_groups,B,0.905745,case8_1,case8,920,34,907,21,0.023153252480705624,0.9858695652173913,True,True,True,False,0.023153252480705624
historical_clip,PraNet,full_tie_groups,B,0.905745,case9,case9,1088,10,1085,7,0.0064516129032258064,0.9972426470588235,True,True,True,False,0.0064516129032258064
historical_clip,PraNet,full_tie_groups,B,0.905745,case90_3,case90,1432,127,1360,55,0.04044117647058824,0.9497206703910615,True,True,True,False,0.04044117647058824
historical_clip,PraNet,full_tie_groups,B,0.905745,case91_2,case91,1200,462,926,188,0.20302375809935205,0.7716666666666666,False,True,False,False,0.20302375809935205
historical_clip,PraNet,full_tie_groups,B,0.905745,case91_4,case91,872,780,240,148,0.6166666666666667,0.27522935779816515,False,False,False,False,0.6166666666666667
historical_clip,PraNet,full_tie_groups,B,0.905745,case91_6,case91,944,103,899,58,0.06451612903225806,0.9523305084745762,True,True,True,False,0.06451612903225806
historical_clip,PraNet,full_tie_groups,B,0.905745,case93_1,case93,1736,199,1596,59,0.03696741854636591,0.9193548387096774,True,True,True,False,0.03696741854636591
historical_clip,PraNet,full_tie_groups,B,0.905745,case94,case94,1088,107,1081,100,0.09250693802035152,0.9935661764705882,True,True,True,False,0.09250693802035152
historical_clip,PraNet,full_tie_groups,B,0.905745,case95_2,case95,816,0,816,0,0.0,1.0,True,True,True,False,0.0
historical_clip,PraNet,full_tie_groups,B,0.905745,case95_4,case95,760,271,587,98,0.16695059625212946,0.7723684210526316,False,True,False,False,0.16695059625212946
historical_clip,PraNet,full_tie_groups,B,0.905745,case96_2,case96,1488,305,1283,100,0.0779423226812159,0.8622311827956989,True,True,True,False,0.0779423226812159
historical_clip,PraNet,full_tie_groups,B,0.905745,case97_2,case97,1232,897,633,298,0.4707740916271722,0.5137987012987013,False,True,False,False,0.4707740916271722
historical_clip,PraNet,full_tie_groups,B,0.905745,case99,case99,1288,187,1169,68,0.058169375534645,0.907608695652174,True,True,True,False,0.058169375534645
historical_clip,UACANet,prefix,A,0.901741,case10_1,case10,1704,547,1378,221,0.16037735849056603,0.8086854460093896,False,True,False,False,0.16037735849056603
historical_clip,UACANet,prefix,A,0.901741,case11,case11,904,19,890,5,0.0056179775280898875,0.9845132743362832,True,True,True,False,0.0056179775280898875
historical_clip,UACANet,prefix,A,0.901741,case12_2,case12,1984,378,1778,172,0.09673790776152981,0.8961693548387096,True,True,True,False,0.09673790776152981
historical_clip,UACANet,prefix,A,0.901741,case13_1,case13,784,112,769,97,0.12613784135240572,0.9808673469387755,True,True,True,False,0.12613784135240572
historical_clip,UACANet,prefix,A,0.901741,case13_3,case13,1408,17,1406,15,0.010668563300142247,0.9985795454545454,True,True,True,False,0.010668563300142247
historical_clip,UACANet,prefix,A,0.901741,case14_2,case14,1200,1182,594,576,0.9696969696969697,0.495,False,False,False,False,0.9696969696969697
historical_clip,UACANet,prefix,A,0.901741,case14_4,case14,1160,993,727,560,0.7702888583218707,0.6267241379310344,False,True,False,False,0.7702888583218707
historical_clip,UACANet,prefix,A,0.901741,case14_6,case14,1600,1520,591,511,0.8646362098138748,0.369375,False,False,False,False,0.8646362098138748
historical_clip,UACANet,prefix,A,0.901741,case1_2,case1,1728,0,1728,0,0.0,1.0,True,True,True,False,0.0
historical_clip,UACANet,prefix,A,0.901741,case20_7,case20,1360,466,1177,283,0.24044180118946473,0.8654411764705883,False,True,False,False,0.24044180118946473
historical_clip,UACANet,prefix,A,0.901741,case20_9,case20,1200,310,1022,132,0.12915851272015655,0.8516666666666667,True,True,True,False,0.12915851272015655
historical_clip,UACANet,prefix,A,0.901741,case24_1,case24,1200,6,1199,5,0.004170141784820684,0.9991666666666666,True,True,True,False,0.004170141784820684
historical_clip,UACANet,prefix,A,0.901741,case24_3,case24,1216,0,1216,0,0.0,1.0,True,True,True,False,0.0
historical_clip,UACANet,prefix,A,0.901741,case24_5,case24,1200,6,1197,3,0.002506265664160401,0.9975,True,True,True,False,0.002506265664160401
historical_clip,UACANet,prefix,A,0.901741,case25_2,case25,1088,24,1084,20,0.01845018450184502,0.9963235294117647,True,True,True,False,0.01845018450184502
historical_clip,UACANet,prefix,A,0.901741,case29_1,case29,1712,203,1635,126,0.07706422018348624,0.9550233644859814,True,True,True,False,0.07706422018348624
historical_clip,UACANet,prefix,A,0.901741,case2_3,case2,1200,0,1200,0,0.0,1.0,True,True,True,False,0.0
historical_clip,UACANet,prefix,A,0.901741,case2_6,case2,792,0,792,0,0.0,1.0,True,True,True,False,0.0
historical_clip,UACANet,prefix,A,0.901741,case2_9,case2,896,0,896,0,0.0,1.0,True,True,True,False,0.0
historical_clip,UACANet,prefix,A,0.901741,case31,case31,1464,8,1464,8,0.00546448087431694,1.0,True,True,True,False,0.00546448087431694
historical_clip,UACANet,prefix,A,0.901741,case32_2,case32,800,1,800,1,0.00125,1.0,True,True,True,False,0.00125
historical_clip,UACANet,prefix,A,0.901741,case32_4,case32,1480,179,1391,90,0.06470165348670022,0.9398648648648649,True,True,True,False,0.06470165348670022
historical_clip,UACANet,prefix,A,0.901741,case32_6,case32,1368,20,1366,18,0.013177159590043924,0.9985380116959064,True,True,True,False,0.013177159590043924
historical_clip,UACANet,prefix,A,0.901741,case34_2,case34,992,7,991,6,0.006054490413723511,0.998991935483871,True,True,True,False,0.006054490413723511
historical_clip,UACANet,prefix,A,0.901741,case35_2,case35,720,0,720,0,0.0,1.0,True,True,True,False,0.0
historical_clip,UACANet,prefix,A,0.901741,case35_8,case35,928,228,927,227,0.24487594390507011,0.9989224137931034,False,True,False,False,0.24487594390507011
historical_clip,UACANet,prefix,A,0.901741,case36_2,case36,1200,913,865,578,0.6682080924855491,0.7208333333333333,False,True,False,False,0.6682080924855491
historical_clip,UACANet,prefix,A,0.901741,case36_4,case36,1024,962,484,422,0.871900826446281,0.47265625,False,False,False,False,0.871900826446281
historical_clip,UACANet,prefix,A,0.901741,case37_2,case37,1272,98,1236,62,0.05016181229773463,0.9716981132075472,True,True,True,False,0.05016181229773463
historical_clip,UACANet,prefix,A,0.901741,case38_2,case38,2032,875,1697,540,0.3182086034177961,0.8351377952755905,False,True,False,False,0.3182086034177961
historical_clip,UACANet,prefix,A,0.901741,case39_2,case39,2160,154,2124,118,0.05555555555555555,0.9833333333333333,True,True,True,False,0.05555555555555555
historical_clip,UACANet,prefix,A,0.901741,case3_1,case3,1584,95,1542,53,0.03437094682230869,0.9734848484848485,True,True,True,False,0.03437094682230869
historical_clip,UACANet,prefix,A,0.901741,case40,case40,1272,242,1153,123,0.10667823070251518,0.9064465408805031,True,True,True,False,0.10667823070251518
historical_clip,UACANet,prefix,A,0.901741,case43,case43,2080,104,2014,38,0.018867924528301886,0.9682692307692308,True,True,True,False,0.018867924528301886
historical_clip,UACANet,prefix,A,0.901741,case47_2,case47,1200,53,1182,35,0.02961082910321489,0.985,True,True,True,False,0.02961082910321489
historical_clip,UACANet,prefix,A,0.901741,case47_4,case47,1064,0,1064,0,0.0,1.0,True,True,True,False,0.0
historical_clip,UACANet,prefix,A,0.901741,case48,case48,1408,267,1287,146,0.11344211344211344,0.9140625,True,True,True,False,0.11344211344211344
historical_clip,UACANet,prefix,A,0.901741,case50_2,case50,1200,5,1198,3,0.0025041736227045075,0.9983333333333333,True,True,True,False,0.0025041736227045075
historical_clip,UACANet,prefix,A,0.901741,case50_4,case50,1896,111,1846,61,0.03304442036836403,0.9736286919831224,True,True,True,False,0.03304442036836403
historical_clip,UACANet,prefix,A,0.901741,case51_10,case51,1744,20,1742,18,0.010332950631458095,0.9988532110091743,True,True,True,False,0.010332950631458095
historical_clip,UACANet,prefix,A,0.901741,case51_3,case51,1680,93,1632,45,0.027573529411764705,0.9714285714285714,True,True,True,False,0.027573529411764705
historical_clip,UACANet,prefix,A,0.901741,case51_5,case51,1200,106,1141,47,0.04119193689745837,0.9508333333333333,True,True,True,False,0.04119193689745837
historical_clip,UACANet,prefix,A,0.901741,case51_7,case51,1072,282,846,56,0.06619385342789598,0.789179104477612,True,True,True,False,0.06619385342789598
historical_clip,UACANet,prefix,A,0.901741,case51_9,case51,1200,354,1127,281,0.24933451641526175,0.9391666666666667,False,True,False,False,0.24933451641526175
historical_clip,UACANet,prefix,A,0.901741,case54_1,case54,1688,845,1080,237,0.21944444444444444,0.6398104265402843,False,True,False,False,0.21944444444444444
historical_clip,UACANet,prefix,A,0.901741,case56_1,case56,1200,51,1180,31,0.026271186440677965,0.9833333333333333,True,True,True,False,0.026271186440677965
historical_clip,UACANet,prefix,A,0.901741,case5_4,case5,1200,1,1200,1,0.0008333333333333334,1.0,True,True,True,False,0.0008333333333333334
historical_clip,UACANet,prefix,A,0.901741,case60,case60,1168,615,1003,450,0.44865403788634095,0.8587328767123288,False,True,False,False,0.44865403788634095
historical_clip,UACANet,prefix,A,0.901741,case61_3,case61,1768,132,1729,93,0.05378831694621168,0.9779411764705882,True,True,True,False,0.05378831694621168
historical_clip,UACANet,prefix,A,0.901741,case63_3,case63,1384,17,1382,15,0.01085383502170767,0.9985549132947977,True,True,True,False,0.01085383502170767
historical_clip,UACANet,prefix,A,0.901741,case66_2,case66,2584,2,2584,2,0.0007739938080495357,1.0,True,True,True,False,0.0007739938080495357
historical_clip,UACANet,prefix,A,0.901741,case66_4,case66,1888,0,1888,0,0.0,1.0,True,True,True,False,0.0
historical_clip,UACANet,prefix,A,0.901741,case66_6,case66,1072,0,1072,0,0.0,1.0,True,True,True,False,0.0
historical_clip,UACANet,prefix,A,0.901741,case66_9,case66,1600,0,1600,0,0.0,1.0,True,True,True,False,0.0
historical_clip,UACANet,prefix,A,0.901741,case68_1,case68,1312,158,1259,105,0.08339952343129468,0.9596036585365854,True,True,True,False,0.08339952343129468
historical_clip,UACANet,prefix,A,0.901741,case68_3,case68,1304,376,1145,217,0.18951965065502183,0.8780674846625767,False,True,False,False,0.18951965065502183
historical_clip,UACANet,prefix,A,0.901741,case68_5,case68,1200,80,1179,59,0.05004240882103478,0.9825,True,True,True,False,0.05004240882103478
historical_clip,UACANet,prefix,A,0.901741,case68_7,case68,1840,176,1787,123,0.06883044208170118,0.971195652173913,True,True,True,False,0.06883044208170118
historical_clip,UACANet,prefix,A,0.901741,case6_3,case6,1680,1464,688,472,0.686046511627907,0.4095238095238095,False,False,False,False,0.686046511627907
historical_clip,UACANet,prefix,A,0.901741,case71_1,case71,1024,229,916,121,0.13209606986899564,0.89453125,True,True,True,False,0.13209606986899564
historical_clip,UACANet,prefix,A,0.901741,case71_5,case71,1808,33,1784,9,0.005044843049327354,0.9867256637168141,True,True,True,False,0.005044843049327354
historical_clip,UACANet,prefix,A,0.901741,case72_3,case72,832,0,832,0,0.0,1.0,True,True,True,False,0.0
historical_clip,UACANet,prefix,A,0.901741,case74_1,case74,1256,494,993,231,0.2326283987915408,0.7906050955414012,False,True,False,False,0.2326283987915408
historical_clip,UACANet,prefix,A,0.901741,case75_1,case75,1200,87,1146,33,0.028795811518324606,0.955,True,True,True,False,0.028795811518324606
historical_clip,UACANet,prefix,A,0.901741,case7_2,case7,1048,40,1026,18,0.017543859649122806,0.9790076335877863,True,True,True,False,0.017543859649122806
historical_clip,UACANet,prefix,A,0.901741,case80_2,case80,1200,0,1200,0,0.0,1.0,True,True,True,False,0.0
historical_clip,UACANet,prefix,A,0.901741,case80_4,case80,1200,0,1200,0,0.0,1.0,True,True,True,False,0.0
historical_clip,UACANet,prefix,A,0.901741,case80_6,case80,1200,0,1200,0,0.0,1.0,True,True,True,False,0.0
historical_clip,UACANet,prefix,A,0.901741,case80_8,case80,1160,0,1160,0,0.0,1.0,True,True,True,False,0.0
historical_clip,UACANet,prefix,A,0.901741,case81_2,case81,2192,57,2151,16,0.007438400743840074,0.9812956204379562,True,True,True,False,0.007438400743840074
historical_clip,UACANet,prefix,A,0.901741,case83_3,case83,1072,0,1072,0,0.0,1.0,True,True,True,False,0.0
historical_clip,UACANet,prefix,A,0.901741,case85_7,case85,1200,522,831,153,0.18411552346570398,0.6925,False,True,False,False,0.18411552346570398
historical_clip,UACANet,prefix,A,0.901741,case86_1,case86,1200,29,1176,5,0.004251700680272109,0.98,True,True,True,False,0.004251700680272109
historical_clip,UACANet,prefix,A,0.901741,case89,case89,1192,152,1188,148,0.12457912457912458,0.9966442953020134,True,True,True,False,0.12457912457912458
historical_clip,UACANet,prefix,A,0.901741,case8_2,case8,1128,6,1128,6,0.005319148936170213,1.0,True,True,True,False,0.005319148936170213
historical_clip,UACANet,prefix,A,0.901741,case90_1,case90,1200,0,1200,0,0.0,1.0,True,True,True,False,0.0
historical_clip,UACANet,prefix,A,0.901741,case91_1,case91,1200,631,937,368,0.3927427961579509,0.7808333333333334,False,True,False,False,0.3927427961579509
historical_clip,UACANet,prefix,A,0.901741,case91_3,case91,1200,1070,582,452,0.7766323024054983,0.485,False,False,False,False,0.7766323024054983
historical_clip,UACANet,prefix,A,0.901741,case91_5,case91,1200,659,865,324,0.3745664739884393,0.7208333333333333,False,True,False,False,0.3745664739884393
historical_clip,UACANet,prefix,A,0.901741,case91_7,case91,1872,154,1804,86,0.04767184035476718,0.9636752136752137,True,True,True,False,0.04767184035476718
historical_clip,UACANet,prefix,A,0.901741,case93_2,case93,1880,183,1784,87,0.04876681614349776,0.948936170212766,True,True,True,False,0.04876681614349776
historical_clip,UACANet,prefix,A,0.901741,case95_1,case95,2072,392,1948,268,0.1375770020533881,0.9401544401544402,True,True,True,False,0.1375770020533881
historical_clip,UACANet,prefix,A,0.901741,case95_3,case95,1200,1178,191,169,0.8848167539267016,0.15916666666666668,False,False,False,False,0.8848167539267016
historical_clip,UACANet,prefix,A,0.901741,case96_1,case96,920,591,476,147,0.3088235294117647,0.5173913043478261,False,True,False,False,0.3088235294117647
historical_clip,UACANet,prefix,A,0.901741,case97_1,case97,1200,1075,647,522,0.8068006182380216,0.5391666666666667,False,True,False,False,0.8068006182380216
historical_clip,UACANet,prefix,A,0.901741,case97_3,case97,1016,383,920,287,0.3119565217391304,0.905511811023622,False,True,False,False,0.3119565217391304
historical_clip,UACANet,prefix,B,0.874171,case100,case100,1504,43,1492,31,0.020777479892761394,0.9920212765957447,True,True,True,False,0.020777479892761394
historical_clip,UACANet,prefix,B,0.874171,case10_2,case10,1784,323,1731,270,0.1559792027729636,0.9702914798206278,False,True,False,False,0.1559792027729636
historical_clip,UACANet,prefix,B,0.874171,case12_1,case12,1472,85,1427,40,0.02803083391730904,0.9694293478260869,True,True,True,False,0.02803083391730904
historical_clip,UACANet,prefix,B,0.874171,case12_3,case12,848,0,848,0,0.0,1.0,True,True,True,False,0.0
historical_clip,UACANet,prefix,B,0.874171,case13_2,case13,1640,17,1634,11,0.006731946144430845,0.9963414634146341,True,True,True,False,0.006731946144430845
historical_clip,UACANet,prefix,B,0.874171,case14_1,case14,1200,1160,543,503,0.9263351749539595,0.4525,False,False,False,False,0.9263351749539595
historical_clip,UACANet,prefix,B,0.874171,case14_3,case14,3024,2410,1487,873,0.5870880968392737,0.49173280423280424,False,False,False,False,0.5870880968392737
historical_clip,UACANet,prefix,B,0.874171,case14_5,case14,1280,978,872,570,0.6536697247706422,0.68125,False,True,False,False,0.6536697247706422
historical_clip,UACANet,prefix,B,0.874171,case19,case19,768,755,150,137,0.9133333333333333,0.1953125,False,False,False,False,0.9133333333333333
historical_clip,UACANet,prefix,B,0.874171,case20_6,case20,1200,498,928,226,0.2435344827586207,0.7733333333333333,False,True,False,False,0.2435344827586207
historical_clip,UACANet,prefix,B,0.874171,case20_8,case20,1864,966,1316,418,0.31762917933130697,0.7060085836909872,False,True,False,False,0.31762917933130697
historical_clip,UACANet,prefix,B,0.874171,case23,case23,1456,319,1337,200,0.14958863126402394,0.9182692307692307,True,True,True,False,0.14958863126402394
historical_clip,UACANet,prefix,B,0.874171,case24_2,case24,1200,0,1200,0,0.0,1.0,True,True,True,False,0.0
historical_clip,UACANet,prefix,B,0.874171,case24_4,case24,1200,0,1200,0,0.0,1.0,True,True,True,False,0.0
historical_clip,UACANet,prefix,B,0.874171,case24_6,case24,1768,108,1725,65,0.03768115942028986,0.9756787330316742,True,True,True,False,0.03768115942028986
historical_clip,UACANet,prefix,B,0.874171,case27,case27,1992,220,1891,119,0.06292966684294024,0.9492971887550201,True,True,True,False,0.06292966684294024
historical_clip,UACANet,prefix,B,0.874171,case29_2,case29,1304,12,1300,8,0.006153846153846154,0.9969325153374233,True,True,True,False,0.006153846153846154
historical_clip,UACANet,prefix,B,0.874171,case2_5,case2,1368,12,1366,10,0.007320644216691069,0.9985380116959064,True,True,True,False,0.007320644216691069
historical_clip,UACANet,prefix,B,0.874171,case2_8,case2,1448,35,1425,12,0.008421052631578947,0.9841160220994475,True,True,True,False,0.008421052631578947
historical_clip,UACANet,prefix,B,0.874171,case30,case30,1792,43,1773,24,0.01353637901861252,0.9893973214285714,True,True,True,False,0.01353637901861252
historical_clip,UACANet,prefix,B,0.874171,case32_1,case32,1680,21,1674,15,0.008960573476702509,0.9964285714285714,True,True,True,False,0.008960573476702509
historical_clip,UACANet,prefix,B,0.874171,case32_3,case32,1320,197,1225,102,0.08326530612244898,0.928030303030303,True,True,True,False,0.08326530612244898
historical_clip,UACANet,prefix,B,0.874171,case32_5,case32,1200,0,1200,0,0.0,1.0,True,True,True,False,0.0
historical_clip,UACANet,prefix,B,0.874171,case34_1,case34,968,265,852,149,0.17488262910798122,0.8801652892561983,False,True,False,False,0.17488262910798122
historical_clip,UACANet,prefix,B,0.874171,case35_1,case35,1480,0,1480,0,0.0,1.0,True,True,True,False,0.0
historical_clip,UACANet,prefix,B,0.874171,case35_3,case35,1544,153,1544,153,0.09909326424870467,1.0,True,True,True,False,0.09909326424870467
historical_clip,UACANet,prefix,B,0.874171,case36_1,case36,2672,1618,1904,850,0.44642857142857145,0.7125748502994012,False,True,False,False,0.44642857142857145
historical_clip,UACANet,prefix,B,0.874171,case36_3,case36,1624,734,1329,439,0.3303235515425132,0.8183497536945813,False,True,False,False,0.3303235515425132
historical_clip,UACANet,prefix,B,0.874171,case37_1,case37,1496,2,1496,2,0.001336898395721925,1.0,True,True,True,False,0.001336898395721925
historical_clip,UACANet,prefix,B,0.874171,case37_3,case37,816,0,816,0,0.0,1.0,True,True,True,False,0.0
historical_clip,UACANet,prefix,B,0.874171,case39_1,case39,2352,503,2176,327,0.15027573529411764,0.9251700680272109,False,True,False,False,0.15027573529411764
historical_clip,UACANet,prefix,B,0.874171,case39_3,case39,1192,9,1191,8,0.006717044500419815,0.9991610738255033,True,True,True,False,0.006717044500419815
historical_clip,UACANet,prefix,B,0.874171,case3_2,case3,752,265,587,100,0.17035775127768313,0.7805851063829787,False,True,False,False,0.17035775127768313
historical_clip,UACANet,prefix,B,0.874171,case42,case42,2144,339,1973,168,0.08514951849974658,0.9202425373134329,True,True,True,False,0.08514951849974658
historical_clip,UACANet,prefix,B,0.874171,case44_1,case44,1200,342,959,101,0.10531803962460896,0.7991666666666667,True,True,True,False,0.10531803962460896
historical_clip,UACANet,prefix,B,0.874171,case47_3,case47,1200,0,1200,0,0.0,1.0,True,True,True,False,0.0
historical_clip,UACANet,prefix,B,0.874171,case47_5,case47,976,0,976,0,0.0,1.0,True,True,True,False,0.0
historical_clip,UACANet,prefix,B,0.874171,case50_1,case50,1624,174,1577,127,0.08053265694356374,0.9710591133004927,True,True,True,False,0.08053265694356374
historical_clip,UACANet,prefix,B,0.874171,case50_3,case50,1200,0,1200,0,0.0,1.0,True,True,True,False,0.0
historical_clip,UACANet,prefix,B,0.874171,case51_1,case51,1400,76,1377,53,0.03848946986201888,0.9835714285714285,True,True,True,False,0.03848946986201888
historical_clip,UACANet,prefix,B,0.874171,case51_2,case51,2000,151,1950,101,0.05179487179487179,0.975,True,True,True,False,0.05179487179487179
historical_clip,UACANet,prefix,B,0.874171,case51_4,case51,1200,10,1200,10,0.008333333333333333,1.0,True,True,True,False,0.008333333333333333
historical_clip,UACANet,prefix,B,0.874171,case51_6,case51,1200,18,1192,10,0.008389261744966443,0.9933333333333333,True,True,True,False,0.008389261744966443
historical_clip,UACANet,prefix,B,0.874171,case51_8,case51,1200,209,1187,196,0.16512215669755687,0.9891666666666666,False,True,False,False,0.16512215669755687
historical_clip,UACANet,prefix,B,0.874171,case52,case52,1656,112,1624,80,0.04926108374384237,0.9806763285024155,True,True,True,False,0.04926108374384237
historical_clip,UACANet,prefix,B,0.874171,case54_2,case54,1072,233,957,118,0.12330198537095088,0.8927238805970149,True,True,True,False,0.12330198537095088
historical_clip,UACANet,prefix,B,0.874171,case56_2,case56,784,0,784,0,0.0,1.0,True,True,True,False,0.0
historical_clip,UACANet,prefix,B,0.874171,case5_6,case5,1400,62,1384,46,0.033236994219653176,0.9885714285714285,True,True,True,False,0.033236994219653176
historical_clip,UACANet,prefix,B,0.874171,case61_2,case61,1592,376,1479,263,0.17782285327924274,0.9290201005025126,False,True,False,False,0.17782285327924274
historical_clip,UACANet,prefix,B,0.874171,case63_2,case63,1064,3,1064,3,0.002819548872180451,1.0,True,True,True,False,0.002819548872180451
historical_clip,UACANet,prefix,B,0.874171,case64,case64,648,172,537,61,0.11359404096834265,0.8287037037037037,True,True,True,False,0.11359404096834265
historical_clip,UACANet,prefix,B,0.874171,case66_3,case66,1200,0,1200,0,0.0,1.0,True,True,True,False,0.0
historical_clip,UACANet,prefix,B,0.874171,case66_5,case66,1200,1,1200,1,0.0008333333333333334,1.0,True,True,True,False,0.0008333333333333334
historical_clip,UACANet,prefix,B,0.874171,case66_8,case66,1200,0,1200,0,0.0,1.0,True,True,True,False,0.0
historical_clip,UACANet,prefix,B,0.874171,case67,case67,1528,577,1201,250,0.20815986677768525,0.7859947643979057,False,True,False,False,0.20815986677768525
historical_clip,UACANet,prefix,B,0.874171,case68_2,case68,1440,245,1381,186,0.13468501086169443,0.9590277777777778,True,True,True,False,0.13468501086169443
historical_clip,UACANet,prefix,B,0.874171,case68_4,case68,1824,87,1804,67,0.03713968957871397,0.9890350877192983,True,True,True,False,0.03713968957871397
historical_clip,UACANet,prefix,B,0.874171,case68_6,case68,1632,174,1568,110,0.07015306122448979,0.9607843137254902,True,True,True,False,0.07015306122448979
historical_clip,UACANet,prefix,B,0.874171,case6_2,case6,1200,1077,471,348,0.7388535031847133,0.3925,False,False,False,False,0.7388535031847133
historical_clip,UACANet,prefix,B,0.874171,case70,case70,2112,42,2095,25,0.011933174224343675,0.9919507575757576,True,True,True,False,0.011933174224343675
historical_clip,UACANet,prefix,B,0.874171,case71_2,case71,1200,297,1067,164,0.15370196813495782,0.8891666666666667,False,True,False,False,0.15370196813495782
historical_clip,UACANet,prefix,B,0.874171,case72_1,case72,1768,14,1764,10,0.005668934240362812,0.997737556561086,True,True,True,False,0.005668934240362812
historical_clip,UACANet,prefix,B,0.874171,case72_4,case72,1720,366,1456,102,0.07005494505494506,0.8465116279069768,True,True,True,False,0.07005494505494506
historical_clip,UACANet,prefix,B,0.874171,case74_2,case74,952,5,949,2,0.002107481559536354,0.9968487394957983,True,True,True,False,0.002107481559536354
historical_clip,UACANet,prefix,B,0.874171,case79,case79,608,442,293,127,0.4334470989761092,0.4819078947368421,False,False,False,False,0.4334470989761092
historical_clip,UACANet,prefix,B,0.874171,case80_1,case80,1280,51,1255,26,0.020717131474103586,0.98046875,True,True,True,False,0.020717131474103586
historical_clip,UACANet,prefix,B,0.874171,case80_3,case80,1200,0,1200,0,0.0,1.0,True,True,True,False,0.0
historical_clip,UACANet,prefix,B,0.874171,case80_5,case80,1096,0,1096,0,0.0,1.0,True,True,True,False,0.0
historical_clip,UACANet,prefix,B,0.874171,case80_7,case80,1200,0,1200,0,0.0,1.0,True,True,True,False,0.0
historical_clip,UACANet,prefix,B,0.874171,case81_1,case81,1224,0,1224,0,0.0,1.0,True,True,True,False,0.0
historical_clip,UACANet,prefix,B,0.874171,case83_2,case83,3024,44,3018,38,0.012591119946984758,0.998015873015873,True,True,True,False,0.012591119946984758
historical_clip,UACANet,prefix,B,0.874171,case84,case84,1744,564,1494,314,0.2101740294511379,0.856651376146789,False,True,False,False,0.2101740294511379
historical_clip,UACANet,prefix,B,0.874171,case85_8,case85,1760,315,1521,76,0.049967126890203814,0.8642045454545455,True,True,True,False,0.049967126890203814
historical_clip,UACANet,prefix,B,0.874171,case86_2,case86,856,0,856,0,0.0,1.0,True,True,True,False,0.0
historical_clip,UACANet,prefix,B,0.874171,case8_1,case8,920,19,915,14,0.015300546448087432,0.9945652173913043,True,True,True,False,0.015300546448087432
historical_clip,UACANet,prefix,B,0.874171,case9,case9,1088,2,1087,1,0.0009199632014719411,0.9990808823529411,True,True,True,False,0.0009199632014719411
historical_clip,UACANet,prefix,B,0.874171,case90_3,case90,1432,22,1423,13,0.009135628952916374,0.9937150837988827,True,True,True,False,0.009135628952916374
historical_clip,UACANet,prefix,B,0.874171,case91_2,case91,1200,512,938,250,0.26652452025586354,0.7816666666666666,False,True,False,False,0.26652452025586354
historical_clip,UACANet,prefix,B,0.874171,case91_4,case91,872,725,488,341,0.6987704918032787,0.5596330275229358,False,True,False,False,0.6987704918032787
historical_clip,UACANet,prefix,B,0.874171,case91_6,case91,944,174,876,106,0.12100456621004566,0.9279661016949152,True,True,True,False,0.12100456621004566
historical_clip,UACANet,prefix,B,0.874171,case93_1,case93,1736,160,1652,76,0.04600484261501211,0.9516129032258065,True,True,True,False,0.04600484261501211
historical_clip,UACANet,prefix,B,0.874171,case94,case94,1088,113,1025,50,0.04878048780487805,0.9420955882352942,True,True,True,False,0.04878048780487805
historical_clip,UACANet,prefix,B,0.874171,case95_2,case95,816,0,816,0,0.0,1.0,True,True,True,False,0.0
historical_clip,UACANet,prefix,B,0.874171,case95_4,case95,760,299,631,170,0.2694136291600634,0.8302631578947368,False,True,False,False,0.2694136291600634
historical_clip,UACANet,prefix,B,0.874171,case96_2,case96,1488,126,1428,66,0.046218487394957986,0.9596774193548387,True,True,True,False,0.046218487394957986
historical_clip,UACANet,prefix,B,0.874171,case97_2,case97,1232,1004,716,488,0.6815642458100558,0.5811688311688312,False,True,False,False,0.6815642458100558
historical_clip,UACANet,prefix,B,0.874171,case99,case99,1288,63,1257,32,0.02545743834526651,0.9759316770186336,True,True,True,False,0.02545743834526651
historical_clip,UACANet,full_tie_groups,A,0.901741,case10_1,case10,1704,547,1378,221,0.16037735849056603,0.8086854460093896,False,True,False,False,0.16037735849056603
historical_clip,UACANet,full_tie_groups,A,0.901741,case11,case11,904,19,890,5,0.0056179775280898875,0.9845132743362832,True,True,True,False,0.0056179775280898875
historical_clip,UACANet,full_tie_groups,A,0.901741,case12_2,case12,1984,378,1778,172,0.09673790776152981,0.8961693548387096,True,True,True,False,0.09673790776152981
historical_clip,UACANet,full_tie_groups,A,0.901741,case13_1,case13,784,112,769,97,0.12613784135240572,0.9808673469387755,True,True,True,False,0.12613784135240572
historical_clip,UACANet,full_tie_groups,A,0.901741,case13_3,case13,1408,17,1406,15,0.010668563300142247,0.9985795454545454,True,True,True,False,0.010668563300142247
historical_clip,UACANet,full_tie_groups,A,0.901741,case14_2,case14,1200,1182,594,576,0.9696969696969697,0.495,False,False,False,False,0.9696969696969697
historical_clip,UACANet,full_tie_groups,A,0.901741,case14_4,case14,1160,993,727,560,0.7702888583218707,0.6267241379310344,False,True,False,False,0.7702888583218707
historical_clip,UACANet,full_tie_groups,A,0.901741,case14_6,case14,1600,1520,591,511,0.8646362098138748,0.369375,False,False,False,False,0.8646362098138748
historical_clip,UACANet,full_tie_groups,A,0.901741,case1_2,case1,1728,0,1728,0,0.0,1.0,True,True,True,False,0.0
historical_clip,UACANet,full_tie_groups,A,0.901741,case20_7,case20,1360,466,1177,283,0.24044180118946473,0.8654411764705883,False,True,False,False,0.24044180118946473
historical_clip,UACANet,full_tie_groups,A,0.901741,case20_9,case20,1200,310,1022,132,0.12915851272015655,0.8516666666666667,True,True,True,False,0.12915851272015655
historical_clip,UACANet,full_tie_groups,A,0.901741,case24_1,case24,1200,6,1199,5,0.004170141784820684,0.9991666666666666,True,True,True,False,0.004170141784820684
historical_clip,UACANet,full_tie_groups,A,0.901741,case24_3,case24,1216,0,1216,0,0.0,1.0,True,True,True,False,0.0
historical_clip,UACANet,full_tie_groups,A,0.901741,case24_5,case24,1200,6,1197,3,0.002506265664160401,0.9975,True,True,True,False,0.002506265664160401
historical_clip,UACANet,full_tie_groups,A,0.901741,case25_2,case25,1088,24,1084,20,0.01845018450184502,0.9963235294117647,True,True,True,False,0.01845018450184502
historical_clip,UACANet,full_tie_groups,A,0.901741,case29_1,case29,1712,203,1635,126,0.07706422018348624,0.9550233644859814,True,True,True,False,0.07706422018348624
historical_clip,UACANet,full_tie_groups,A,0.901741,case2_3,case2,1200,0,1200,0,0.0,1.0,True,True,True,False,0.0
historical_clip,UACANet,full_tie_groups,A,0.901741,case2_6,case2,792,0,792,0,0.0,1.0,True,True,True,False,0.0
historical_clip,UACANet,full_tie_groups,A,0.901741,case2_9,case2,896,0,896,0,0.0,1.0,True,True,True,False,0.0
historical_clip,UACANet,full_tie_groups,A,0.901741,case31,case31,1464,8,1464,8,0.00546448087431694,1.0,True,True,True,False,0.00546448087431694
historical_clip,UACANet,full_tie_groups,A,0.901741,case32_2,case32,800,1,800,1,0.00125,1.0,True,True,True,False,0.00125
historical_clip,UACANet,full_tie_groups,A,0.901741,case32_4,case32,1480,179,1391,90,0.06470165348670022,0.9398648648648649,True,True,True,False,0.06470165348670022
historical_clip,UACANet,full_tie_groups,A,0.901741,case32_6,case32,1368,20,1366,18,0.013177159590043924,0.9985380116959064,True,True,True,False,0.013177159590043924
historical_clip,UACANet,full_tie_groups,A,0.901741,case34_2,case34,992,7,991,6,0.006054490413723511,0.998991935483871,True,True,True,False,0.006054490413723511
historical_clip,UACANet,full_tie_groups,A,0.901741,case35_2,case35,720,0,720,0,0.0,1.0,True,True,True,False,0.0
historical_clip,UACANet,full_tie_groups,A,0.901741,case35_8,case35,928,228,927,227,0.24487594390507011,0.9989224137931034,False,True,False,False,0.24487594390507011
historical_clip,UACANet,full_tie_groups,A,0.901741,case36_2,case36,1200,913,865,578,0.6682080924855491,0.7208333333333333,False,True,False,False,0.6682080924855491
historical_clip,UACANet,full_tie_groups,A,0.901741,case36_4,case36,1024,962,484,422,0.871900826446281,0.47265625,False,False,False,False,0.871900826446281
historical_clip,UACANet,full_tie_groups,A,0.901741,case37_2,case37,1272,98,1236,62,0.05016181229773463,0.9716981132075472,True,True,True,False,0.05016181229773463
historical_clip,UACANet,full_tie_groups,A,0.901741,case38_2,case38,2032,875,1697,540,0.3182086034177961,0.8351377952755905,False,True,False,False,0.3182086034177961
historical_clip,UACANet,full_tie_groups,A,0.901741,case39_2,case39,2160,154,2124,118,0.05555555555555555,0.9833333333333333,True,True,True,False,0.05555555555555555
historical_clip,UACANet,full_tie_groups,A,0.901741,case3_1,case3,1584,95,1542,53,0.03437094682230869,0.9734848484848485,True,True,True,False,0.03437094682230869
historical_clip,UACANet,full_tie_groups,A,0.901741,case40,case40,1272,242,1153,123,0.10667823070251518,0.9064465408805031,True,True,True,False,0.10667823070251518
historical_clip,UACANet,full_tie_groups,A,0.901741,case43,case43,2080,104,2014,38,0.018867924528301886,0.9682692307692308,True,True,True,False,0.018867924528301886
historical_clip,UACANet,full_tie_groups,A,0.901741,case47_2,case47,1200,53,1182,35,0.02961082910321489,0.985,True,True,True,False,0.02961082910321489
historical_clip,UACANet,full_tie_groups,A,0.901741,case47_4,case47,1064,0,1064,0,0.0,1.0,True,True,True,False,0.0
historical_clip,UACANet,full_tie_groups,A,0.901741,case48,case48,1408,267,1287,146,0.11344211344211344,0.9140625,True,True,True,False,0.11344211344211344
historical_clip,UACANet,full_tie_groups,A,0.901741,case50_2,case50,1200,5,1198,3,0.0025041736227045075,0.9983333333333333,True,True,True,False,0.0025041736227045075
historical_clip,UACANet,full_tie_groups,A,0.901741,case50_4,case50,1896,111,1846,61,0.03304442036836403,0.9736286919831224,True,True,True,False,0.03304442036836403
historical_clip,UACANet,full_tie_groups,A,0.901741,case51_10,case51,1744,20,1742,18,0.010332950631458095,0.9988532110091743,True,True,True,False,0.010332950631458095
historical_clip,UACANet,full_tie_groups,A,0.901741,case51_3,case51,1680,93,1632,45,0.027573529411764705,0.9714285714285714,True,True,True,False,0.027573529411764705
historical_clip,UACANet,full_tie_groups,A,0.901741,case51_5,case51,1200,106,1141,47,0.04119193689745837,0.9508333333333333,True,True,True,False,0.04119193689745837
historical_clip,UACANet,full_tie_groups,A,0.901741,case51_7,case51,1072,282,846,56,0.06619385342789598,0.789179104477612,True,True,True,False,0.06619385342789598
historical_clip,UACANet,full_tie_groups,A,0.901741,case51_9,case51,1200,354,1127,281,0.24933451641526175,0.9391666666666667,False,True,False,False,0.24933451641526175
historical_clip,UACANet,full_tie_groups,A,0.901741,case54_1,case54,1688,845,1080,237,0.21944444444444444,0.6398104265402843,False,True,False,False,0.21944444444444444
historical_clip,UACANet,full_tie_groups,A,0.901741,case56_1,case56,1200,51,1180,31,0.026271186440677965,0.9833333333333333,True,True,True,False,0.026271186440677965
historical_clip,UACANet,full_tie_groups,A,0.901741,case5_4,case5,1200,1,1200,1,0.0008333333333333334,1.0,True,True,True,False,0.0008333333333333334
historical_clip,UACANet,full_tie_groups,A,0.901741,case60,case60,1168,615,1003,450,0.44865403788634095,0.8587328767123288,False,True,False,False,0.44865403788634095
historical_clip,UACANet,full_tie_groups,A,0.901741,case61_3,case61,1768,132,1729,93,0.05378831694621168,0.9779411764705882,True,True,True,False,0.05378831694621168
historical_clip,UACANet,full_tie_groups,A,0.901741,case63_3,case63,1384,17,1382,15,0.01085383502170767,0.9985549132947977,True,True,True,False,0.01085383502170767
historical_clip,UACANet,full_tie_groups,A,0.901741,case66_2,case66,2584,2,2584,2,0.0007739938080495357,1.0,True,True,True,False,0.0007739938080495357
historical_clip,UACANet,full_tie_groups,A,0.901741,case66_4,case66,1888,0,1888,0,0.0,1.0,True,True,True,False,0.0
historical_clip,UACANet,full_tie_groups,A,0.901741,case66_6,case66,1072,0,1072,0,0.0,1.0,True,True,True,False,0.0
historical_clip,UACANet,full_tie_groups,A,0.901741,case66_9,case66,1600,0,1600,0,0.0,1.0,True,True,True,False,0.0
historical_clip,UACANet,full_tie_groups,A,0.901741,case68_1,case68,1312,158,1259,105,0.08339952343129468,0.9596036585365854,True,True,True,False,0.08339952343129468
historical_clip,UACANet,full_tie_groups,A,0.901741,case68_3,case68,1304,376,1145,217,0.18951965065502183,0.8780674846625767,False,True,False,False,0.18951965065502183
historical_clip,UACANet,full_tie_groups,A,0.901741,case68_5,case68,1200,80,1179,59,0.05004240882103478,0.9825,True,True,True,False,0.05004240882103478
historical_clip,UACANet,full_tie_groups,A,0.901741,case68_7,case68,1840,176,1787,123,0.06883044208170118,0.971195652173913,True,True,True,False,0.06883044208170118
historical_clip,UACANet,full_tie_groups,A,0.901741,case6_3,case6,1680,1464,688,472,0.686046511627907,0.4095238095238095,False,False,False,False,0.686046511627907
historical_clip,UACANet,full_tie_groups,A,0.901741,case71_1,case71,1024,229,916,121,0.13209606986899564,0.89453125,True,True,True,False,0.13209606986899564
historical_clip,UACANet,full_tie_groups,A,0.901741,case71_5,case71,1808,33,1784,9,0.005044843049327354,0.9867256637168141,True,True,True,False,0.005044843049327354
historical_clip,UACANet,full_tie_groups,A,0.901741,case72_3,case72,832,0,832,0,0.0,1.0,True,True,True,False,0.0
historical_clip,UACANet,full_tie_groups,A,0.901741,case74_1,case74,1256,494,993,231,0.2326283987915408,0.7906050955414012,False,True,False,False,0.2326283987915408
historical_clip,UACANet,full_tie_groups,A,0.901741,case75_1,case75,1200,87,1146,33,0.028795811518324606,0.955,True,True,True,False,0.028795811518324606
historical_clip,UACANet,full_tie_groups,A,0.901741,case7_2,case7,1048,40,1026,18,0.017543859649122806,0.9790076335877863,True,True,True,False,0.017543859649122806
historical_clip,UACANet,full_tie_groups,A,0.901741,case80_2,case80,1200,0,1200,0,0.0,1.0,True,True,True,False,0.0
historical_clip,UACANet,full_tie_groups,A,0.901741,case80_4,case80,1200,0,1200,0,0.0,1.0,True,True,True,False,0.0
historical_clip,UACANet,full_tie_groups,A,0.901741,case80_6,case80,1200,0,1200,0,0.0,1.0,True,True,True,False,0.0
historical_clip,UACANet,full_tie_groups,A,0.901741,case80_8,case80,1160,0,1160,0,0.0,1.0,True,True,True,False,0.0
historical_clip,UACANet,full_tie_groups,A,0.901741,case81_2,case81,2192,57,2151,16,0.007438400743840074,0.9812956204379562,True,True,True,False,0.007438400743840074
historical_clip,UACANet,full_tie_groups,A,0.901741,case83_3,case83,1072,0,1072,0,0.0,1.0,True,True,True,False,0.0
historical_clip,UACANet,full_tie_groups,A,0.901741,case85_7,case85,1200,522,831,153,0.18411552346570398,0.6925,False,True,False,False,0.18411552346570398
historical_clip,UACANet,full_tie_groups,A,0.901741,case86_1,case86,1200,29,1176,5,0.004251700680272109,0.98,True,True,True,False,0.004251700680272109
historical_clip,UACANet,full_tie_groups,A,0.901741,case89,case89,1192,152,1188,148,0.12457912457912458,0.9966442953020134,True,True,True,False,0.12457912457912458
historical_clip,UACANet,full_tie_groups,A,0.901741,case8_2,case8,1128,6,1128,6,0.005319148936170213,1.0,True,True,True,False,0.005319148936170213
historical_clip,UACANet,full_tie_groups,A,0.901741,case90_1,case90,1200,0,1200,0,0.0,1.0,True,True,True,False,0.0
historical_clip,UACANet,full_tie_groups,A,0.901741,case91_1,case91,1200,631,937,368,0.3927427961579509,0.7808333333333334,False,True,False,False,0.3927427961579509
historical_clip,UACANet,full_tie_groups,A,0.901741,case91_3,case91,1200,1070,582,452,0.7766323024054983,0.485,False,False,False,False,0.7766323024054983
historical_clip,UACANet,full_tie_groups,A,0.901741,case91_5,case91,1200,659,865,324,0.3745664739884393,0.7208333333333333,False,True,False,False,0.3745664739884393
historical_clip,UACANet,full_tie_groups,A,0.901741,case91_7,case91,1872,154,1804,86,0.04767184035476718,0.9636752136752137,True,True,True,False,0.04767184035476718
historical_clip,UACANet,full_tie_groups,A,0.901741,case93_2,case93,1880,183,1784,87,0.04876681614349776,0.948936170212766,True,True,True,False,0.04876681614349776
historical_clip,UACANet,full_tie_groups,A,0.901741,case95_1,case95,2072,392,1948,268,0.1375770020533881,0.9401544401544402,True,True,True,False,0.1375770020533881
historical_clip,UACANet,full_tie_groups,A,0.901741,case95_3,case95,1200,1178,191,169,0.8848167539267016,0.15916666666666668,False,False,False,False,0.8848167539267016
historical_clip,UACANet,full_tie_groups,A,0.901741,case96_1,case96,920,591,476,147,0.3088235294117647,0.5173913043478261,False,True,False,False,0.3088235294117647
historical_clip,UACANet,full_tie_groups,A,0.901741,case97_1,case97,1200,1075,647,522,0.8068006182380216,0.5391666666666667,False,True,False,False,0.8068006182380216
historical_clip,UACANet,full_tie_groups,A,0.901741,case97_3,case97,1016,383,920,287,0.3119565217391304,0.905511811023622,False,True,False,False,0.3119565217391304
historical_clip,UACANet,full_tie_groups,B,0.874171,case100,case100,1504,43,1492,31,0.020777479892761394,0.9920212765957447,True,True,True,False,0.020777479892761394
historical_clip,UACANet,full_tie_groups,B,0.874171,case10_2,case10,1784,323,1731,270,0.1559792027729636,0.9702914798206278,False,True,False,False,0.1559792027729636
historical_clip,UACANet,full_tie_groups,B,0.874171,case12_1,case12,1472,85,1427,40,0.02803083391730904,0.9694293478260869,True,True,True,False,0.02803083391730904
historical_clip,UACANet,full_tie_groups,B,0.874171,case12_3,case12,848,0,848,0,0.0,1.0,True,True,True,False,0.0
historical_clip,UACANet,full_tie_groups,B,0.874171,case13_2,case13,1640,17,1634,11,0.006731946144430845,0.9963414634146341,True,True,True,False,0.006731946144430845
historical_clip,UACANet,full_tie_groups,B,0.874171,case14_1,case14,1200,1160,543,503,0.9263351749539595,0.4525,False,False,False,False,0.9263351749539595
historical_clip,UACANet,full_tie_groups,B,0.874171,case14_3,case14,3024,2410,1487,873,0.5870880968392737,0.49173280423280424,False,False,False,False,0.5870880968392737
historical_clip,UACANet,full_tie_groups,B,0.874171,case14_5,case14,1280,978,872,570,0.6536697247706422,0.68125,False,True,False,False,0.6536697247706422
historical_clip,UACANet,full_tie_groups,B,0.874171,case19,case19,768,755,150,137,0.9133333333333333,0.1953125,False,False,False,False,0.9133333333333333
historical_clip,UACANet,full_tie_groups,B,0.874171,case20_6,case20,1200,498,928,226,0.2435344827586207,0.7733333333333333,False,True,False,False,0.2435344827586207
historical_clip,UACANet,full_tie_groups,B,0.874171,case20_8,case20,1864,966,1316,418,0.31762917933130697,0.7060085836909872,False,True,False,False,0.31762917933130697
historical_clip,UACANet,full_tie_groups,B,0.874171,case23,case23,1456,319,1337,200,0.14958863126402394,0.9182692307692307,True,True,True,False,0.14958863126402394
historical_clip,UACANet,full_tie_groups,B,0.874171,case24_2,case24,1200,0,1200,0,0.0,1.0,True,True,True,False,0.0
historical_clip,UACANet,full_tie_groups,B,0.874171,case24_4,case24,1200,0,1200,0,0.0,1.0,True,True,True,False,0.0
historical_clip,UACANet,full_tie_groups,B,0.874171,case24_6,case24,1768,108,1725,65,0.03768115942028986,0.9756787330316742,True,True,True,False,0.03768115942028986
historical_clip,UACANet,full_tie_groups,B,0.874171,case27,case27,1992,220,1891,119,0.06292966684294024,0.9492971887550201,True,True,True,False,0.06292966684294024
historical_clip,UACANet,full_tie_groups,B,0.874171,case29_2,case29,1304,12,1300,8,0.006153846153846154,0.9969325153374233,True,True,True,False,0.006153846153846154
historical_clip,UACANet,full_tie_groups,B,0.874171,case2_5,case2,1368,12,1366,10,0.007320644216691069,0.9985380116959064,True,True,True,False,0.007320644216691069
historical_clip,UACANet,full_tie_groups,B,0.874171,case2_8,case2,1448,35,1425,12,0.008421052631578947,0.9841160220994475,True,True,True,False,0.008421052631578947
historical_clip,UACANet,full_tie_groups,B,0.874171,case30,case30,1792,43,1773,24,0.01353637901861252,0.9893973214285714,True,True,True,False,0.01353637901861252
historical_clip,UACANet,full_tie_groups,B,0.874171,case32_1,case32,1680,21,1674,15,0.008960573476702509,0.9964285714285714,True,True,True,False,0.008960573476702509
historical_clip,UACANet,full_tie_groups,B,0.874171,case32_3,case32,1320,197,1225,102,0.08326530612244898,0.928030303030303,True,True,True,False,0.08326530612244898
historical_clip,UACANet,full_tie_groups,B,0.874171,case32_5,case32,1200,0,1200,0,0.0,1.0,True,True,True,False,0.0
historical_clip,UACANet,full_tie_groups,B,0.874171,case34_1,case34,968,265,852,149,0.17488262910798122,0.8801652892561983,False,True,False,False,0.17488262910798122
historical_clip,UACANet,full_tie_groups,B,0.874171,case35_1,case35,1480,0,1480,0,0.0,1.0,True,True,True,False,0.0
historical_clip,UACANet,full_tie_groups,B,0.874171,case35_3,case35,1544,153,1544,153,0.09909326424870467,1.0,True,True,True,False,0.09909326424870467
historical_clip,UACANet,full_tie_groups,B,0.874171,case36_1,case36,2672,1618,1904,850,0.44642857142857145,0.7125748502994012,False,True,False,False,0.44642857142857145
historical_clip,UACANet,full_tie_groups,B,0.874171,case36_3,case36,1624,734,1329,439,0.3303235515425132,0.8183497536945813,False,True,False,False,0.3303235515425132
historical_clip,UACANet,full_tie_groups,B,0.874171,case37_1,case37,1496,2,1496,2,0.001336898395721925,1.0,True,True,True,False,0.001336898395721925
historical_clip,UACANet,full_tie_groups,B,0.874171,case37_3,case37,816,0,816,0,0.0,1.0,True,True,True,False,0.0
historical_clip,UACANet,full_tie_groups,B,0.874171,case39_1,case39,2352,503,2176,327,0.15027573529411764,0.9251700680272109,False,True,False,False,0.15027573529411764
historical_clip,UACANet,full_tie_groups,B,0.874171,case39_3,case39,1192,9,1191,8,0.006717044500419815,0.9991610738255033,True,True,True,False,0.006717044500419815
historical_clip,UACANet,full_tie_groups,B,0.874171,case3_2,case3,752,265,587,100,0.17035775127768313,0.7805851063829787,False,True,False,False,0.17035775127768313
historical_clip,UACANet,full_tie_groups,B,0.874171,case42,case42,2144,339,1973,168,0.08514951849974658,0.9202425373134329,True,True,True,False,0.08514951849974658
historical_clip,UACANet,full_tie_groups,B,0.874171,case44_1,case44,1200,342,959,101,0.10531803962460896,0.7991666666666667,True,True,True,False,0.10531803962460896
historical_clip,UACANet,full_tie_groups,B,0.874171,case47_3,case47,1200,0,1200,0,0.0,1.0,True,True,True,False,0.0
historical_clip,UACANet,full_tie_groups,B,0.874171,case47_5,case47,976,0,976,0,0.0,1.0,True,True,True,False,0.0
historical_clip,UACANet,full_tie_groups,B,0.874171,case50_1,case50,1624,174,1577,127,0.08053265694356374,0.9710591133004927,True,True,True,False,0.08053265694356374
historical_clip,UACANet,full_tie_groups,B,0.874171,case50_3,case50,1200,0,1200,0,0.0,1.0,True,True,True,False,0.0
historical_clip,UACANet,full_tie_groups,B,0.874171,case51_1,case51,1400,76,1377,53,0.03848946986201888,0.9835714285714285,True,True,True,False,0.03848946986201888
historical_clip,UACANet,full_tie_groups,B,0.874171,case51_2,case51,2000,151,1950,101,0.05179487179487179,0.975,True,True,True,False,0.05179487179487179
historical_clip,UACANet,full_tie_groups,B,0.874171,case51_4,case51,1200,10,1200,10,0.008333333333333333,1.0,True,True,True,False,0.008333333333333333
historical_clip,UACANet,full_tie_groups,B,0.874171,case51_6,case51,1200,18,1192,10,0.008389261744966443,0.9933333333333333,True,True,True,False,0.008389261744966443
historical_clip,UACANet,full_tie_groups,B,0.874171,case51_8,case51,1200,209,1187,196,0.16512215669755687,0.9891666666666666,False,True,False,False,0.16512215669755687
historical_clip,UACANet,full_tie_groups,B,0.874171,case52,case52,1656,112,1624,80,0.04926108374384237,0.9806763285024155,True,True,True,False,0.04926108374384237
historical_clip,UACANet,full_tie_groups,B,0.874171,case54_2,case54,1072,233,957,118,0.12330198537095088,0.8927238805970149,True,True,True,False,0.12330198537095088
historical_clip,UACANet,full_tie_groups,B,0.874171,case56_2,case56,784,0,784,0,0.0,1.0,True,True,True,False,0.0
historical_clip,UACANet,full_tie_groups,B,0.874171,case5_6,case5,1400,62,1384,46,0.033236994219653176,0.9885714285714285,True,True,True,False,0.033236994219653176
historical_clip,UACANet,full_tie_groups,B,0.874171,case61_2,case61,1592,376,1479,263,0.17782285327924274,0.9290201005025126,False,True,False,False,0.17782285327924274
historical_clip,UACANet,full_tie_groups,B,0.874171,case63_2,case63,1064,3,1064,3,0.002819548872180451,1.0,True,True,True,False,0.002819548872180451
historical_clip,UACANet,full_tie_groups,B,0.874171,case64,case64,648,172,537,61,0.11359404096834265,0.8287037037037037,True,True,True,False,0.11359404096834265
historical_clip,UACANet,full_tie_groups,B,0.874171,case66_3,case66,1200,0,1200,0,0.0,1.0,True,True,True,False,0.0
historical_clip,UACANet,full_tie_groups,B,0.874171,case66_5,case66,1200,1,1200,1,0.0008333333333333334,1.0,True,True,True,False,0.0008333333333333334
historical_clip,UACANet,full_tie_groups,B,0.874171,case66_8,case66,1200,0,1200,0,0.0,1.0,True,True,True,False,0.0
historical_clip,UACANet,full_tie_groups,B,0.874171,case67,case67,1528,577,1201,250,0.20815986677768525,0.7859947643979057,False,True,False,False,0.20815986677768525
historical_clip,UACANet,full_tie_groups,B,0.874171,case68_2,case68,1440,245,1381,186,0.13468501086169443,0.9590277777777778,True,True,True,False,0.13468501086169443
historical_clip,UACANet,full_tie_groups,B,0.874171,case68_4,case68,1824,87,1804,67,0.03713968957871397,0.9890350877192983,True,True,True,False,0.03713968957871397
historical_clip,UACANet,full_tie_groups,B,0.874171,case68_6,case68,1632,174,1568,110,0.07015306122448979,0.9607843137254902,True,True,True,False,0.07015306122448979
historical_clip,UACANet,full_tie_groups,B,0.874171,case6_2,case6,1200,1077,471,348,0.7388535031847133,0.3925,False,False,False,False,0.7388535031847133
historical_clip,UACANet,full_tie_groups,B,0.874171,case70,case70,2112,42,2095,25,0.011933174224343675,0.9919507575757576,True,True,True,False,0.011933174224343675
historical_clip,UACANet,full_tie_groups,B,0.874171,case71_2,case71,1200,297,1067,164,0.15370196813495782,0.8891666666666667,False,True,False,False,0.15370196813495782
historical_clip,UACANet,full_tie_groups,B,0.874171,case72_1,case72,1768,14,1764,10,0.005668934240362812,0.997737556561086,True,True,True,False,0.005668934240362812
historical_clip,UACANet,full_tie_groups,B,0.874171,case72_4,case72,1720,366,1456,102,0.07005494505494506,0.8465116279069768,True,True,True,False,0.07005494505494506
historical_clip,UACANet,full_tie_groups,B,0.874171,case74_2,case74,952,5,949,2,0.002107481559536354,0.9968487394957983,True,True,True,False,0.002107481559536354
historical_clip,UACANet,full_tie_groups,B,0.874171,case79,case79,608,442,293,127,0.4334470989761092,0.4819078947368421,False,False,False,False,0.4334470989761092
historical_clip,UACANet,full_tie_groups,B,0.874171,case80_1,case80,1280,51,1255,26,0.020717131474103586,0.98046875,True,True,True,False,0.020717131474103586
historical_clip,UACANet,full_tie_groups,B,0.874171,case80_3,case80,1200,0,1200,0,0.0,1.0,True,True,True,False,0.0
historical_clip,UACANet,full_tie_groups,B,0.874171,case80_5,case80,1096,0,1096,0,0.0,1.0,True,True,True,False,0.0
historical_clip,UACANet,full_tie_groups,B,0.874171,case80_7,case80,1200,0,1200,0,0.0,1.0,True,True,True,False,0.0
historical_clip,UACANet,full_tie_groups,B,0.874171,case81_1,case81,1224,0,1224,0,0.0,1.0,True,True,True,False,0.0
historical_clip,UACANet,full_tie_groups,B,0.874171,case83_2,case83,3024,44,3018,38,0.012591119946984758,0.998015873015873,True,True,True,False,0.012591119946984758
historical_clip,UACANet,full_tie_groups,B,0.874171,case84,case84,1744,564,1494,314,0.2101740294511379,0.856651376146789,False,True,False,False,0.2101740294511379
historical_clip,UACANet,full_tie_groups,B,0.874171,case85_8,case85,1760,315,1521,76,0.049967126890203814,0.8642045454545455,True,True,True,False,0.049967126890203814
historical_clip,UACANet,full_tie_groups,B,0.874171,case86_2,case86,856,0,856,0,0.0,1.0,True,True,True,False,0.0
historical_clip,UACANet,full_tie_groups,B,0.874171,case8_1,case8,920,19,915,14,0.015300546448087432,0.9945652173913043,True,True,True,False,0.015300546448087432
historical_clip,UACANet,full_tie_groups,B,0.874171,case9,case9,1088,2,1087,1,0.0009199632014719411,0.9990808823529411,True,True,True,False,0.0009199632014719411
historical_clip,UACANet,full_tie_groups,B,0.874171,case90_3,case90,1432,22,1423,13,0.009135628952916374,0.9937150837988827,True,True,True,False,0.009135628952916374
historical_clip,UACANet,full_tie_groups,B,0.874171,case91_2,case91,1200,512,938,250,0.26652452025586354,0.7816666666666666,False,True,False,False,0.26652452025586354
historical_clip,UACANet,full_tie_groups,B,0.874171,case91_4,case91,872,725,488,341,0.6987704918032787,0.5596330275229358,False,True,False,False,0.6987704918032787
historical_clip,UACANet,full_tie_groups,B,0.874171,case91_6,case91,944,174,876,106,0.12100456621004566,0.9279661016949152,True,True,True,False,0.12100456621004566
historical_clip,UACANet,full_tie_groups,B,0.874171,case93_1,case93,1736,160,1652,76,0.04600484261501211,0.9516129032258065,True,True,True,False,0.04600484261501211
historical_clip,UACANet,full_tie_groups,B,0.874171,case94,case94,1088,113,1025,50,0.04878048780487805,0.9420955882352942,True,True,True,False,0.04878048780487805
historical_clip,UACANet,full_tie_groups,B,0.874171,case95_2,case95,816,0,816,0,0.0,1.0,True,True,True,False,0.0
historical_clip,UACANet,full_tie_groups,B,0.874171,case95_4,case95,760,299,631,170,0.2694136291600634,0.8302631578947368,False,True,False,False,0.2694136291600634
historical_clip,UACANet,full_tie_groups,B,0.874171,case96_2,case96,1488,126,1428,66,0.046218487394957986,0.9596774193548387,True,True,True,False,0.046218487394957986
historical_clip,UACANet,full_tie_groups,B,0.874171,case97_2,case97,1232,1004,716,488,0.6815642458100558,0.5811688311688312,False,True,False,False,0.6815642458100558
historical_clip,UACANet,full_tie_groups,B,0.874171,case99,case99,1288,63,1257,32,0.02545743834526651,0.9759316770186336,True,True,True,False,0.02545743834526651
source_group,Combined,prefix,A,0.945352,case10_1,case10,3408,1357,2855,804,0.2816112084063047,0.8377347417840375,False,True,False,False,0.2816112084063047
source_group,Combined,prefix,A,0.945352,case10_2,case10,3568,992,3489,913,0.26167956434508455,0.9778587443946188,False,True,False,False,0.26167956434508455
source_group,Combined,prefix,A,0.945352,case11,case11,1808,69,1770,31,0.01751412429378531,0.9789823008849557,True,True,True,False,0.01751412429378531
source_group,Combined,prefix,A,0.945352,case13_1,case13,1568,219,1551,202,0.13023855577047067,0.9891581632653061,True,True,True,False,0.13023855577047067
source_group,Combined,prefix,A,0.945352,case13_2,case13,3280,123,3235,78,0.0241112828438949,0.9862804878048781,True,True,True,False,0.0241112828438949
source_group,Combined,prefix,A,0.945352,case13_3,case13,2816,34,2811,29,0.01031661330487371,0.9982244318181818,True,True,True,False,0.01031661330487371
source_group,Combined,prefix,A,0.945352,case19,case19,1536,1523,270,257,0.9518518518518518,0.17578125,False,False,False,False,0.9518518518518518
source_group,Combined,prefix,A,0.945352,case20_6,case20,2400,1028,1888,516,0.2733050847457627,0.7866666666666666,False,True,False,False,0.2733050847457627
source_group,Combined,prefix,A,0.945352,case20_7,case20,2720,940,2347,567,0.2415850021303792,0.8628676470588236,False,True,False,False,0.2415850021303792
source_group,Combined,prefix,A,0.945352,case20_8,case20,3728,1954,2673,899,0.3363262252151141,0.7170064377682404,False,True,False,False,0.3363262252151141
source_group,Combined,prefix,A,0.945352,case20_9,case20,2400,610,2053,263,0.12810521188504628,0.8554166666666667,True,True,True,False,0.12810521188504628
source_group,Combined,prefix,A,0.945352,case24_1,case24,2400,178,2378,156,0.0656013456686291,0.9908333333333333,True,True,True,False,0.0656013456686291
source_group,Combined,prefix,A,0.945352,case24_2,case24,2400,0,2400,0,0.0,1.0,True,True,True,False,0.0
source_group,Combined,prefix,A,0.945352,case24_3,case24,2432,0,2432,0,0.0,1.0,True,True,True,False,0.0
source_group,Combined,prefix,A,0.945352,case24_4,case24,2400,74,2395,69,0.02881002087682672,0.9979166666666667,True,True,True,False,0.02881002087682672
source_group,Combined,prefix,A,0.945352,case24_5,case24,2400,55,2390,45,0.01882845188284519,0.9958333333333333,True,True,True,False,0.01882845188284519
source_group,Combined,prefix,A,0.945352,case24_6,case24,3536,411,3400,275,0.08088235294117647,0.9615384615384616,True,True,True,False,0.08088235294117647
source_group,Combined,prefix,A,0.945352,case27,case27,3984,781,3556,353,0.09926884139482564,0.892570281124498,True,True,True,False,0.09926884139482564
source_group,Combined,prefix,A,0.945352,case31,case31,2928,58,2926,56,0.019138755980861243,0.9993169398907104,True,True,True,False,0.019138755980861243
source_group,Combined,prefix,A,0.945352,case34_1,case34,1936,549,1764,377,0.213718820861678,0.9111570247933884,False,True,False,False,0.213718820861678
source_group,Combined,prefix,A,0.945352,case34_2,case34,1984,26,1982,24,0.012108980827447022,0.998991935483871,True,True,True,False,0.012108980827447022
source_group,Combined,prefix,A,0.945352,case36_1,case36,5344,3350,4201,2207,0.5253511068793144,0.7861152694610778,False,True,False,False,0.5253511068793144
source_group,Combined,prefix,A,0.945352,case36_2,case36,2400,1799,1794,1193,0.664994425863991,0.7475,False,True,False,False,0.664994425863991
source_group,Combined,prefix,A,0.945352,case36_3,case36,3248,1704,2558,1014,0.3964034401876466,0.7875615763546798,False,True,False,False,0.3964034401876466
source_group,Combined,prefix,A,0.945352,case36_4,case36,2048,1964,1356,1272,0.9380530973451328,0.662109375,False,True,False,False,0.9380530973451328
source_group,Combined,prefix,A,0.945352,case38_2,case38,4064,1552,3466,954,0.27524523946912866,0.8528543307086615,False,True,False,False,0.27524523946912866
source_group,Combined,prefix,A,0.945352,case3_1,case3,3168,314,3046,192,0.06303348653972422,0.961489898989899,True,True,True,False,0.06303348653972422
source_group,Combined,prefix,A,0.945352,case3_2,case3,1504,663,1103,262,0.23753399818676338,0.7333776595744681,False,True,False,False,0.23753399818676338
source_group,Combined,prefix,A,0.945352,case40,case40,2544,643,2209,308,0.13942960615663197,0.8683176100628931,True,True,True,False,0.13942960615663197
source_group,Combined,prefix,A,0.945352,case43,case43,4160,269,3974,83,0.020885757423251133,0.9552884615384616,True,True,True,False,0.020885757423251133
source_group,Combined,prefix,A,0.945352,case47_2,case47,2400,118,2354,72,0.03058623619371283,0.9808333333333333,True,True,True,False,0.03058623619371283
source_group,Combined,prefix,A,0.945352,case47_3,case47,2400,0,2400,0,0.0,1.0,True,True,True,False,0.0
source_group,Combined,prefix,A,0.945352,case47_4,case47,2128,0,2128,0,0.0,1.0,True,True,True,False,0.0
source_group,Combined,prefix,A,0.945352,case47_5,case47,1952,0,1952,0,0.0,1.0,True,True,True,False,0.0
source_group,Combined,prefix,A,0.945352,case51_1,case51,2800,196,2752,148,0.05377906976744186,0.9828571428571429,True,True,True,False,0.05377906976744186
source_group,Combined,prefix,A,0.945352,case51_10,case51,3488,64,3484,60,0.01722158438576349,0.9988532110091743,True,True,True,False,0.01722158438576349
source_group,Combined,prefix,A,0.945352,case51_2,case51,4000,310,3922,232,0.059153493115757266,0.9805,True,True,True,False,0.059153493115757266
source_group,Combined,prefix,A,0.945352,case51_3,case51,3360,302,3235,177,0.05471406491499227,0.9627976190476191,True,True,True,False,0.05471406491499227
source_group,Combined,prefix,A,0.945352,case51_4,case51,2400,15,2398,13,0.005421184320266889,0.9991666666666666,True,True,True,False,0.005421184320266889
source_group,Combined,prefix,A,0.945352,case51_5,case51,2400,221,2295,116,0.050544662309368195,0.95625,True,True,True,False,0.050544662309368195
source_group,Combined,prefix,A,0.945352,case51_6,case51,2400,37,2385,22,0.009224318658280923,0.99375,True,True,True,False,0.009224318658280923
source_group,Combined,prefix,A,0.945352,case51_7,case51,2144,560,1722,138,0.08013937282229965,0.8031716417910447,True,True,True,False,0.08013937282229965
source_group,Combined,prefix,A,0.945352,case51_8,case51,2400,394,2368,362,0.15287162162162163,0.9866666666666667,False,True,False,False,0.15287162162162163
source_group,Combined,prefix,A,0.945352,case51_9,case51,2400,617,2299,516,0.22444541104828186,0.9579166666666666,False,True,False,False,0.22444541104828186
source_group,Combined,prefix,A,0.945352,case54_1,case54,3376,1710,2133,467,0.21894045944678855,0.6318127962085308,False,True,False,False,0.21894045944678855
source_group,Combined,prefix,A,0.945352,case54_2,case54,2144,350,2005,211,0.10523690773067332,0.9351679104477612,True,True,True,False,0.10523690773067332
source_group,Combined,prefix,A,0.945352,case5_4,case5,2400,19,2397,16,0.006675010429703796,0.99875,True,True,True,False,0.006675010429703796
source_group,Combined,prefix,A,0.945352,case5_6,case5,2800,187,2760,147,0.05326086956521739,0.9857142857142858,True,True,True,False,0.05326086956521739
source_group,Combined,prefix,A,0.945352,case61_2,case61,3184,534,3056,406,0.13285340314136126,0.9597989949748744,True,True,True,False,0.13285340314136126
source_group,Combined,prefix,A,0.945352,case61_3,case61,3536,203,3482,149,0.04279149913842619,0.9847285067873304,True,True,True,False,0.04279149913842619
source_group,Combined,prefix,A,0.945352,case64,case64,1296,459,1042,205,0.1967370441458733,0.8040123456790124,False,True,False,False,0.1967370441458733
source_group,Combined,prefix,A,0.945352,case67,case67,3056,1318,2326,588,0.2527944969905417,0.7611256544502618,False,True,False,False,0.2527944969905417
source_group,Combined,prefix,A,0.945352,case6_2,case6,2400,2227,919,746,0.8117519042437432,0.3829166666666667,False,False,False,False,0.8117519042437432
source_group,Combined,prefix,A,0.945352,case6_3,case6,3360,3132,1032,804,0.7790697674418605,0.30714285714285716,False,False,False,False,0.7790697674418605
source_group,Combined,prefix,A,0.945352,case71_1,case71,2048,647,1741,340,0.19529006318207925,0.85009765625,False,True,False,False,0.19529006318207925
source_group,Combined,prefix,A,0.945352,case71_2,case71,2400,785,1999,384,0.192096048024012,0.8329166666666666,False,True,False,False,0.192096048024012
source_group,Combined,prefix,A,0.945352,case71_5,case71,3616,89,3559,32,0.00899128968811464,0.9842367256637168,True,True,True,False,0.00899128968811464
source_group,Combined,prefix,A,0.945352,case74_1,case74,2512,1111,1878,477,0.2539936102236422,0.7476114649681529,False,True,False,False,0.2539936102236422
source_group,Combined,prefix,A,0.945352,case74_2,case74,1904,41,1888,25,0.013241525423728813,0.9915966386554622,True,True,True,False,0.013241525423728813
source_group,Combined,prefix,A,0.945352,case79,case79,1216,934,548,266,0.4854014598540146,0.4506578947368421,False,False,False,False,0.4854014598540146
source_group,Combined,prefix,A,0.945352,case7_2,case7,2096,98,2047,49,0.023937469467513434,0.9766221374045801,True,True,True,False,0.023937469467513434
source_group,Combined,prefix,A,0.945352,case80_1,case80,2560,151,2504,95,0.03793929712460064,0.978125,True,True,True,False,0.03793929712460064
source_group,Combined,prefix,A,0.945352,case80_2,case80,2400,11,2395,6,0.0025052192066805845,0.9979166666666667,True,True,True,False,0.0025052192066805845
source_group,Combined,prefix,A,0.945352,case80_3,case80,2400,0,2400,0,0.0,1.0,True,True,True,False,0.0
source_group,Combined,prefix,A,0.945352,case80_4,case80,2400,0,2400,0,0.0,1.0,True,True,True,False,0.0
source_group,Combined,prefix,A,0.945352,case80_5,case80,2192,0,2192,0,0.0,1.0,True,True,True,False,0.0
source_group,Combined,prefix,A,0.945352,case80_6,case80,2400,0,2400,0,0.0,1.0,True,True,True,False,0.0
source_group,Combined,prefix,A,0.945352,case80_7,case80,2400,0,2400,0,0.0,1.0,True,True,True,False,0.0
source_group,Combined,prefix,A,0.945352,case80_8,case80,2320,6,2317,3,0.001294777729823047,0.9987068965517242,True,True,True,False,0.001294777729823047
source_group,Combined,prefix,A,0.945352,case83_2,case83,6048,117,6041,110,0.01820890581029631,0.9988425925925926,True,True,True,False,0.01820890581029631
source_group,Combined,prefix,A,0.945352,case83_3,case83,2144,0,2144,0,0.0,1.0,True,True,True,False,0.0
source_group,Combined,prefix,A,0.945352,case85_7,case85,2400,1069,1787,456,0.25517627308338,0.7445833333333334,False,True,False,False,0.25517627308338
source_group,Combined,prefix,A,0.945352,case85_8,case85,3520,762,3104,346,0.11146907216494846,0.8818181818181818,True,True,True,False,0.11146907216494846
source_group,Combined,prefix,A,0.945352,case89,case89,2384,264,2372,252,0.10623946037099494,0.9949664429530202,True,True,True,False,0.10623946037099494
source_group,Combined,prefix,A,0.945352,case90_1,case90,2400,42,2377,19,0.007993268826251577,0.9904166666666666,True,True,True,False,0.007993268826251577
source_group,Combined,prefix,A,0.945352,case90_3,case90,2864,149,2795,80,0.028622540250447227,0.9759078212290503,True,True,True,False,0.028622540250447227
source_group,Combined,prefix,A,0.945352,case93_1,case93,3472,359,3282,169,0.05149299207800122,0.9452764976958525,True,True,True,False,0.05149299207800122
source_group,Combined,prefix,A,0.945352,case93_2,case93,3760,379,3553,172,0.0484097945398255,0.9449468085106383,True,True,True,False,0.0484097945398255
source_group,Combined,prefix,A,0.945352,case95_1,case95,4144,999,3766,621,0.16489644184811472,0.9087837837837838,False,True,False,False,0.16489644184811472
source_group,Combined,prefix,A,0.945352,case95_2,case95,1632,0,1632,0,0.0,1.0,True,True,True,False,0.0
source_group,Combined,prefix,A,0.945352,case95_3,case95,2400,2378,291,269,0.9243986254295533,0.12125,False,False,False,False,0.9243986254295533
source_group,Combined,prefix,A,0.945352,case95_4,case95,1520,570,1267,317,0.250197316495659,0.8335526315789473,False,True,False,False,0.250197316495659
source_group,Combined,prefix,A,0.945352,case97_1,case97,2400,2125,1209,934,0.7725392886683209,0.50375,False,True,False,False,0.7725392886683209
source_group,Combined,prefix,A,0.945352,case97_2,case97,2464,1901,1484,921,0.6206199460916442,0.6022727272727273,False,True,False,False,0.6206199460916442
source_group,Combined,prefix,A,0.945352,case97_3,case97,2032,837,1741,546,0.31361286616886846,0.8567913385826772,False,True,False,False,0.31361286616886846
source_group,Combined,prefix,B,0.803233,case100,case100,3008,133,2969,94,0.03166049174806332,0.9870345744680851,True,True,True,False,0.03166049174806332
source_group,Combined,prefix,B,0.803233,case12_1,case12,2944,223,2810,89,0.031672597864768684,0.954483695652174,True,True,True,False,0.031672597864768684
source_group,Combined,prefix,B,0.803233,case12_2,case12,3968,869,3375,276,0.08177777777777778,0.850554435483871,True,True,True,False,0.08177777777777778
source_group,Combined,prefix,B,0.803233,case12_3,case12,1696,0,1696,0,0.0,1.0,True,True,True,False,0.0
source_group,Combined,prefix,B,0.803233,case14_1,case14,2400,2346,600,546,0.91,0.25,False,False,False,False,0.91
source_group,Combined,prefix,B,0.803233,case14_2,case14,2400,2376,592,568,0.9594594594594594,0.24666666666666667,False,False,False,False,0.9594594594594594
source_group,Combined,prefix,B,0.803233,case14_3,case14,6048,5392,1803,1147,0.6361619523017193,0.29811507936507936,False,False,False,False,0.6361619523017193
source_group,Combined,prefix,B,0.803233,case14_4,case14,2320,2114,1052,846,0.8041825095057035,0.453448275862069,False,False,False,False,0.8041825095057035
source_group,Combined,prefix,B,0.803233,case14_5,case14,2560,2219,1227,886,0.7220863895680522,0.479296875,False,False,False,False,0.7220863895680522
source_group,Combined,prefix,B,0.803233,case14_6,case14,3200,3098,798,696,0.8721804511278195,0.249375,False,False,False,False,0.8721804511278195
source_group,Combined,prefix,B,0.803233,case1_2,case1,3456,3,3453,0,0.0,0.9991319444444444,True,True,True,False,0.0
source_group,Combined,prefix,B,0.803233,case23,case23,2912,751,2557,396,0.15486898709425106,0.8780906593406593,False,True,False,False,0.15486898709425106
source_group,Combined,prefix,B,0.803233,case25_2,case25,2176,101,2135,60,0.02810304449648712,0.9811580882352942,True,True,True,False,0.02810304449648712
source_group,Combined,prefix,B,0.803233,case29_1,case29,3424,463,3171,210,0.06622516556291391,0.9261098130841121,True,True,True,False,0.06622516556291391
source_group,Combined,prefix,B,0.803233,case29_2,case29,2608,48,2590,30,0.011583011583011582,0.9930981595092024,True,True,True,False,0.011583011583011582
source_group,Combined,prefix,B,0.803233,case2_3,case2,2400,0,2400,0,0.0,1.0,True,True,True,False,0.0
source_group,Combined,prefix,B,0.803233,case2_5,case2,2736,51,2724,39,0.014317180616740088,0.9956140350877193,True,True,True,False,0.014317180616740088
source_group,Combined,prefix,B,0.803233,case2_6,case2,1584,0,1584,0,0.0,1.0,True,True,True,False,0.0
source_group,Combined,prefix,B,0.803233,case2_8,case2,2896,102,2844,50,0.017580872011251757,0.9820441988950276,True,True,True,False,0.017580872011251757
source_group,Combined,prefix,B,0.803233,case2_9,case2,1792,0,1792,0,0.0,1.0,True,True,True,False,0.0
source_group,Combined,prefix,B,0.803233,case30,case30,3584,140,3512,68,0.0193621867881549,0.9799107142857143,True,True,True,False,0.0193621867881549
source_group,Combined,prefix,B,0.803233,case32_1,case32,3360,85,3327,52,0.01562969642320409,0.9901785714285715,True,True,True,False,0.01562969642320409
source_group,Combined,prefix,B,0.803233,case32_2,case32,1600,7,1600,7,0.004375,1.0,True,True,True,False,0.004375
source_group,Combined,prefix,B,0.803233,case32_3,case32,2640,480,2421,261,0.10780669144981413,0.9170454545454545,True,True,True,False,0.10780669144981413
source_group,Combined,prefix,B,0.803233,case32_4,case32,2960,459,2721,220,0.08085262771040058,0.9192567567567568,True,True,True,False,0.08085262771040058
source_group,Combined,prefix,B,0.803233,case32_5,case32,2400,25,2388,13,0.005443886097152429,0.995,True,True,True,False,0.005443886097152429
source_group,Combined,prefix,B,0.803233,case32_6,case32,2736,36,2725,25,0.009174311926605505,0.9959795321637427,True,True,True,False,0.009174311926605505
source_group,Combined,prefix,B,0.803233,case35_1,case35,2960,12,2960,12,0.004054054054054054,1.0,True,True,True,False,0.004054054054054054
source_group,Combined,prefix,B,0.803233,case35_2,case35,1440,0,1440,0,0.0,1.0,True,True,True,False,0.0
source_group,Combined,prefix,B,0.803233,case35_3,case35,3088,446,3055,413,0.13518821603927986,0.9893134715025906,True,True,True,False,0.13518821603927986
source_group,Combined,prefix,B,0.803233,case35_8,case35,1856,369,1835,348,0.1896457765667575,0.9886853448275862,False,True,False,False,0.1896457765667575
source_group,Combined,prefix,B,0.803233,case37_1,case37,2992,58,2960,26,0.008783783783783784,0.9893048128342246,True,True,True,False,0.008783783783783784
source_group,Combined,prefix,B,0.803233,case37_2,case37,2544,213,2454,123,0.05012224938875306,0.964622641509434,True,True,True,False,0.05012224938875306
source_group,Combined,prefix,B,0.803233,case37_3,case37,1632,0,1632,0,0.0,1.0,True,True,True,False,0.0
source_group,Combined,prefix,B,0.803233,case39_1,case39,4704,917,4303,516,0.11991633743899605,0.9147534013605442,True,True,True,False,0.11991633743899605
source_group,Combined,prefix,B,0.803233,case39_2,case39,4320,517,4115,312,0.07582017010935602,0.9525462962962963,True,True,True,False,0.07582017010935602
source_group,Combined,prefix,B,0.803233,case39_3,case39,2384,79,2370,65,0.027426160337552744,0.9941275167785235,True,True,True,False,0.027426160337552744
source_group,Combined,prefix,B,0.803233,case42,case42,4288,820,3806,338,0.08880714661061481,0.8875932835820896,True,True,True,False,0.08880714661061481
source_group,Combined,prefix,B,0.803233,case44_1,case44,2400,976,1633,209,0.12798530312308634,0.6804166666666667,True,True,True,False,0.12798530312308634
source_group,Combined,prefix,B,0.803233,case48,case48,2816,649,2397,230,0.09595327492699207,0.8512073863636364,True,True,True,False,0.09595327492699207
source_group,Combined,prefix,B,0.803233,case50_1,case50,3248,452,3113,317,0.10183103115965307,0.958435960591133,True,True,True,False,0.10183103115965307
source_group,Combined,prefix,B,0.803233,case50_2,case50,2400,14,2398,12,0.0050041701417848205,0.9991666666666666,True,True,True,False,0.0050041701417848205
source_group,Combined,prefix,B,0.803233,case50_3,case50,2400,1,2400,1,0.0004166666666666667,1.0,True,True,True,False,0.0004166666666666667
source_group,Combined,prefix,B,0.803233,case50_4,case50,3792,273,3672,153,0.041666666666666664,0.9683544303797469,True,True,True,False,0.041666666666666664
source_group,Combined,prefix,B,0.803233,case52,case52,3312,221,3211,120,0.03737153534724385,0.9695048309178744,True,True,True,False,0.03737153534724385
source_group,Combined,prefix,B,0.803233,case56_1,case56,2400,126,2344,70,0.029863481228668942,0.9766666666666667,True,True,True,False,0.029863481228668942
source_group,Combined,prefix,B,0.803233,case56_2,case56,1568,0,1568,0,0.0,1.0,True,True,True,False,0.0
source_group,Combined,prefix,B,0.803233,case60,case60,2336,1658,1484,806,0.5431266846361186,0.6352739726027398,False,True,False,False,0.5431266846361186
source_group,Combined,prefix,B,0.803233,case63_2,case63,2128,10,2126,8,0.0037629350893697085,0.9990601503759399,True,True,True,False,0.0037629350893697085
source_group,Combined,prefix,B,0.803233,case63_3,case63,2768,68,2738,38,0.013878743608473338,0.9891618497109826,True,True,True,False,0.013878743608473338
source_group,Combined,prefix,B,0.803233,case66_2,case66,5168,18,5164,14,0.002711076684740511,0.9992260061919505,True,True,True,False,0.002711076684740511
source_group,Combined,prefix,B,0.803233,case66_3,case66,2400,2,2399,1,0.00041684035014589413,0.9995833333333334,True,True,True,False,0.00041684035014589413
source_group,Combined,prefix,B,0.803233,case66_4,case66,3776,0,3776,0,0.0,1.0,True,True,True,False,0.0
source_group,Combined,prefix,B,0.803233,case66_5,case66,2400,5,2398,3,0.0012510425354462051,0.9991666666666666,True,True,True,False,0.0012510425354462051
source_group,Combined,prefix,B,0.803233,case66_6,case66,2144,0,2144,0,0.0,1.0,True,True,True,False,0.0
source_group,Combined,prefix,B,0.803233,case66_8,case66,2400,2,2400,2,0.0008333333333333334,1.0,True,True,True,False,0.0008333333333333334
source_group,Combined,prefix,B,0.803233,case66_9,case66,3200,8,3194,2,0.0006261740763932373,0.998125,True,True,True,False,0.0006261740763932373
source_group,Combined,prefix,B,0.803233,case68_1,case68,2624,238,2546,160,0.06284367635506677,0.9702743902439024,True,True,True,False,0.06284367635506677
source_group,Combined,prefix,B,0.803233,case68_2,case68,2880,473,2756,349,0.12663280116110304,0.9569444444444445,True,True,True,False,0.12663280116110304
source_group,Combined,prefix,B,0.803233,case68_3,case68,2608,584,2332,308,0.1320754716981132,0.8941717791411042,True,True,True,False,0.1320754716981132
source_group,Combined,prefix,B,0.803233,case68_4,case68,3648,97,3623,72,0.019873033397736682,0.9931469298245614,True,True,True,False,0.019873033397736682
source_group,Combined,prefix,B,0.803233,case68_5,case68,2400,109,2376,85,0.03577441077441077,0.99,True,True,True,False,0.03577441077441077
source_group,Combined,prefix,B,0.803233,case68_6,case68,3264,285,3146,167,0.05308328035600763,0.9638480392156863,True,True,True,False,0.05308328035600763
source_group,Combined,prefix,B,0.803233,case68_7,case68,3680,686,3297,303,0.09190172884440401,0.8959239130434783,True,True,True,False,0.09190172884440401
source_group,Combined,prefix,B,0.803233,case70,case70,4224,94,4179,49,0.011725293132328308,0.9893465909090909,True,True,True,False,0.011725293132328308
source_group,Combined,prefix,B,0.803233,case72_1,case72,3536,55,3510,29,0.008262108262108263,0.9926470588235294,True,True,True,False,0.008262108262108263
source_group,Combined,prefix,B,0.803233,case72_3,case72,1664,0,1664,0,0.0,1.0,True,True,True,False,0.0
source_group,Combined,prefix,B,0.803233,case72_4,case72,3440,860,2762,182,0.06589427950760318,0.8029069767441861,True,True,True,False,0.06589427950760318
source_group,Combined,prefix,B,0.803233,case75_1,case75,2400,343,2127,70,0.032910202162670425,0.88625,True,True,True,False,0.032910202162670425
source_group,Combined,prefix,B,0.803233,case81_1,case81,2448,2,2448,2,0.0008169934640522876,1.0,True,True,True,False,0.0008169934640522876
source_group,Combined,prefix,B,0.803233,case81_2,case81,4384,119,4285,20,0.004667444574095682,0.9774178832116789,True,True,True,False,0.004667444574095682
source_group,Combined,prefix,B,0.803233,case84,case84,3488,1313,2731,556,0.20358842914683267,0.7829701834862385,False,True,False,False,0.20358842914683267
source_group,Combined,prefix,B,0.803233,case86_1,case86,2400,199,2227,26,0.011674898967220475,0.9279166666666666,True,True,True,False,0.011674898967220475
source_group,Combined,prefix,B,0.803233,case86_2,case86,1712,3,1711,2,0.0011689070718877848,0.9994158878504673,True,True,True,False,0.0011689070718877848
source_group,Combined,prefix,B,0.803233,case8_1,case8,1840,53,1816,29,0.015969162995594713,0.9869565217391304,True,True,True,False,0.015969162995594713
source_group,Combined,prefix,B,0.803233,case8_2,case8,2256,6,2256,6,0.0026595744680851063,1.0,True,True,True,False,0.0026595744680851063
source_group,Combined,prefix,B,0.803233,case9,case9,2176,12,2170,6,0.0027649769585253456,0.9972426470588235,True,True,True,False,0.0027649769585253456
source_group,Combined,prefix,B,0.803233,case91_1,case91,2400,1462,1412,474,0.3356940509915014,0.5883333333333334,False,True,False,False,0.3356940509915014
source_group,Combined,prefix,B,0.803233,case91_2,case91,2400,974,1802,376,0.20865704772475027,0.7508333333333334,False,True,False,False,0.20865704772475027
source_group,Combined,prefix,B,0.803233,case91_3,case91,2400,2218,663,481,0.7254901960784313,0.27625,False,False,False,False,0.7254901960784313
source_group,Combined,prefix,B,0.803233,case91_4,case91,1744,1505,647,408,0.6306027820710973,0.3709862385321101,False,False,False,False,0.6306027820710973
source_group,Combined,prefix,B,0.803233,case91_5,case91,2400,1060,1853,513,0.2768483540205073,0.7720833333333333,False,True,False,False,0.2768483540205073
source_group,Combined,prefix,B,0.803233,case91_6,case91,1888,277,1756,145,0.08257403189066059,0.9300847457627118,True,True,True,False,0.08257403189066059
source_group,Combined,prefix,B,0.803233,case91_7,case91,3744,370,3535,161,0.04554455445544554,0.9441773504273504,True,True,True,False,0.04554455445544554
source_group,Combined,prefix,B,0.803233,case94,case94,2176,220,2088,132,0.06321839080459771,0.9595588235294118,True,True,True,False,0.06321839080459771
source_group,Combined,prefix,B,0.803233,case96_1,case96,1840,1220,813,193,0.23739237392373924,0.4418478260869565,False,False,False,False,0.23739237392373924
source_group,Combined,prefix,B,0.803233,case96_2,case96,2976,431,2681,136,0.05072734054457292,0.9008736559139785,True,True,True,False,0.05072734054457292
source_group,Combined,prefix,B,0.803233,case99,case99,2576,250,2402,76,0.03164029975020816,0.9324534161490683,True,True,True,False,0.03164029975020816
source_group,Combined,full_tie_groups,A,0.945352,case10_1,case10,3408,1357,2855,804,0.2816112084063047,0.8377347417840375,False,True,False,False,0.2816112084063047
source_group,Combined,full_tie_groups,A,0.945352,case10_2,case10,3568,992,3489,913,0.26167956434508455,0.9778587443946188,False,True,False,False,0.26167956434508455
source_group,Combined,full_tie_groups,A,0.945352,case11,case11,1808,69,1770,31,0.01751412429378531,0.9789823008849557,True,True,True,False,0.01751412429378531
source_group,Combined,full_tie_groups,A,0.945352,case13_1,case13,1568,219,1551,202,0.13023855577047067,0.9891581632653061,True,True,True,False,0.13023855577047067
source_group,Combined,full_tie_groups,A,0.945352,case13_2,case13,3280,123,3235,78,0.0241112828438949,0.9862804878048781,True,True,True,False,0.0241112828438949
source_group,Combined,full_tie_groups,A,0.945352,case13_3,case13,2816,34,2811,29,0.01031661330487371,0.9982244318181818,True,True,True,False,0.01031661330487371
source_group,Combined,full_tie_groups,A,0.945352,case19,case19,1536,1523,270,257,0.9518518518518518,0.17578125,False,False,False,False,0.9518518518518518
source_group,Combined,full_tie_groups,A,0.945352,case20_6,case20,2400,1028,1888,516,0.2733050847457627,0.7866666666666666,False,True,False,False,0.2733050847457627
source_group,Combined,full_tie_groups,A,0.945352,case20_7,case20,2720,940,2347,567,0.2415850021303792,0.8628676470588236,False,True,False,False,0.2415850021303792
source_group,Combined,full_tie_groups,A,0.945352,case20_8,case20,3728,1954,2673,899,0.3363262252151141,0.7170064377682404,False,True,False,False,0.3363262252151141
source_group,Combined,full_tie_groups,A,0.945352,case20_9,case20,2400,610,2053,263,0.12810521188504628,0.8554166666666667,True,True,True,False,0.12810521188504628
source_group,Combined,full_tie_groups,A,0.945352,case24_1,case24,2400,178,2378,156,0.0656013456686291,0.9908333333333333,True,True,True,False,0.0656013456686291
source_group,Combined,full_tie_groups,A,0.945352,case24_2,case24,2400,0,2400,0,0.0,1.0,True,True,True,False,0.0
source_group,Combined,full_tie_groups,A,0.945352,case24_3,case24,2432,0,2432,0,0.0,1.0,True,True,True,False,0.0
source_group,Combined,full_tie_groups,A,0.945352,case24_4,case24,2400,74,2395,69,0.02881002087682672,0.9979166666666667,True,True,True,False,0.02881002087682672
source_group,Combined,full_tie_groups,A,0.945352,case24_5,case24,2400,55,2390,45,0.01882845188284519,0.9958333333333333,True,True,True,False,0.01882845188284519
source_group,Combined,full_tie_groups,A,0.945352,case24_6,case24,3536,411,3400,275,0.08088235294117647,0.9615384615384616,True,True,True,False,0.08088235294117647
source_group,Combined,full_tie_groups,A,0.945352,case27,case27,3984,781,3556,353,0.09926884139482564,0.892570281124498,True,True,True,False,0.09926884139482564
source_group,Combined,full_tie_groups,A,0.945352,case31,case31,2928,58,2926,56,0.019138755980861243,0.9993169398907104,True,True,True,False,0.019138755980861243
source_group,Combined,full_tie_groups,A,0.945352,case34_1,case34,1936,549,1764,377,0.213718820861678,0.9111570247933884,False,True,False,False,0.213718820861678
source_group,Combined,full_tie_groups,A,0.945352,case34_2,case34,1984,26,1982,24,0.012108980827447022,0.998991935483871,True,True,True,False,0.012108980827447022
source_group,Combined,full_tie_groups,A,0.945352,case36_1,case36,5344,3350,4201,2207,0.5253511068793144,0.7861152694610778,False,True,False,False,0.5253511068793144
source_group,Combined,full_tie_groups,A,0.945352,case36_2,case36,2400,1799,1794,1193,0.664994425863991,0.7475,False,True,False,False,0.664994425863991
source_group,Combined,full_tie_groups,A,0.945352,case36_3,case36,3248,1704,2558,1014,0.3964034401876466,0.7875615763546798,False,True,False,False,0.3964034401876466
source_group,Combined,full_tie_groups,A,0.945352,case36_4,case36,2048,1964,1356,1272,0.9380530973451328,0.662109375,False,True,False,False,0.9380530973451328
source_group,Combined,full_tie_groups,A,0.945352,case38_2,case38,4064,1552,3466,954,0.27524523946912866,0.8528543307086615,False,True,False,False,0.27524523946912866
source_group,Combined,full_tie_groups,A,0.945352,case3_1,case3,3168,314,3046,192,0.06303348653972422,0.961489898989899,True,True,True,False,0.06303348653972422
source_group,Combined,full_tie_groups,A,0.945352,case3_2,case3,1504,663,1103,262,0.23753399818676338,0.7333776595744681,False,True,False,False,0.23753399818676338
source_group,Combined,full_tie_groups,A,0.945352,case40,case40,2544,643,2209,308,0.13942960615663197,0.8683176100628931,True,True,True,False,0.13942960615663197
source_group,Combined,full_tie_groups,A,0.945352,case43,case43,4160,269,3974,83,0.020885757423251133,0.9552884615384616,True,True,True,False,0.020885757423251133
source_group,Combined,full_tie_groups,A,0.945352,case47_2,case47,2400,118,2354,72,0.03058623619371283,0.9808333333333333,True,True,True,False,0.03058623619371283
source_group,Combined,full_tie_groups,A,0.945352,case47_3,case47,2400,0,2400,0,0.0,1.0,True,True,True,False,0.0
source_group,Combined,full_tie_groups,A,0.945352,case47_4,case47,2128,0,2128,0,0.0,1.0,True,True,True,False,0.0
source_group,Combined,full_tie_groups,A,0.945352,case47_5,case47,1952,0,1952,0,0.0,1.0,True,True,True,False,0.0
source_group,Combined,full_tie_groups,A,0.945352,case51_1,case51,2800,196,2752,148,0.05377906976744186,0.9828571428571429,True,True,True,False,0.05377906976744186
source_group,Combined,full_tie_groups,A,0.945352,case51_10,case51,3488,64,3484,60,0.01722158438576349,0.9988532110091743,True,True,True,False,0.01722158438576349
source_group,Combined,full_tie_groups,A,0.945352,case51_2,case51,4000,310,3922,232,0.059153493115757266,0.9805,True,True,True,False,0.059153493115757266
source_group,Combined,full_tie_groups,A,0.945352,case51_3,case51,3360,302,3235,177,0.05471406491499227,0.9627976190476191,True,True,True,False,0.05471406491499227
source_group,Combined,full_tie_groups,A,0.945352,case51_4,case51,2400,15,2398,13,0.005421184320266889,0.9991666666666666,True,True,True,False,0.005421184320266889
source_group,Combined,full_tie_groups,A,0.945352,case51_5,case51,2400,221,2295,116,0.050544662309368195,0.95625,True,True,True,False,0.050544662309368195
source_group,Combined,full_tie_groups,A,0.945352,case51_6,case51,2400,37,2385,22,0.009224318658280923,0.99375,True,True,True,False,0.009224318658280923
source_group,Combined,full_tie_groups,A,0.945352,case51_7,case51,2144,560,1722,138,0.08013937282229965,0.8031716417910447,True,True,True,False,0.08013937282229965
source_group,Combined,full_tie_groups,A,0.945352,case51_8,case51,2400,394,2368,362,0.15287162162162163,0.9866666666666667,False,True,False,False,0.15287162162162163
source_group,Combined,full_tie_groups,A,0.945352,case51_9,case51,2400,617,2299,516,0.22444541104828186,0.9579166666666666,False,True,False,False,0.22444541104828186
source_group,Combined,full_tie_groups,A,0.945352,case54_1,case54,3376,1710,2133,467,0.21894045944678855,0.6318127962085308,False,True,False,False,0.21894045944678855
source_group,Combined,full_tie_groups,A,0.945352,case54_2,case54,2144,350,2005,211,0.10523690773067332,0.9351679104477612,True,True,True,False,0.10523690773067332
source_group,Combined,full_tie_groups,A,0.945352,case5_4,case5,2400,19,2397,16,0.006675010429703796,0.99875,True,True,True,False,0.006675010429703796
source_group,Combined,full_tie_groups,A,0.945352,case5_6,case5,2800,187,2760,147,0.05326086956521739,0.9857142857142858,True,True,True,False,0.05326086956521739
source_group,Combined,full_tie_groups,A,0.945352,case61_2,case61,3184,534,3056,406,0.13285340314136126,0.9597989949748744,True,True,True,False,0.13285340314136126
source_group,Combined,full_tie_groups,A,0.945352,case61_3,case61,3536,203,3482,149,0.04279149913842619,0.9847285067873304,True,True,True,False,0.04279149913842619
source_group,Combined,full_tie_groups,A,0.945352,case64,case64,1296,459,1042,205,0.1967370441458733,0.8040123456790124,False,True,False,False,0.1967370441458733
source_group,Combined,full_tie_groups,A,0.945352,case67,case67,3056,1318,2326,588,0.2527944969905417,0.7611256544502618,False,True,False,False,0.2527944969905417
source_group,Combined,full_tie_groups,A,0.945352,case6_2,case6,2400,2227,919,746,0.8117519042437432,0.3829166666666667,False,False,False,False,0.8117519042437432
source_group,Combined,full_tie_groups,A,0.945352,case6_3,case6,3360,3132,1032,804,0.7790697674418605,0.30714285714285716,False,False,False,False,0.7790697674418605
source_group,Combined,full_tie_groups,A,0.945352,case71_1,case71,2048,647,1741,340,0.19529006318207925,0.85009765625,False,True,False,False,0.19529006318207925
source_group,Combined,full_tie_groups,A,0.945352,case71_2,case71,2400,785,1999,384,0.192096048024012,0.8329166666666666,False,True,False,False,0.192096048024012
source_group,Combined,full_tie_groups,A,0.945352,case71_5,case71,3616,89,3559,32,0.00899128968811464,0.9842367256637168,True,True,True,False,0.00899128968811464
source_group,Combined,full_tie_groups,A,0.945352,case74_1,case74,2512,1111,1878,477,0.2539936102236422,0.7476114649681529,False,True,False,False,0.2539936102236422
source_group,Combined,full_tie_groups,A,0.945352,case74_2,case74,1904,41,1888,25,0.013241525423728813,0.9915966386554622,True,True,True,False,0.013241525423728813
source_group,Combined,full_tie_groups,A,0.945352,case79,case79,1216,934,548,266,0.4854014598540146,0.4506578947368421,False,False,False,False,0.4854014598540146
source_group,Combined,full_tie_groups,A,0.945352,case7_2,case7,2096,98,2047,49,0.023937469467513434,0.9766221374045801,True,True,True,False,0.023937469467513434
source_group,Combined,full_tie_groups,A,0.945352,case80_1,case80,2560,151,2504,95,0.03793929712460064,0.978125,True,True,True,False,0.03793929712460064
source_group,Combined,full_tie_groups,A,0.945352,case80_2,case80,2400,11,2395,6,0.0025052192066805845,0.9979166666666667,True,True,True,False,0.0025052192066805845
source_group,Combined,full_tie_groups,A,0.945352,case80_3,case80,2400,0,2400,0,0.0,1.0,True,True,True,False,0.0
source_group,Combined,full_tie_groups,A,0.945352,case80_4,case80,2400,0,2400,0,0.0,1.0,True,True,True,False,0.0
source_group,Combined,full_tie_groups,A,0.945352,case80_5,case80,2192,0,2192,0,0.0,1.0,True,True,True,False,0.0
source_group,Combined,full_tie_groups,A,0.945352,case80_6,case80,2400,0,2400,0,0.0,1.0,True,True,True,False,0.0
source_group,Combined,full_tie_groups,A,0.945352,case80_7,case80,2400,0,2400,0,0.0,1.0,True,True,True,False,0.0
source_group,Combined,full_tie_groups,A,0.945352,case80_8,case80,2320,6,2317,3,0.001294777729823047,0.9987068965517242,True,True,True,False,0.001294777729823047
source_group,Combined,full_tie_groups,A,0.945352,case83_2,case83,6048,117,6041,110,0.01820890581029631,0.9988425925925926,True,True,True,False,0.01820890581029631
source_group,Combined,full_tie_groups,A,0.945352,case83_3,case83,2144,0,2144,0,0.0,1.0,True,True,True,False,0.0
source_group,Combined,full_tie_groups,A,0.945352,case85_7,case85,2400,1069,1787,456,0.25517627308338,0.7445833333333334,False,True,False,False,0.25517627308338
source_group,Combined,full_tie_groups,A,0.945352,case85_8,case85,3520,762,3104,346,0.11146907216494846,0.8818181818181818,True,True,True,False,0.11146907216494846
source_group,Combined,full_tie_groups,A,0.945352,case89,case89,2384,264,2372,252,0.10623946037099494,0.9949664429530202,True,True,True,False,0.10623946037099494
source_group,Combined,full_tie_groups,A,0.945352,case90_1,case90,2400,42,2377,19,0.007993268826251577,0.9904166666666666,True,True,True,False,0.007993268826251577
source_group,Combined,full_tie_groups,A,0.945352,case90_3,case90,2864,149,2795,80,0.028622540250447227,0.9759078212290503,True,True,True,False,0.028622540250447227
source_group,Combined,full_tie_groups,A,0.945352,case93_1,case93,3472,359,3282,169,0.05149299207800122,0.9452764976958525,True,True,True,False,0.05149299207800122
source_group,Combined,full_tie_groups,A,0.945352,case93_2,case93,3760,379,3553,172,0.0484097945398255,0.9449468085106383,True,True,True,False,0.0484097945398255
source_group,Combined,full_tie_groups,A,0.945352,case95_1,case95,4144,999,3766,621,0.16489644184811472,0.9087837837837838,False,True,False,False,0.16489644184811472
source_group,Combined,full_tie_groups,A,0.945352,case95_2,case95,1632,0,1632,0,0.0,1.0,True,True,True,False,0.0
source_group,Combined,full_tie_groups,A,0.945352,case95_3,case95,2400,2378,291,269,0.9243986254295533,0.12125,False,False,False,False,0.9243986254295533
source_group,Combined,full_tie_groups,A,0.945352,case95_4,case95,1520,570,1267,317,0.250197316495659,0.8335526315789473,False,True,False,False,0.250197316495659
source_group,Combined,full_tie_groups,A,0.945352,case97_1,case97,2400,2125,1209,934,0.7725392886683209,0.50375,False,True,False,False,0.7725392886683209
source_group,Combined,full_tie_groups,A,0.945352,case97_2,case97,2464,1901,1484,921,0.6206199460916442,0.6022727272727273,False,True,False,False,0.6206199460916442
source_group,Combined,full_tie_groups,A,0.945352,case97_3,case97,2032,837,1741,546,0.31361286616886846,0.8567913385826772,False,True,False,False,0.31361286616886846
source_group,Combined,full_tie_groups,B,0.803233,case100,case100,3008,133,2969,94,0.03166049174806332,0.9870345744680851,True,True,True,False,0.03166049174806332
source_group,Combined,full_tie_groups,B,0.803233,case12_1,case12,2944,223,2810,89,0.031672597864768684,0.954483695652174,True,True,True,False,0.031672597864768684
source_group,Combined,full_tie_groups,B,0.803233,case12_2,case12,3968,869,3375,276,0.08177777777777778,0.850554435483871,True,True,True,False,0.08177777777777778
source_group,Combined,full_tie_groups,B,0.803233,case12_3,case12,1696,0,1696,0,0.0,1.0,True,True,True,False,0.0
source_group,Combined,full_tie_groups,B,0.803233,case14_1,case14,2400,2346,600,546,0.91,0.25,False,False,False,False,0.91
source_group,Combined,full_tie_groups,B,0.803233,case14_2,case14,2400,2376,592,568,0.9594594594594594,0.24666666666666667,False,False,False,False,0.9594594594594594
source_group,Combined,full_tie_groups,B,0.803233,case14_3,case14,6048,5392,1803,1147,0.6361619523017193,0.29811507936507936,False,False,False,False,0.6361619523017193
source_group,Combined,full_tie_groups,B,0.803233,case14_4,case14,2320,2114,1052,846,0.8041825095057035,0.453448275862069,False,False,False,False,0.8041825095057035
source_group,Combined,full_tie_groups,B,0.803233,case14_5,case14,2560,2219,1227,886,0.7220863895680522,0.479296875,False,False,False,False,0.7220863895680522
source_group,Combined,full_tie_groups,B,0.803233,case14_6,case14,3200,3098,798,696,0.8721804511278195,0.249375,False,False,False,False,0.8721804511278195
source_group,Combined,full_tie_groups,B,0.803233,case1_2,case1,3456,3,3453,0,0.0,0.9991319444444444,True,True,True,False,0.0
source_group,Combined,full_tie_groups,B,0.803233,case23,case23,2912,751,2557,396,0.15486898709425106,0.8780906593406593,False,True,False,False,0.15486898709425106
source_group,Combined,full_tie_groups,B,0.803233,case25_2,case25,2176,101,2135,60,0.02810304449648712,0.9811580882352942,True,True,True,False,0.02810304449648712
source_group,Combined,full_tie_groups,B,0.803233,case29_1,case29,3424,463,3171,210,0.06622516556291391,0.9261098130841121,True,True,True,False,0.06622516556291391
source_group,Combined,full_tie_groups,B,0.803233,case29_2,case29,2608,48,2590,30,0.011583011583011582,0.9930981595092024,True,True,True,False,0.011583011583011582
source_group,Combined,full_tie_groups,B,0.803233,case2_3,case2,2400,0,2400,0,0.0,1.0,True,True,True,False,0.0
source_group,Combined,full_tie_groups,B,0.803233,case2_5,case2,2736,51,2724,39,0.014317180616740088,0.9956140350877193,True,True,True,False,0.014317180616740088
source_group,Combined,full_tie_groups,B,0.803233,case2_6,case2,1584,0,1584,0,0.0,1.0,True,True,True,False,0.0
source_group,Combined,full_tie_groups,B,0.803233,case2_8,case2,2896,102,2844,50,0.017580872011251757,0.9820441988950276,True,True,True,False,0.017580872011251757
source_group,Combined,full_tie_groups,B,0.803233,case2_9,case2,1792,0,1792,0,0.0,1.0,True,True,True,False,0.0
source_group,Combined,full_tie_groups,B,0.803233,case30,case30,3584,140,3512,68,0.0193621867881549,0.9799107142857143,True,True,True,False,0.0193621867881549
source_group,Combined,full_tie_groups,B,0.803233,case32_1,case32,3360,85,3327,52,0.01562969642320409,0.9901785714285715,True,True,True,False,0.01562969642320409
source_group,Combined,full_tie_groups,B,0.803233,case32_2,case32,1600,7,1600,7,0.004375,1.0,True,True,True,False,0.004375
source_group,Combined,full_tie_groups,B,0.803233,case32_3,case32,2640,480,2421,261,0.10780669144981413,0.9170454545454545,True,True,True,False,0.10780669144981413
source_group,Combined,full_tie_groups,B,0.803233,case32_4,case32,2960,459,2721,220,0.08085262771040058,0.9192567567567568,True,True,True,False,0.08085262771040058
source_group,Combined,full_tie_groups,B,0.803233,case32_5,case32,2400,25,2388,13,0.005443886097152429,0.995,True,True,True,False,0.005443886097152429
source_group,Combined,full_tie_groups,B,0.803233,case32_6,case32,2736,36,2725,25,0.009174311926605505,0.9959795321637427,True,True,True,False,0.009174311926605505
source_group,Combined,full_tie_groups,B,0.803233,case35_1,case35,2960,12,2960,12,0.004054054054054054,1.0,True,True,True,False,0.004054054054054054
source_group,Combined,full_tie_groups,B,0.803233,case35_2,case35,1440,0,1440,0,0.0,1.0,True,True,True,False,0.0
source_group,Combined,full_tie_groups,B,0.803233,case35_3,case35,3088,446,3055,413,0.13518821603927986,0.9893134715025906,True,True,True,False,0.13518821603927986
source_group,Combined,full_tie_groups,B,0.803233,case35_8,case35,1856,369,1835,348,0.1896457765667575,0.9886853448275862,False,True,False,False,0.1896457765667575
source_group,Combined,full_tie_groups,B,0.803233,case37_1,case37,2992,58,2960,26,0.008783783783783784,0.9893048128342246,True,True,True,False,0.008783783783783784
source_group,Combined,full_tie_groups,B,0.803233,case37_2,case37,2544,213,2454,123,0.05012224938875306,0.964622641509434,True,True,True,False,0.05012224938875306
source_group,Combined,full_tie_groups,B,0.803233,case37_3,case37,1632,0,1632,0,0.0,1.0,True,True,True,False,0.0
source_group,Combined,full_tie_groups,B,0.803233,case39_1,case39,4704,917,4303,516,0.11991633743899605,0.9147534013605442,True,True,True,False,0.11991633743899605
source_group,Combined,full_tie_groups,B,0.803233,case39_2,case39,4320,517,4115,312,0.07582017010935602,0.9525462962962963,True,True,True,False,0.07582017010935602
source_group,Combined,full_tie_groups,B,0.803233,case39_3,case39,2384,79,2370,65,0.027426160337552744,0.9941275167785235,True,True,True,False,0.027426160337552744
source_group,Combined,full_tie_groups,B,0.803233,case42,case42,4288,820,3806,338,0.08880714661061481,0.8875932835820896,True,True,True,False,0.08880714661061481
source_group,Combined,full_tie_groups,B,0.803233,case44_1,case44,2400,976,1633,209,0.12798530312308634,0.6804166666666667,True,True,True,False,0.12798530312308634
source_group,Combined,full_tie_groups,B,0.803233,case48,case48,2816,649,2397,230,0.09595327492699207,0.8512073863636364,True,True,True,False,0.09595327492699207
source_group,Combined,full_tie_groups,B,0.803233,case50_1,case50,3248,452,3113,317,0.10183103115965307,0.958435960591133,True,True,True,False,0.10183103115965307
source_group,Combined,full_tie_groups,B,0.803233,case50_2,case50,2400,14,2398,12,0.0050041701417848205,0.9991666666666666,True,True,True,False,0.0050041701417848205
source_group,Combined,full_tie_groups,B,0.803233,case50_3,case50,2400,1,2400,1,0.0004166666666666667,1.0,True,True,True,False,0.0004166666666666667
source_group,Combined,full_tie_groups,B,0.803233,case50_4,case50,3792,273,3672,153,0.041666666666666664,0.9683544303797469,True,True,True,False,0.041666666666666664
source_group,Combined,full_tie_groups,B,0.803233,case52,case52,3312,221,3211,120,0.03737153534724385,0.9695048309178744,True,True,True,False,0.03737153534724385
source_group,Combined,full_tie_groups,B,0.803233,case56_1,case56,2400,126,2344,70,0.029863481228668942,0.9766666666666667,True,True,True,False,0.029863481228668942
source_group,Combined,full_tie_groups,B,0.803233,case56_2,case56,1568,0,1568,0,0.0,1.0,True,True,True,False,0.0
source_group,Combined,full_tie_groups,B,0.803233,case60,case60,2336,1658,1484,806,0.5431266846361186,0.6352739726027398,False,True,False,False,0.5431266846361186
source_group,Combined,full_tie_groups,B,0.803233,case63_2,case63,2128,10,2126,8,0.0037629350893697085,0.9990601503759399,True,True,True,False,0.0037629350893697085
source_group,Combined,full_tie_groups,B,0.803233,case63_3,case63,2768,68,2738,38,0.013878743608473338,0.9891618497109826,True,True,True,False,0.013878743608473338
source_group,Combined,full_tie_groups,B,0.803233,case66_2,case66,5168,18,5164,14,0.002711076684740511,0.9992260061919505,True,True,True,False,0.002711076684740511
source_group,Combined,full_tie_groups,B,0.803233,case66_3,case66,2400,2,2399,1,0.00041684035014589413,0.9995833333333334,True,True,True,False,0.00041684035014589413
source_group,Combined,full_tie_groups,B,0.803233,case66_4,case66,3776,0,3776,0,0.0,1.0,True,True,True,False,0.0
source_group,Combined,full_tie_groups,B,0.803233,case66_5,case66,2400,5,2398,3,0.0012510425354462051,0.9991666666666666,True,True,True,False,0.0012510425354462051
source_group,Combined,full_tie_groups,B,0.803233,case66_6,case66,2144,0,2144,0,0.0,1.0,True,True,True,False,0.0
source_group,Combined,full_tie_groups,B,0.803233,case66_8,case66,2400,2,2400,2,0.0008333333333333334,1.0,True,True,True,False,0.0008333333333333334
source_group,Combined,full_tie_groups,B,0.803233,case66_9,case66,3200,8,3194,2,0.0006261740763932373,0.998125,True,True,True,False,0.0006261740763932373
source_group,Combined,full_tie_groups,B,0.803233,case68_1,case68,2624,238,2546,160,0.06284367635506677,0.9702743902439024,True,True,True,False,0.06284367635506677
source_group,Combined,full_tie_groups,B,0.803233,case68_2,case68,2880,473,2756,349,0.12663280116110304,0.9569444444444445,True,True,True,False,0.12663280116110304
source_group,Combined,full_tie_groups,B,0.803233,case68_3,case68,2608,584,2332,308,0.1320754716981132,0.8941717791411042,True,True,True,False,0.1320754716981132
source_group,Combined,full_tie_groups,B,0.803233,case68_4,case68,3648,97,3623,72,0.019873033397736682,0.9931469298245614,True,True,True,False,0.019873033397736682
source_group,Combined,full_tie_groups,B,0.803233,case68_5,case68,2400,109,2376,85,0.03577441077441077,0.99,True,True,True,False,0.03577441077441077
source_group,Combined,full_tie_groups,B,0.803233,case68_6,case68,3264,285,3146,167,0.05308328035600763,0.9638480392156863,True,True,True,False,0.05308328035600763
source_group,Combined,full_tie_groups,B,0.803233,case68_7,case68,3680,686,3297,303,0.09190172884440401,0.8959239130434783,True,True,True,False,0.09190172884440401
source_group,Combined,full_tie_groups,B,0.803233,case70,case70,4224,94,4179,49,0.011725293132328308,0.9893465909090909,True,True,True,False,0.011725293132328308
source_group,Combined,full_tie_groups,B,0.803233,case72_1,case72,3536,55,3510,29,0.008262108262108263,0.9926470588235294,True,True,True,False,0.008262108262108263
source_group,Combined,full_tie_groups,B,0.803233,case72_3,case72,1664,0,1664,0,0.0,1.0,True,True,True,False,0.0
source_group,Combined,full_tie_groups,B,0.803233,case72_4,case72,3440,860,2762,182,0.06589427950760318,0.8029069767441861,True,True,True,False,0.06589427950760318
source_group,Combined,full_tie_groups,B,0.803233,case75_1,case75,2400,343,2127,70,0.032910202162670425,0.88625,True,True,True,False,0.032910202162670425
source_group,Combined,full_tie_groups,B,0.803233,case81_1,case81,2448,2,2448,2,0.0008169934640522876,1.0,True,True,True,False,0.0008169934640522876
source_group,Combined,full_tie_groups,B,0.803233,case81_2,case81,4384,119,4285,20,0.004667444574095682,0.9774178832116789,True,True,True,False,0.004667444574095682
source_group,Combined,full_tie_groups,B,0.803233,case84,case84,3488,1313,2731,556,0.20358842914683267,0.7829701834862385,False,True,False,False,0.20358842914683267
source_group,Combined,full_tie_groups,B,0.803233,case86_1,case86,2400,199,2227,26,0.011674898967220475,0.9279166666666666,True,True,True,False,0.011674898967220475
source_group,Combined,full_tie_groups,B,0.803233,case86_2,case86,1712,3,1711,2,0.0011689070718877848,0.9994158878504673,True,True,True,False,0.0011689070718877848
source_group,Combined,full_tie_groups,B,0.803233,case8_1,case8,1840,53,1816,29,0.015969162995594713,0.9869565217391304,True,True,True,False,0.015969162995594713
source_group,Combined,full_tie_groups,B,0.803233,case8_2,case8,2256,6,2256,6,0.0026595744680851063,1.0,True,True,True,False,0.0026595744680851063
source_group,Combined,full_tie_groups,B,0.803233,case9,case9,2176,12,2170,6,0.0027649769585253456,0.9972426470588235,True,True,True,False,0.0027649769585253456
source_group,Combined,full_tie_groups,B,0.803233,case91_1,case91,2400,1462,1412,474,0.3356940509915014,0.5883333333333334,False,True,False,False,0.3356940509915014
source_group,Combined,full_tie_groups,B,0.803233,case91_2,case91,2400,974,1802,376,0.20865704772475027,0.7508333333333334,False,True,False,False,0.20865704772475027
source_group,Combined,full_tie_groups,B,0.803233,case91_3,case91,2400,2218,663,481,0.7254901960784313,0.27625,False,False,False,False,0.7254901960784313
source_group,Combined,full_tie_groups,B,0.803233,case91_4,case91,1744,1505,647,408,0.6306027820710973,0.3709862385321101,False,False,False,False,0.6306027820710973
source_group,Combined,full_tie_groups,B,0.803233,case91_5,case91,2400,1060,1853,513,0.2768483540205073,0.7720833333333333,False,True,False,False,0.2768483540205073
source_group,Combined,full_tie_groups,B,0.803233,case91_6,case91,1888,277,1756,145,0.08257403189066059,0.9300847457627118,True,True,True,False,0.08257403189066059
source_group,Combined,full_tie_groups,B,0.803233,case91_7,case91,3744,370,3535,161,0.04554455445544554,0.9441773504273504,True,True,True,False,0.04554455445544554
source_group,Combined,full_tie_groups,B,0.803233,case94,case94,2176,220,2088,132,0.06321839080459771,0.9595588235294118,True,True,True,False,0.06321839080459771
source_group,Combined,full_tie_groups,B,0.803233,case96_1,case96,1840,1220,813,193,0.23739237392373924,0.4418478260869565,False,False,False,False,0.23739237392373924
source_group,Combined,full_tie_groups,B,0.803233,case96_2,case96,2976,431,2681,136,0.05072734054457292,0.9008736559139785,True,True,True,False,0.05072734054457292
source_group,Combined,full_tie_groups,B,0.803233,case99,case99,2576,250,2402,76,0.03164029975020816,0.9324534161490683,True,True,True,False,0.03164029975020816
source_group,PraNet,prefix,A,0.952721,case10_1,case10,1704,810,1444,550,0.3808864265927978,0.8474178403755869,False,True,False,False,0.3808864265927978
source_group,PraNet,prefix,A,0.952721,case10_2,case10,1784,669,1749,634,0.3624928530588908,0.9803811659192825,False,True,False,False,0.3624928530588908
source_group,PraNet,prefix,A,0.952721,case11,case11,904,50,880,26,0.029545454545454545,0.9734513274336283,True,True,True,False,0.029545454545454545
source_group,PraNet,prefix,A,0.952721,case13_1,case13,784,107,779,102,0.13093709884467267,0.9936224489795918,True,True,True,False,0.13093709884467267
source_group,PraNet,prefix,A,0.952721,case13_2,case13,1640,106,1603,69,0.043044291952588895,0.9774390243902439,True,True,True,False,0.043044291952588895
source_group,PraNet,prefix,A,0.952721,case13_3,case13,1408,17,1405,14,0.0099644128113879,0.9978693181818182,True,True,True,False,0.0099644128113879
source_group,PraNet,prefix,A,0.952721,case19,case19,768,768,52,52,1.0,0.06770833333333333,False,False,False,False,1.0
source_group,PraNet,prefix,A,0.952721,case20_6,case20,1200,530,939,269,0.28647497337593186,0.7825,False,True,False,False,0.28647497337593186
source_group,PraNet,prefix,A,0.952721,case20_7,case20,1360,474,1162,276,0.23752151462994836,0.8544117647058823,False,True,False,False,0.23752151462994836
source_group,PraNet,prefix,A,0.952721,case20_8,case20,1864,988,1306,430,0.32924961715160794,0.7006437768240343,False,True,False,False,0.32924961715160794
source_group,PraNet,prefix,A,0.952721,case20_9,case20,1200,300,1024,124,0.12109375,0.8533333333333334,True,True,True,False,0.12109375
source_group,PraNet,prefix,A,0.952721,case24_1,case24,1200,172,1180,152,0.1288135593220339,0.9833333333333333,True,True,True,False,0.1288135593220339
source_group,PraNet,prefix,A,0.952721,case24_2,case24,1200,0,1200,0,0.0,1.0,True,True,True,False,0.0
source_group,PraNet,prefix,A,0.952721,case24_3,case24,1216,0,1216,0,0.0,1.0,True,True,True,False,0.0
source_group,PraNet,prefix,A,0.952721,case24_4,case24,1200,74,1197,71,0.059314954051796154,0.9975,True,True,True,False,0.059314954051796154
source_group,PraNet,prefix,A,0.952721,case24_5,case24,1200,49,1193,42,0.03520536462699078,0.9941666666666666,True,True,True,False,0.03520536462699078
source_group,PraNet,prefix,A,0.952721,case24_6,case24,1768,303,1671,206,0.12327947336923997,0.9451357466063348,True,True,True,False,0.12327947336923997
source_group,PraNet,prefix,A,0.952721,case27,case27,1992,561,1657,226,0.1363910681955341,0.8318273092369478,True,True,True,False,0.1363910681955341
source_group,PraNet,prefix,A,0.952721,case31,case31,1464,50,1462,48,0.03283173734610123,0.9986338797814208,True,True,True,False,0.03283173734610123
source_group,PraNet,prefix,A,0.952721,case34_1,case34,968,284,886,202,0.22799097065462753,0.9152892561983471,False,True,False,False,0.22799097065462753
source_group,PraNet,prefix,A,0.952721,case34_2,case34,992,19,991,18,0.018163471241170535,0.998991935483871,True,True,True,False,0.018163471241170535
source_group,PraNet,prefix,A,0.952721,case36_1,case36,2672,1732,2201,1261,0.5729213993639255,0.8237275449101796,False,True,False,False,0.5729213993639255
source_group,PraNet,prefix,A,0.952721,case36_2,case36,1200,886,920,606,0.658695652173913,0.7666666666666667,False,True,False,False,0.658695652173913
source_group,PraNet,prefix,A,0.952721,case36_3,case36,1624,970,1202,548,0.4559068219633943,0.7401477832512315,False,True,False,False,0.4559068219633943
source_group,PraNet,prefix,A,0.952721,case36_4,case36,1024,1002,840,818,0.9738095238095238,0.8203125,False,True,False,False,0.9738095238095238
source_group,PraNet,prefix,A,0.952721,case38_2,case38,2032,677,1734,379,0.2185697808535179,0.8533464566929134,False,True,False,False,0.2185697808535179
source_group,PraNet,prefix,A,0.952721,case3_1,case3,1584,219,1504,139,0.09242021276595745,0.9494949494949495,True,True,True,False,0.09242021276595745
source_group,PraNet,prefix,A,0.952721,case3_2,case3,752,398,490,136,0.27755102040816326,0.651595744680851,False,True,False,False,0.27755102040816326
source_group,PraNet,prefix,A,0.952721,case40,case40,1272,401,1047,176,0.16809933142311365,0.8231132075471698,False,True,False,False,0.16809933142311365
source_group,PraNet,prefix,A,0.952721,case43,case43,2080,165,1952,37,0.018954918032786885,0.9384615384615385,True,True,True,False,0.018954918032786885
source_group,PraNet,prefix,A,0.952721,case47_2,case47,1200,65,1171,36,0.030742954739538857,0.9758333333333333,True,True,True,False,0.030742954739538857
source_group,PraNet,prefix,A,0.952721,case47_3,case47,1200,0,1200,0,0.0,1.0,True,True,True,False,0.0
source_group,PraNet,prefix,A,0.952721,case47_4,case47,1064,0,1064,0,0.0,1.0,True,True,True,False,0.0
source_group,PraNet,prefix,A,0.952721,case47_5,case47,976,0,976,0,0.0,1.0,True,True,True,False,0.0
source_group,PraNet,prefix,A,0.952721,case51_1,case51,1400,120,1371,91,0.06637490882567469,0.9792857142857143,True,True,True,False,0.06637490882567469
source_group,PraNet,prefix,A,0.952721,case51_10,case51,1744,44,1742,42,0.024110218140068886,0.9988532110091743,True,True,True,False,0.024110218140068886
source_group,PraNet,prefix,A,0.952721,case51_2,case51,2000,159,1965,124,0.06310432569974554,0.9825,True,True,True,False,0.06310432569974554
source_group,PraNet,prefix,A,0.952721,case51_3,case51,1680,209,1598,127,0.07947434292866083,0.9511904761904761,True,True,True,False,0.07947434292866083
source_group,PraNet,prefix,A,0.952721,case51_4,case51,1200,5,1199,4,0.003336113427856547,0.9991666666666666,True,True,True,False,0.003336113427856547
source_group,PraNet,prefix,A,0.952721,case51_5,case51,1200,115,1144,59,0.051573426573426576,0.9533333333333334,True,True,True,False,0.051573426573426576
source_group,PraNet,prefix,A,0.952721,case51_6,case51,1200,19,1190,9,0.007563025210084034,0.9916666666666667,True,True,True,False,0.007563025210084034
source_group,PraNet,prefix,A,0.952721,case51_7,case51,1072,278,869,75,0.08630609896432681,0.8106343283582089,True,True,True,False,0.08630609896432681
source_group,PraNet,prefix,A,0.952721,case51_8,case51,1200,185,1176,161,0.13690476190476192,0.98,True,True,True,False,0.13690476190476192
source_group,PraNet,prefix,A,0.952721,case51_9,case51,1200,263,1170,233,0.19914529914529913,0.975,False,True,False,False,0.19914529914529913
source_group,PraNet,prefix,A,0.952721,case54_1,case54,1688,865,1021,198,0.1939275220372184,0.6048578199052133,False,True,False,False,0.1939275220372184
source_group,PraNet,prefix,A,0.952721,case54_2,case54,1072,117,1028,73,0.07101167315175097,0.9589552238805971,True,True,True,False,0.07101167315175097
source_group,PraNet,prefix,A,0.952721,case5_4,case5,1200,18,1197,15,0.012531328320802004,0.9975,True,True,True,False,0.012531328320802004
source_group,PraNet,prefix,A,0.952721,case5_6,case5,1400,125,1373,98,0.07137654770575383,0.9807142857142858,True,True,True,False,0.07137654770575383
source_group,PraNet,prefix,A,0.952721,case61_2,case61,1592,158,1563,129,0.08253358925143954,0.9817839195979899,True,True,True,False,0.08253358925143954
source_group,PraNet,prefix,A,0.952721,case61_3,case61,1768,71,1751,54,0.03083952027412907,0.9903846153846154,True,True,True,False,0.03083952027412907
source_group,PraNet,prefix,A,0.952721,case64,case64,648,287,494,133,0.2692307692307692,0.7623456790123457,False,True,False,False,0.2692307692307692
source_group,PraNet,prefix,A,0.952721,case67,case67,1528,741,1086,299,0.27532228360957645,0.7107329842931938,False,True,False,False,0.27532228360957645
source_group,PraNet,prefix,A,0.952721,case6_2,case6,1200,1150,328,278,0.8475609756097561,0.2733333333333333,False,False,False,False,0.8475609756097561
source_group,PraNet,prefix,A,0.952721,case6_3,case6,1680,1668,232,220,0.9482758620689655,0.1380952380952381,False,False,False,False,0.9482758620689655
source_group,PraNet,prefix,A,0.952721,case71_1,case71,1024,418,822,216,0.26277372262773724,0.802734375,False,True,False,False,0.26277372262773724
source_group,PraNet,prefix,A,0.952721,case71_2,case71,1200,488,913,201,0.22015334063526834,0.7608333333333334,False,True,False,False,0.22015334063526834
source_group,PraNet,prefix,A,0.952721,case71_5,case71,1808,56,1773,21,0.011844331641285956,0.980641592920354,True,True,True,False,0.011844331641285956
source_group,PraNet,prefix,A,0.952721,case74_1,case74,1256,617,850,211,0.24823529411764705,0.6767515923566879,False,True,False,False,0.24823529411764705
source_group,PraNet,prefix,A,0.952721,case74_2,case74,952,36,938,22,0.023454157782515993,0.9852941176470589,True,True,True,False,0.023454157782515993
source_group,PraNet,prefix,A,0.952721,case79,case79,608,492,229,113,0.49344978165938863,0.37664473684210525,False,False,False,False,0.49344978165938863
source_group,PraNet,prefix,A,0.952721,case7_2,case7,1048,58,1020,30,0.029411764705882353,0.9732824427480916,True,True,True,False,0.029411764705882353
source_group,PraNet,prefix,A,0.952721,case80_1,case80,1280,100,1245,65,0.05220883534136546,0.97265625,True,True,True,False,0.05220883534136546
source_group,PraNet,prefix,A,0.952721,case80_2,case80,1200,11,1195,6,0.00502092050209205,0.9958333333333333,True,True,True,False,0.00502092050209205
source_group,PraNet,prefix,A,0.952721,case80_3,case80,1200,0,1200,0,0.0,1.0,True,True,True,False,0.0
source_group,PraNet,prefix,A,0.952721,case80_4,case80,1200,0,1200,0,0.0,1.0,True,True,True,False,0.0
source_group,PraNet,prefix,A,0.952721,case80_5,case80,1096,0,1096,0,0.0,1.0,True,True,True,False,0.0
source_group,PraNet,prefix,A,0.952721,case80_6,case80,1200,0,1200,0,0.0,1.0,True,True,True,False,0.0
source_group,PraNet,prefix,A,0.952721,case80_7,case80,1200,0,1200,0,0.0,1.0,True,True,True,False,0.0
source_group,PraNet,prefix,A,0.952721,case80_8,case80,1160,6,1157,3,0.0025929127052722557,0.9974137931034482,True,True,True,False,0.0025929127052722557
source_group,PraNet,prefix,A,0.952721,case83_2,case83,3024,73,3022,71,0.023494374586366645,0.9993386243386243,True,True,True,False,0.023494374586366645
source_group,PraNet,prefix,A,0.952721,case83_3,case83,1072,0,1072,0,0.0,1.0,True,True,True,False,0.0
source_group,PraNet,prefix,A,0.952721,case85_7,case85,1200,547,921,268,0.2909880564603692,0.7675,False,True,False,False,0.2909880564603692
source_group,PraNet,prefix,A,0.952721,case85_8,case85,1760,447,1568,255,0.16262755102040816,0.8909090909090909,False,True,False,False,0.16262755102040816
source_group,PraNet,prefix,A,0.952721,case89,case89,1192,112,1183,103,0.08706677937447169,0.9924496644295302,True,True,True,False,0.08706677937447169
source_group,PraNet,prefix,A,0.952721,case90_1,case90,1200,42,1177,19,0.016142735768903994,0.9808333333333333,True,True,True,False,0.016142735768903994
source_group,PraNet,prefix,A,0.952721,case90_3,case90,1432,127,1373,68,0.049526584122359794,0.9587988826815642,True,True,True,False,0.049526584122359794
source_group,PraNet,prefix,A,0.952721,case93_1,case93,1736,199,1620,83,0.05123456790123457,0.9331797235023042,True,True,True,False,0.05123456790123457
source_group,PraNet,prefix,A,0.952721,case93_2,case93,1880,196,1762,78,0.04426787741203178,0.9372340425531915,True,True,True,False,0.04426787741203178
source_group,PraNet,prefix,A,0.952721,case95_1,case95,2072,607,1808,343,0.18971238938053098,0.8725868725868726,False,True,False,False,0.18971238938053098
source_group,PraNet,prefix,A,0.952721,case95_2,case95,816,0,816,0,0.0,1.0,True,True,True,False,0.0
source_group,PraNet,prefix,A,0.952721,case95_3,case95,1200,1200,43,43,1.0,0.035833333333333335,False,False,False,False,1.0
source_group,PraNet,prefix,A,0.952721,case95_4,case95,760,271,607,118,0.19439868204283361,0.7986842105263158,False,True,False,False,0.19439868204283361
source_group,PraNet,prefix,A,0.952721,case97_1,case97,1200,1050,514,364,0.708171206225681,0.42833333333333334,False,False,False,False,0.708171206225681
source_group,PraNet,prefix,A,0.952721,case97_2,case97,1232,897,688,353,0.5130813953488372,0.5584415584415584,False,True,False,False,0.5130813953488372
source_group,PraNet,prefix,A,0.952721,case97_3,case97,1016,454,811,249,0.3070283600493218,0.7982283464566929,False,True,False,False,0.3070283600493218
source_group,PraNet,prefix,B,0.796017,case100,case100,1504,90,1478,64,0.04330175913396482,0.9827127659574468,True,True,True,False,0.04330175913396482
source_group,PraNet,prefix,B,0.796017,case12_1,case12,1472,138,1387,53,0.03821196827685652,0.9422554347826086,True,True,True,False,0.03821196827685652
source_group,PraNet,prefix,B,0.796017,case12_2,case12,1984,491,1626,133,0.08179581795817958,0.8195564516129032,True,True,True,False,0.08179581795817958
source_group,PraNet,prefix,B,0.796017,case12_3,case12,848,0,848,0,0.0,1.0,True,True,True,False,0.0
source_group,PraNet,prefix,B,0.796017,case14_1,case14,1200,1186,111,97,0.8738738738738738,0.0925,False,False,False,False,0.8738738738738738
source_group,PraNet,prefix,B,0.796017,case14_2,case14,1200,1194,118,112,0.9491525423728814,0.09833333333333333,False,False,False,False,0.9491525423728814
source_group,PraNet,prefix,B,0.796017,case14_3,case14,3024,2982,443,401,0.9051918735891648,0.14649470899470898,False,False,False,False,0.9051918735891648
source_group,PraNet,prefix,B,0.796017,case14_4,case14,1160,1121,389,350,0.8997429305912596,0.3353448275862069,False,False,False,False,0.8997429305912596
source_group,PraNet,prefix,B,0.796017,case14_5,case14,1280,1241,415,376,0.9060240963855422,0.32421875,False,False,False,False,0.9060240963855422
source_group,PraNet,prefix,B,0.796017,case14_6,case14,1600,1578,309,287,0.9288025889967637,0.193125,False,False,False,False,0.9288025889967637
source_group,PraNet,prefix,B,0.796017,case1_2,case1,1728,3,1725,0,0.0,0.9982638888888888,True,True,True,False,0.0
source_group,PraNet,prefix,B,0.796017,case23,case23,1456,432,1237,213,0.17219078415521422,0.8495879120879121,False,True,False,False,0.17219078415521422
source_group,PraNet,prefix,B,0.796017,case25_2,case25,1088,77,1053,42,0.039886039886039885,0.9678308823529411,True,True,True,False,0.039886039886039885
source_group,PraNet,prefix,B,0.796017,case29_1,case29,1712,260,1551,99,0.06382978723404255,0.9059579439252337,True,True,True,False,0.06382978723404255
source_group,PraNet,prefix,B,0.796017,case29_2,case29,1304,36,1290,22,0.017054263565891473,0.9892638036809815,True,True,True,False,0.017054263565891473
source_group,PraNet,prefix,B,0.796017,case2_3,case2,1200,0,1200,0,0.0,1.0,True,True,True,False,0.0
source_group,PraNet,prefix,B,0.796017,case2_5,case2,1368,39,1358,29,0.021354933726067747,0.9926900584795322,True,True,True,False,0.021354933726067747
source_group,PraNet,prefix,B,0.796017,case2_6,case2,792,0,792,0,0.0,1.0,True,True,True,False,0.0
source_group,PraNet,prefix,B,0.796017,case2_8,case2,1448,67,1419,38,0.026779422128259338,0.9799723756906077,True,True,True,False,0.026779422128259338
source_group,PraNet,prefix,B,0.796017,case2_9,case2,896,0,896,0,0.0,1.0,True,True,True,False,0.0
source_group,PraNet,prefix,B,0.796017,case30,case30,1792,97,1739,44,0.025301897642323174,0.9704241071428571,True,True,True,False,0.025301897642323174
source_group,PraNet,prefix,B,0.796017,case32_1,case32,1680,64,1653,37,0.02238354506957048,0.9839285714285714,True,True,True,False,0.02238354506957048
source_group,PraNet,prefix,B,0.796017,case32_2,case32,800,6,800,6,0.0075,1.0,True,True,True,False,0.0075
source_group,PraNet,prefix,B,0.796017,case32_3,case32,1320,283,1202,165,0.13727121464226288,0.9106060606060606,True,True,True,False,0.13727121464226288
source_group,PraNet,prefix,B,0.796017,case32_4,case32,1480,280,1344,144,0.10714285714285714,0.9081081081081082,True,True,True,False,0.10714285714285714
source_group,PraNet,prefix,B,0.796017,case32_5,case32,1200,25,1188,13,0.010942760942760943,0.99,True,True,True,False,0.010942760942760943
source_group,PraNet,prefix,B,0.796017,case32_6,case32,1368,16,1360,8,0.0058823529411764705,0.9941520467836257,True,True,True,False,0.0058823529411764705
source_group,PraNet,prefix,B,0.796017,case35_1,case35,1480,12,1480,12,0.008108108108108109,1.0,True,True,True,False,0.008108108108108109
source_group,PraNet,prefix,B,0.796017,case35_2,case35,720,0,720,0,0.0,1.0,True,True,True,False,0.0
source_group,PraNet,prefix,B,0.796017,case35_3,case35,1544,293,1509,258,0.1709741550695825,0.9773316062176166,False,True,False,False,0.1709741550695825
source_group,PraNet,prefix,B,0.796017,case35_8,case35,928,141,908,121,0.13325991189427314,0.978448275862069,True,True,True,False,0.13325991189427314
source_group,PraNet,prefix,B,0.796017,case37_1,case37,1496,56,1464,24,0.01639344262295082,0.9786096256684492,True,True,True,False,0.01639344262295082
source_group,PraNet,prefix,B,0.796017,case37_2,case37,1272,115,1226,69,0.05628058727569331,0.9638364779874213,True,True,True,False,0.05628058727569331
source_group,PraNet,prefix,B,0.796017,case37_3,case37,816,0,816,0,0.0,1.0,True,True,True,False,0.0
source_group,PraNet,prefix,B,0.796017,case39_1,case39,2352,414,2153,215,0.09986065954482118,0.9153911564625851,True,True,True,False,0.09986065954482118
source_group,PraNet,prefix,B,0.796017,case39_2,case39,2160,363,1996,199,0.09969939879759519,0.924074074074074,True,True,True,False,0.09969939879759519
source_group,PraNet,prefix,B,0.796017,case39_3,case39,1192,70,1179,57,0.04834605597964377,0.9890939597315436,True,True,True,False,0.04834605597964377
source_group,PraNet,prefix,B,0.796017,case42,case42,2144,481,1850,187,0.10108108108108108,0.8628731343283582,True,True,True,False,0.10108108108108108
source_group,PraNet,prefix,B,0.796017,case44_1,case44,1200,634,684,118,0.17251461988304093,0.57,False,True,False,False,0.17251461988304093
source_group,PraNet,prefix,B,0.796017,case48,case48,1408,382,1126,100,0.08880994671403197,0.7997159090909091,True,True,True,False,0.08880994671403197
source_group,PraNet,prefix,B,0.796017,case50_1,case50,1624,278,1543,197,0.12767336357744652,0.9501231527093597,True,True,True,False,0.12767336357744652
source_group,PraNet,prefix,B,0.796017,case50_2,case50,1200,9,1200,9,0.0075,1.0,True,True,True,False,0.0075
source_group,PraNet,prefix,B,0.796017,case50_3,case50,1200,1,1200,1,0.0008333333333333334,1.0,True,True,True,False,0.0008333333333333334
source_group,PraNet,prefix,B,0.796017,case50_4,case50,1896,162,1828,94,0.05142231947483589,0.9641350210970464,True,True,True,False,0.05142231947483589
source_group,PraNet,prefix,B,0.796017,case52,case52,1656,109,1594,47,0.029485570890840654,0.9625603864734299,True,True,True,False,0.029485570890840654
source_group,PraNet,prefix,B,0.796017,case56_1,case56,1200,75,1165,40,0.034334763948497854,0.9708333333333333,True,True,True,False,0.034334763948497854
source_group,PraNet,prefix,B,0.796017,case56_2,case56,784,0,784,0,0.0,1.0,True,True,True,False,0.0
source_group,PraNet,prefix,B,0.796017,case60,case60,1168,1043,508,383,0.7539370078740157,0.4349315068493151,False,False,False,False,0.7539370078740157
source_group,PraNet,prefix,B,0.796017,case63_2,case63,1064,7,1062,5,0.004708097928436911,0.9981203007518797,True,True,True,False,0.004708097928436911
source_group,PraNet,prefix,B,0.796017,case63_3,case63,1384,51,1357,24,0.017686072218128224,0.9804913294797688,True,True,True,False,0.017686072218128224
source_group,PraNet,prefix,B,0.796017,case66_2,case66,2584,16,2580,12,0.004651162790697674,0.9984520123839009,True,True,True,False,0.004651162790697674
source_group,PraNet,prefix,B,0.796017,case66_3,case66,1200,2,1199,1,0.0008340283569641367,0.9991666666666666,True,True,True,False,0.0008340283569641367
source_group,PraNet,prefix,B,0.796017,case66_4,case66,1888,0,1888,0,0.0,1.0,True,True,True,False,0.0
source_group,PraNet,prefix,B,0.796017,case66_5,case66,1200,4,1198,2,0.001669449081803005,0.9983333333333333,True,True,True,False,0.001669449081803005
source_group,PraNet,prefix,B,0.796017,case66_6,case66,1072,0,1072,0,0.0,1.0,True,True,True,False,0.0
source_group,PraNet,prefix,B,0.796017,case66_8,case66,1200,2,1200,2,0.0016666666666666668,1.0,True,True,True,False,0.0016666666666666668
source_group,PraNet,prefix,B,0.796017,case66_9,case66,1600,8,1594,2,0.0012547051442910915,0.99625,True,True,True,False,0.0012547051442910915
source_group,PraNet,prefix,B,0.796017,case68_1,case68,1312,80,1298,66,0.05084745762711865,0.989329268292683,True,True,True,False,0.05084745762711865
source_group,PraNet,prefix,B,0.796017,case68_2,case68,1440,228,1387,175,0.12617159336697908,0.9631944444444445,True,True,True,False,0.12617159336697908
source_group,PraNet,prefix,B,0.796017,case68_3,case68,1304,208,1210,114,0.09421487603305785,0.9279141104294478,True,True,True,False,0.09421487603305785
source_group,PraNet,prefix,B,0.796017,case68_4,case68,1824,10,1822,8,0.0043907793633369925,0.9989035087719298,True,True,True,False,0.0043907793633369925
source_group,PraNet,prefix,B,0.796017,case68_5,case68,1200,29,1197,26,0.02172096908939014,0.9975,True,True,True,False,0.02172096908939014
source_group,PraNet,prefix,B,0.796017,case68_6,case68,1632,111,1587,66,0.04158790170132325,0.9724264705882353,True,True,True,False,0.04158790170132325
source_group,PraNet,prefix,B,0.796017,case68_7,case68,1840,510,1526,196,0.12844036697247707,0.8293478260869566,True,True,True,False,0.12844036697247707
source_group,PraNet,prefix,B,0.796017,case70,case70,2112,52,2085,25,0.011990407673860911,0.9872159090909091,True,True,True,False,0.011990407673860911
source_group,PraNet,prefix,B,0.796017,case72_1,case72,1768,41,1746,19,0.010882016036655211,0.9875565610859729,True,True,True,False,0.010882016036655211
source_group,PraNet,prefix,B,0.796017,case72_3,case72,832,0,832,0,0.0,1.0,True,True,True,False,0.0
source_group,PraNet,prefix,B,0.796017,case72_4,case72,1720,494,1316,90,0.06838905775075987,0.7651162790697674,True,True,True,False,0.06838905775075987
source_group,PraNet,prefix,B,0.796017,case75_1,case75,1200,256,987,43,0.04356636271529889,0.8225,True,True,True,False,0.04356636271529889
source_group,PraNet,prefix,B,0.796017,case81_1,case81,1224,2,1224,2,0.0016339869281045752,1.0,True,True,True,False,0.0016339869281045752
source_group,PraNet,prefix,B,0.796017,case81_2,case81,2192,62,2138,8,0.0037418147801683817,0.9753649635036497,True,True,True,False,0.0037418147801683817
source_group,PraNet,prefix,B,0.796017,case84,case84,1744,749,1258,263,0.20906200317965024,0.7213302752293578,False,True,False,False,0.20906200317965024
source_group,PraNet,prefix,B,0.796017,case86_1,case86,1200,170,1053,23,0.02184235517568851,0.8775,True,True,True,False,0.02184235517568851
source_group,PraNet,prefix,B,0.796017,case86_2,case86,856,3,855,2,0.0023391812865497076,0.9988317757009346,True,True,True,False,0.0023391812865497076
source_group,PraNet,prefix,B,0.796017,case8_1,case8,920,34,901,15,0.016648168701442843,0.9793478260869565,True,True,True,False,0.016648168701442843
source_group,PraNet,prefix,B,0.796017,case8_2,case8,1128,0,1128,0,0.0,1.0,True,True,True,False,0.0
source_group,PraNet,prefix,B,0.796017,case9,case9,1088,10,1083,5,0.0046168051708217915,0.9954044117647058,True,True,True,False,0.0046168051708217915
source_group,PraNet,prefix,B,0.796017,case91_1,case91,1200,831,521,152,0.29174664107485604,0.43416666666666665,False,False,False,False,0.29174664107485604
source_group,PraNet,prefix,B,0.796017,case91_2,case91,1200,462,890,152,0.1707865168539326,0.7416666666666667,False,True,False,False,0.1707865168539326
source_group,PraNet,prefix,B,0.796017,case91_3,case91,1200,1148,202,150,0.7425742574257426,0.16833333333333333,False,False,False,False,0.7425742574257426
source_group,PraNet,prefix,B,0.796017,case91_4,case91,872,780,191,99,0.518324607329843,0.2190366972477064,False,False,False,False,0.518324607329843
source_group,PraNet,prefix,B,0.796017,case91_5,case91,1200,401,1048,249,0.23759541984732824,0.8733333333333333,False,True,False,False,0.23759541984732824
source_group,PraNet,prefix,B,0.796017,case91_6,case91,944,103,887,46,0.05186020293122886,0.9396186440677966,True,True,True,False,0.05186020293122886
source_group,PraNet,prefix,B,0.796017,case91_7,case91,1872,216,1741,85,0.048822515795519814,0.9300213675213675,True,True,True,False,0.048822515795519814
source_group,PraNet,prefix,B,0.796017,case94,case94,1088,107,1071,90,0.08403361344537816,0.984375,True,True,True,False,0.08403361344537816
source_group,PraNet,prefix,B,0.796017,case96_1,case96,920,629,387,96,0.24806201550387597,0.4206521739130435,False,False,False,False,0.24806201550387597
source_group,PraNet,prefix,B,0.796017,case96_2,case96,1488,305,1254,71,0.05661881977671451,0.842741935483871,True,True,True,False,0.05661881977671451
source_group,PraNet,prefix,B,0.796017,case99,case99,1288,187,1149,48,0.04177545691906005,0.8920807453416149,True,True,True,False,0.04177545691906005
source_group,PraNet,full_tie_groups,A,0.952721,case10_1,case10,1704,810,1444,550,0.3808864265927978,0.8474178403755869,False,True,False,False,0.3808864265927978
source_group,PraNet,full_tie_groups,A,0.952721,case10_2,case10,1784,669,1749,634,0.3624928530588908,0.9803811659192825,False,True,False,False,0.3624928530588908
source_group,PraNet,full_tie_groups,A,0.952721,case11,case11,904,50,880,26,0.029545454545454545,0.9734513274336283,True,True,True,False,0.029545454545454545
source_group,PraNet,full_tie_groups,A,0.952721,case13_1,case13,784,107,779,102,0.13093709884467267,0.9936224489795918,True,True,True,False,0.13093709884467267
source_group,PraNet,full_tie_groups,A,0.952721,case13_2,case13,1640,106,1603,69,0.043044291952588895,0.9774390243902439,True,True,True,False,0.043044291952588895
source_group,PraNet,full_tie_groups,A,0.952721,case13_3,case13,1408,17,1405,14,0.0099644128113879,0.9978693181818182,True,True,True,False,0.0099644128113879
source_group,PraNet,full_tie_groups,A,0.952721,case19,case19,768,768,52,52,1.0,0.06770833333333333,False,False,False,False,1.0
source_group,PraNet,full_tie_groups,A,0.952721,case20_6,case20,1200,530,939,269,0.28647497337593186,0.7825,False,True,False,False,0.28647497337593186
source_group,PraNet,full_tie_groups,A,0.952721,case20_7,case20,1360,474,1162,276,0.23752151462994836,0.8544117647058823,False,True,False,False,0.23752151462994836
source_group,PraNet,full_tie_groups,A,0.952721,case20_8,case20,1864,988,1306,430,0.32924961715160794,0.7006437768240343,False,True,False,False,0.32924961715160794
source_group,PraNet,full_tie_groups,A,0.952721,case20_9,case20,1200,300,1024,124,0.12109375,0.8533333333333334,True,True,True,False,0.12109375
source_group,PraNet,full_tie_groups,A,0.952721,case24_1,case24,1200,172,1180,152,0.1288135593220339,0.9833333333333333,True,True,True,False,0.1288135593220339
source_group,PraNet,full_tie_groups,A,0.952721,case24_2,case24,1200,0,1200,0,0.0,1.0,True,True,True,False,0.0
source_group,PraNet,full_tie_groups,A,0.952721,case24_3,case24,1216,0,1216,0,0.0,1.0,True,True,True,False,0.0
source_group,PraNet,full_tie_groups,A,0.952721,case24_4,case24,1200,74,1197,71,0.059314954051796154,0.9975,True,True,True,False,0.059314954051796154
source_group,PraNet,full_tie_groups,A,0.952721,case24_5,case24,1200,49,1193,42,0.03520536462699078,0.9941666666666666,True,True,True,False,0.03520536462699078
source_group,PraNet,full_tie_groups,A,0.952721,case24_6,case24,1768,303,1671,206,0.12327947336923997,0.9451357466063348,True,True,True,False,0.12327947336923997
source_group,PraNet,full_tie_groups,A,0.952721,case27,case27,1992,561,1657,226,0.1363910681955341,0.8318273092369478,True,True,True,False,0.1363910681955341
source_group,PraNet,full_tie_groups,A,0.952721,case31,case31,1464,50,1462,48,0.03283173734610123,0.9986338797814208,True,True,True,False,0.03283173734610123
source_group,PraNet,full_tie_groups,A,0.952721,case34_1,case34,968,284,886,202,0.22799097065462753,0.9152892561983471,False,True,False,False,0.22799097065462753
source_group,PraNet,full_tie_groups,A,0.952721,case34_2,case34,992,19,991,18,0.018163471241170535,0.998991935483871,True,True,True,False,0.018163471241170535
source_group,PraNet,full_tie_groups,A,0.952721,case36_1,case36,2672,1732,2201,1261,0.5729213993639255,0.8237275449101796,False,True,False,False,0.5729213993639255
source_group,PraNet,full_tie_groups,A,0.952721,case36_2,case36,1200,886,920,606,0.658695652173913,0.7666666666666667,False,True,False,False,0.658695652173913
source_group,PraNet,full_tie_groups,A,0.952721,case36_3,case36,1624,970,1202,548,0.4559068219633943,0.7401477832512315,False,True,False,False,0.4559068219633943
source_group,PraNet,full_tie_groups,A,0.952721,case36_4,case36,1024,1002,840,818,0.9738095238095238,0.8203125,False,True,False,False,0.9738095238095238
source_group,PraNet,full_tie_groups,A,0.952721,case38_2,case38,2032,677,1734,379,0.2185697808535179,0.8533464566929134,False,True,False,False,0.2185697808535179
source_group,PraNet,full_tie_groups,A,0.952721,case3_1,case3,1584,219,1504,139,0.09242021276595745,0.9494949494949495,True,True,True,False,0.09242021276595745
source_group,PraNet,full_tie_groups,A,0.952721,case3_2,case3,752,398,490,136,0.27755102040816326,0.651595744680851,False,True,False,False,0.27755102040816326
source_group,PraNet,full_tie_groups,A,0.952721,case40,case40,1272,401,1047,176,0.16809933142311365,0.8231132075471698,False,True,False,False,0.16809933142311365
source_group,PraNet,full_tie_groups,A,0.952721,case43,case43,2080,165,1952,37,0.018954918032786885,0.9384615384615385,True,True,True,False,0.018954918032786885
source_group,PraNet,full_tie_groups,A,0.952721,case47_2,case47,1200,65,1171,36,0.030742954739538857,0.9758333333333333,True,True,True,False,0.030742954739538857
source_group,PraNet,full_tie_groups,A,0.952721,case47_3,case47,1200,0,1200,0,0.0,1.0,True,True,True,False,0.0
source_group,PraNet,full_tie_groups,A,0.952721,case47_4,case47,1064,0,1064,0,0.0,1.0,True,True,True,False,0.0
source_group,PraNet,full_tie_groups,A,0.952721,case47_5,case47,976,0,976,0,0.0,1.0,True,True,True,False,0.0
source_group,PraNet,full_tie_groups,A,0.952721,case51_1,case51,1400,120,1371,91,0.06637490882567469,0.9792857142857143,True,True,True,False,0.06637490882567469
source_group,PraNet,full_tie_groups,A,0.952721,case51_10,case51,1744,44,1742,42,0.024110218140068886,0.9988532110091743,True,True,True,False,0.024110218140068886
source_group,PraNet,full_tie_groups,A,0.952721,case51_2,case51,2000,159,1965,124,0.06310432569974554,0.9825,True,True,True,False,0.06310432569974554
source_group,PraNet,full_tie_groups,A,0.952721,case51_3,case51,1680,209,1598,127,0.07947434292866083,0.9511904761904761,True,True,True,False,0.07947434292866083
source_group,PraNet,full_tie_groups,A,0.952721,case51_4,case51,1200,5,1199,4,0.003336113427856547,0.9991666666666666,True,True,True,False,0.003336113427856547
source_group,PraNet,full_tie_groups,A,0.952721,case51_5,case51,1200,115,1144,59,0.051573426573426576,0.9533333333333334,True,True,True,False,0.051573426573426576
source_group,PraNet,full_tie_groups,A,0.952721,case51_6,case51,1200,19,1190,9,0.007563025210084034,0.9916666666666667,True,True,True,False,0.007563025210084034
source_group,PraNet,full_tie_groups,A,0.952721,case51_7,case51,1072,278,869,75,0.08630609896432681,0.8106343283582089,True,True,True,False,0.08630609896432681
source_group,PraNet,full_tie_groups,A,0.952721,case51_8,case51,1200,185,1176,161,0.13690476190476192,0.98,True,True,True,False,0.13690476190476192
source_group,PraNet,full_tie_groups,A,0.952721,case51_9,case51,1200,263,1170,233,0.19914529914529913,0.975,False,True,False,False,0.19914529914529913
source_group,PraNet,full_tie_groups,A,0.952721,case54_1,case54,1688,865,1021,198,0.1939275220372184,0.6048578199052133,False,True,False,False,0.1939275220372184
source_group,PraNet,full_tie_groups,A,0.952721,case54_2,case54,1072,117,1028,73,0.07101167315175097,0.9589552238805971,True,True,True,False,0.07101167315175097
source_group,PraNet,full_tie_groups,A,0.952721,case5_4,case5,1200,18,1197,15,0.012531328320802004,0.9975,True,True,True,False,0.012531328320802004
source_group,PraNet,full_tie_groups,A,0.952721,case5_6,case5,1400,125,1373,98,0.07137654770575383,0.9807142857142858,True,True,True,False,0.07137654770575383
source_group,PraNet,full_tie_groups,A,0.952721,case61_2,case61,1592,158,1563,129,0.08253358925143954,0.9817839195979899,True,True,True,False,0.08253358925143954
source_group,PraNet,full_tie_groups,A,0.952721,case61_3,case61,1768,71,1751,54,0.03083952027412907,0.9903846153846154,True,True,True,False,0.03083952027412907
source_group,PraNet,full_tie_groups,A,0.952721,case64,case64,648,287,494,133,0.2692307692307692,0.7623456790123457,False,True,False,False,0.2692307692307692
source_group,PraNet,full_tie_groups,A,0.952721,case67,case67,1528,741,1086,299,0.27532228360957645,0.7107329842931938,False,True,False,False,0.27532228360957645
source_group,PraNet,full_tie_groups,A,0.952721,case6_2,case6,1200,1150,328,278,0.8475609756097561,0.2733333333333333,False,False,False,False,0.8475609756097561
source_group,PraNet,full_tie_groups,A,0.952721,case6_3,case6,1680,1668,232,220,0.9482758620689655,0.1380952380952381,False,False,False,False,0.9482758620689655
source_group,PraNet,full_tie_groups,A,0.952721,case71_1,case71,1024,418,822,216,0.26277372262773724,0.802734375,False,True,False,False,0.26277372262773724
source_group,PraNet,full_tie_groups,A,0.952721,case71_2,case71,1200,488,913,201,0.22015334063526834,0.7608333333333334,False,True,False,False,0.22015334063526834
source_group,PraNet,full_tie_groups,A,0.952721,case71_5,case71,1808,56,1773,21,0.011844331641285956,0.980641592920354,True,True,True,False,0.011844331641285956
source_group,PraNet,full_tie_groups,A,0.952721,case74_1,case74,1256,617,850,211,0.24823529411764705,0.6767515923566879,False,True,False,False,0.24823529411764705
source_group,PraNet,full_tie_groups,A,0.952721,case74_2,case74,952,36,938,22,0.023454157782515993,0.9852941176470589,True,True,True,False,0.023454157782515993
source_group,PraNet,full_tie_groups,A,0.952721,case79,case79,608,492,229,113,0.49344978165938863,0.37664473684210525,False,False,False,False,0.49344978165938863
source_group,PraNet,full_tie_groups,A,0.952721,case7_2,case7,1048,58,1020,30,0.029411764705882353,0.9732824427480916,True,True,True,False,0.029411764705882353
source_group,PraNet,full_tie_groups,A,0.952721,case80_1,case80,1280,100,1245,65,0.05220883534136546,0.97265625,True,True,True,False,0.05220883534136546
source_group,PraNet,full_tie_groups,A,0.952721,case80_2,case80,1200,11,1195,6,0.00502092050209205,0.9958333333333333,True,True,True,False,0.00502092050209205
source_group,PraNet,full_tie_groups,A,0.952721,case80_3,case80,1200,0,1200,0,0.0,1.0,True,True,True,False,0.0
source_group,PraNet,full_tie_groups,A,0.952721,case80_4,case80,1200,0,1200,0,0.0,1.0,True,True,True,False,0.0
source_group,PraNet,full_tie_groups,A,0.952721,case80_5,case80,1096,0,1096,0,0.0,1.0,True,True,True,False,0.0
source_group,PraNet,full_tie_groups,A,0.952721,case80_6,case80,1200,0,1200,0,0.0,1.0,True,True,True,False,0.0
source_group,PraNet,full_tie_groups,A,0.952721,case80_7,case80,1200,0,1200,0,0.0,1.0,True,True,True,False,0.0
source_group,PraNet,full_tie_groups,A,0.952721,case80_8,case80,1160,6,1157,3,0.0025929127052722557,0.9974137931034482,True,True,True,False,0.0025929127052722557
source_group,PraNet,full_tie_groups,A,0.952721,case83_2,case83,3024,73,3022,71,0.023494374586366645,0.9993386243386243,True,True,True,False,0.023494374586366645
source_group,PraNet,full_tie_groups,A,0.952721,case83_3,case83,1072,0,1072,0,0.0,1.0,True,True,True,False,0.0
source_group,PraNet,full_tie_groups,A,0.952721,case85_7,case85,1200,547,921,268,0.2909880564603692,0.7675,False,True,False,False,0.2909880564603692
source_group,PraNet,full_tie_groups,A,0.952721,case85_8,case85,1760,447,1568,255,0.16262755102040816,0.8909090909090909,False,True,False,False,0.16262755102040816
source_group,PraNet,full_tie_groups,A,0.952721,case89,case89,1192,112,1183,103,0.08706677937447169,0.9924496644295302,True,True,True,False,0.08706677937447169
source_group,PraNet,full_tie_groups,A,0.952721,case90_1,case90,1200,42,1177,19,0.016142735768903994,0.9808333333333333,True,True,True,False,0.016142735768903994
source_group,PraNet,full_tie_groups,A,0.952721,case90_3,case90,1432,127,1373,68,0.049526584122359794,0.9587988826815642,True,True,True,False,0.049526584122359794
source_group,PraNet,full_tie_groups,A,0.952721,case93_1,case93,1736,199,1620,83,0.05123456790123457,0.9331797235023042,True,True,True,False,0.05123456790123457
source_group,PraNet,full_tie_groups,A,0.952721,case93_2,case93,1880,196,1762,78,0.04426787741203178,0.9372340425531915,True,True,True,False,0.04426787741203178
source_group,PraNet,full_tie_groups,A,0.952721,case95_1,case95,2072,607,1808,343,0.18971238938053098,0.8725868725868726,False,True,False,False,0.18971238938053098
source_group,PraNet,full_tie_groups,A,0.952721,case95_2,case95,816,0,816,0,0.0,1.0,True,True,True,False,0.0
source_group,PraNet,full_tie_groups,A,0.952721,case95_3,case95,1200,1200,43,43,1.0,0.035833333333333335,False,False,False,False,1.0
source_group,PraNet,full_tie_groups,A,0.952721,case95_4,case95,760,271,607,118,0.19439868204283361,0.7986842105263158,False,True,False,False,0.19439868204283361
source_group,PraNet,full_tie_groups,A,0.952721,case97_1,case97,1200,1050,514,364,0.708171206225681,0.42833333333333334,False,False,False,False,0.708171206225681
source_group,PraNet,full_tie_groups,A,0.952721,case97_2,case97,1232,897,688,353,0.5130813953488372,0.5584415584415584,False,True,False,False,0.5130813953488372
source_group,PraNet,full_tie_groups,A,0.952721,case97_3,case97,1016,454,811,249,0.3070283600493218,0.7982283464566929,False,True,False,False,0.3070283600493218
source_group,PraNet,full_tie_groups,B,0.796017,case100,case100,1504,90,1478,64,0.04330175913396482,0.9827127659574468,True,True,True,False,0.04330175913396482
source_group,PraNet,full_tie_groups,B,0.796017,case12_1,case12,1472,138,1387,53,0.03821196827685652,0.9422554347826086,True,True,True,False,0.03821196827685652
source_group,PraNet,full_tie_groups,B,0.796017,case12_2,case12,1984,491,1626,133,0.08179581795817958,0.8195564516129032,True,True,True,False,0.08179581795817958
source_group,PraNet,full_tie_groups,B,0.796017,case12_3,case12,848,0,848,0,0.0,1.0,True,True,True,False,0.0
source_group,PraNet,full_tie_groups,B,0.796017,case14_1,case14,1200,1186,111,97,0.8738738738738738,0.0925,False,False,False,False,0.8738738738738738
source_group,PraNet,full_tie_groups,B,0.796017,case14_2,case14,1200,1194,118,112,0.9491525423728814,0.09833333333333333,False,False,False,False,0.9491525423728814
source_group,PraNet,full_tie_groups,B,0.796017,case14_3,case14,3024,2982,443,401,0.9051918735891648,0.14649470899470898,False,False,False,False,0.9051918735891648
source_group,PraNet,full_tie_groups,B,0.796017,case14_4,case14,1160,1121,389,350,0.8997429305912596,0.3353448275862069,False,False,False,False,0.8997429305912596
source_group,PraNet,full_tie_groups,B,0.796017,case14_5,case14,1280,1241,415,376,0.9060240963855422,0.32421875,False,False,False,False,0.9060240963855422
source_group,PraNet,full_tie_groups,B,0.796017,case14_6,case14,1600,1578,309,287,0.9288025889967637,0.193125,False,False,False,False,0.9288025889967637
source_group,PraNet,full_tie_groups,B,0.796017,case1_2,case1,1728,3,1725,0,0.0,0.9982638888888888,True,True,True,False,0.0
source_group,PraNet,full_tie_groups,B,0.796017,case23,case23,1456,432,1237,213,0.17219078415521422,0.8495879120879121,False,True,False,False,0.17219078415521422
source_group,PraNet,full_tie_groups,B,0.796017,case25_2,case25,1088,77,1053,42,0.039886039886039885,0.9678308823529411,True,True,True,False,0.039886039886039885
source_group,PraNet,full_tie_groups,B,0.796017,case29_1,case29,1712,260,1551,99,0.06382978723404255,0.9059579439252337,True,True,True,False,0.06382978723404255
source_group,PraNet,full_tie_groups,B,0.796017,case29_2,case29,1304,36,1290,22,0.017054263565891473,0.9892638036809815,True,True,True,False,0.017054263565891473
source_group,PraNet,full_tie_groups,B,0.796017,case2_3,case2,1200,0,1200,0,0.0,1.0,True,True,True,False,0.0
source_group,PraNet,full_tie_groups,B,0.796017,case2_5,case2,1368,39,1358,29,0.021354933726067747,0.9926900584795322,True,True,True,False,0.021354933726067747
source_group,PraNet,full_tie_groups,B,0.796017,case2_6,case2,792,0,792,0,0.0,1.0,True,True,True,False,0.0
source_group,PraNet,full_tie_groups,B,0.796017,case2_8,case2,1448,67,1419,38,0.026779422128259338,0.9799723756906077,True,True,True,False,0.026779422128259338
source_group,PraNet,full_tie_groups,B,0.796017,case2_9,case2,896,0,896,0,0.0,1.0,True,True,True,False,0.0
source_group,PraNet,full_tie_groups,B,0.796017,case30,case30,1792,97,1739,44,0.025301897642323174,0.9704241071428571,True,True,True,False,0.025301897642323174
source_group,PraNet,full_tie_groups,B,0.796017,case32_1,case32,1680,64,1653,37,0.02238354506957048,0.9839285714285714,True,True,True,False,0.02238354506957048
source_group,PraNet,full_tie_groups,B,0.796017,case32_2,case32,800,6,800,6,0.0075,1.0,True,True,True,False,0.0075
source_group,PraNet,full_tie_groups,B,0.796017,case32_3,case32,1320,283,1202,165,0.13727121464226288,0.9106060606060606,True,True,True,False,0.13727121464226288
source_group,PraNet,full_tie_groups,B,0.796017,case32_4,case32,1480,280,1344,144,0.10714285714285714,0.9081081081081082,True,True,True,False,0.10714285714285714
source_group,PraNet,full_tie_groups,B,0.796017,case32_5,case32,1200,25,1188,13,0.010942760942760943,0.99,True,True,True,False,0.010942760942760943
source_group,PraNet,full_tie_groups,B,0.796017,case32_6,case32,1368,16,1360,8,0.0058823529411764705,0.9941520467836257,True,True,True,False,0.0058823529411764705
source_group,PraNet,full_tie_groups,B,0.796017,case35_1,case35,1480,12,1480,12,0.008108108108108109,1.0,True,True,True,False,0.008108108108108109
source_group,PraNet,full_tie_groups,B,0.796017,case35_2,case35,720,0,720,0,0.0,1.0,True,True,True,False,0.0
source_group,PraNet,full_tie_groups,B,0.796017,case35_3,case35,1544,293,1509,258,0.1709741550695825,0.9773316062176166,False,True,False,False,0.1709741550695825
source_group,PraNet,full_tie_groups,B,0.796017,case35_8,case35,928,141,908,121,0.13325991189427314,0.978448275862069,True,True,True,False,0.13325991189427314
source_group,PraNet,full_tie_groups,B,0.796017,case37_1,case37,1496,56,1464,24,0.01639344262295082,0.9786096256684492,True,True,True,False,0.01639344262295082
source_group,PraNet,full_tie_groups,B,0.796017,case37_2,case37,1272,115,1226,69,0.05628058727569331,0.9638364779874213,True,True,True,False,0.05628058727569331
source_group,PraNet,full_tie_groups,B,0.796017,case37_3,case37,816,0,816,0,0.0,1.0,True,True,True,False,0.0
source_group,PraNet,full_tie_groups,B,0.796017,case39_1,case39,2352,414,2153,215,0.09986065954482118,0.9153911564625851,True,True,True,False,0.09986065954482118
source_group,PraNet,full_tie_groups,B,0.796017,case39_2,case39,2160,363,1996,199,0.09969939879759519,0.924074074074074,True,True,True,False,0.09969939879759519
source_group,PraNet,full_tie_groups,B,0.796017,case39_3,case39,1192,70,1179,57,0.04834605597964377,0.9890939597315436,True,True,True,False,0.04834605597964377
source_group,PraNet,full_tie_groups,B,0.796017,case42,case42,2144,481,1850,187,0.10108108108108108,0.8628731343283582,True,True,True,False,0.10108108108108108
source_group,PraNet,full_tie_groups,B,0.796017,case44_1,case44,1200,634,684,118,0.17251461988304093,0.57,False,True,False,False,0.17251461988304093
source_group,PraNet,full_tie_groups,B,0.796017,case48,case48,1408,382,1126,100,0.08880994671403197,0.7997159090909091,True,True,True,False,0.08880994671403197
source_group,PraNet,full_tie_groups,B,0.796017,case50_1,case50,1624,278,1543,197,0.12767336357744652,0.9501231527093597,True,True,True,False,0.12767336357744652
source_group,PraNet,full_tie_groups,B,0.796017,case50_2,case50,1200,9,1200,9,0.0075,1.0,True,True,True,False,0.0075
source_group,PraNet,full_tie_groups,B,0.796017,case50_3,case50,1200,1,1200,1,0.0008333333333333334,1.0,True,True,True,False,0.0008333333333333334
source_group,PraNet,full_tie_groups,B,0.796017,case50_4,case50,1896,162,1828,94,0.05142231947483589,0.9641350210970464,True,True,True,False,0.05142231947483589
source_group,PraNet,full_tie_groups,B,0.796017,case52,case52,1656,109,1594,47,0.029485570890840654,0.9625603864734299,True,True,True,False,0.029485570890840654
source_group,PraNet,full_tie_groups,B,0.796017,case56_1,case56,1200,75,1165,40,0.034334763948497854,0.9708333333333333,True,True,True,False,0.034334763948497854
source_group,PraNet,full_tie_groups,B,0.796017,case56_2,case56,784,0,784,0,0.0,1.0,True,True,True,False,0.0
source_group,PraNet,full_tie_groups,B,0.796017,case60,case60,1168,1043,508,383,0.7539370078740157,0.4349315068493151,False,False,False,False,0.7539370078740157
source_group,PraNet,full_tie_groups,B,0.796017,case63_2,case63,1064,7,1062,5,0.004708097928436911,0.9981203007518797,True,True,True,False,0.004708097928436911
source_group,PraNet,full_tie_groups,B,0.796017,case63_3,case63,1384,51,1357,24,0.017686072218128224,0.9804913294797688,True,True,True,False,0.017686072218128224
source_group,PraNet,full_tie_groups,B,0.796017,case66_2,case66,2584,16,2580,12,0.004651162790697674,0.9984520123839009,True,True,True,False,0.004651162790697674
source_group,PraNet,full_tie_groups,B,0.796017,case66_3,case66,1200,2,1199,1,0.0008340283569641367,0.9991666666666666,True,True,True,False,0.0008340283569641367
source_group,PraNet,full_tie_groups,B,0.796017,case66_4,case66,1888,0,1888,0,0.0,1.0,True,True,True,False,0.0
source_group,PraNet,full_tie_groups,B,0.796017,case66_5,case66,1200,4,1198,2,0.001669449081803005,0.9983333333333333,True,True,True,False,0.001669449081803005
source_group,PraNet,full_tie_groups,B,0.796017,case66_6,case66,1072,0,1072,0,0.0,1.0,True,True,True,False,0.0
source_group,PraNet,full_tie_groups,B,0.796017,case66_8,case66,1200,2,1200,2,0.0016666666666666668,1.0,True,True,True,False,0.0016666666666666668
source_group,PraNet,full_tie_groups,B,0.796017,case66_9,case66,1600,8,1594,2,0.0012547051442910915,0.99625,True,True,True,False,0.0012547051442910915
source_group,PraNet,full_tie_groups,B,0.796017,case68_1,case68,1312,80,1298,66,0.05084745762711865,0.989329268292683,True,True,True,False,0.05084745762711865
source_group,PraNet,full_tie_groups,B,0.796017,case68_2,case68,1440,228,1387,175,0.12617159336697908,0.9631944444444445,True,True,True,False,0.12617159336697908
source_group,PraNet,full_tie_groups,B,0.796017,case68_3,case68,1304,208,1210,114,0.09421487603305785,0.9279141104294478,True,True,True,False,0.09421487603305785
source_group,PraNet,full_tie_groups,B,0.796017,case68_4,case68,1824,10,1822,8,0.0043907793633369925,0.9989035087719298,True,True,True,False,0.0043907793633369925
source_group,PraNet,full_tie_groups,B,0.796017,case68_5,case68,1200,29,1197,26,0.02172096908939014,0.9975,True,True,True,False,0.02172096908939014
source_group,PraNet,full_tie_groups,B,0.796017,case68_6,case68,1632,111,1587,66,0.04158790170132325,0.9724264705882353,True,True,True,False,0.04158790170132325
source_group,PraNet,full_tie_groups,B,0.796017,case68_7,case68,1840,510,1526,196,0.12844036697247707,0.8293478260869566,True,True,True,False,0.12844036697247707
source_group,PraNet,full_tie_groups,B,0.796017,case70,case70,2112,52,2085,25,0.011990407673860911,0.9872159090909091,True,True,True,False,0.011990407673860911
source_group,PraNet,full_tie_groups,B,0.796017,case72_1,case72,1768,41,1746,19,0.010882016036655211,0.9875565610859729,True,True,True,False,0.010882016036655211
source_group,PraNet,full_tie_groups,B,0.796017,case72_3,case72,832,0,832,0,0.0,1.0,True,True,True,False,0.0
source_group,PraNet,full_tie_groups,B,0.796017,case72_4,case72,1720,494,1316,90,0.06838905775075987,0.7651162790697674,True,True,True,False,0.06838905775075987
source_group,PraNet,full_tie_groups,B,0.796017,case75_1,case75,1200,256,987,43,0.04356636271529889,0.8225,True,True,True,False,0.04356636271529889
source_group,PraNet,full_tie_groups,B,0.796017,case81_1,case81,1224,2,1224,2,0.0016339869281045752,1.0,True,True,True,False,0.0016339869281045752
source_group,PraNet,full_tie_groups,B,0.796017,case81_2,case81,2192,62,2138,8,0.0037418147801683817,0.9753649635036497,True,True,True,False,0.0037418147801683817
source_group,PraNet,full_tie_groups,B,0.796017,case84,case84,1744,749,1258,263,0.20906200317965024,0.7213302752293578,False,True,False,False,0.20906200317965024
source_group,PraNet,full_tie_groups,B,0.796017,case86_1,case86,1200,170,1053,23,0.02184235517568851,0.8775,True,True,True,False,0.02184235517568851
source_group,PraNet,full_tie_groups,B,0.796017,case86_2,case86,856,3,855,2,0.0023391812865497076,0.9988317757009346,True,True,True,False,0.0023391812865497076
source_group,PraNet,full_tie_groups,B,0.796017,case8_1,case8,920,34,901,15,0.016648168701442843,0.9793478260869565,True,True,True,False,0.016648168701442843
source_group,PraNet,full_tie_groups,B,0.796017,case8_2,case8,1128,0,1128,0,0.0,1.0,True,True,True,False,0.0
source_group,PraNet,full_tie_groups,B,0.796017,case9,case9,1088,10,1083,5,0.0046168051708217915,0.9954044117647058,True,True,True,False,0.0046168051708217915
source_group,PraNet,full_tie_groups,B,0.796017,case91_1,case91,1200,831,521,152,0.29174664107485604,0.43416666666666665,False,False,False,False,0.29174664107485604
source_group,PraNet,full_tie_groups,B,0.796017,case91_2,case91,1200,462,890,152,0.1707865168539326,0.7416666666666667,False,True,False,False,0.1707865168539326
source_group,PraNet,full_tie_groups,B,0.796017,case91_3,case91,1200,1148,202,150,0.7425742574257426,0.16833333333333333,False,False,False,False,0.7425742574257426
source_group,PraNet,full_tie_groups,B,0.796017,case91_4,case91,872,780,191,99,0.518324607329843,0.2190366972477064,False,False,False,False,0.518324607329843
source_group,PraNet,full_tie_groups,B,0.796017,case91_5,case91,1200,401,1048,249,0.23759541984732824,0.8733333333333333,False,True,False,False,0.23759541984732824
source_group,PraNet,full_tie_groups,B,0.796017,case91_6,case91,944,103,887,46,0.05186020293122886,0.9396186440677966,True,True,True,False,0.05186020293122886
source_group,PraNet,full_tie_groups,B,0.796017,case91_7,case91,1872,216,1741,85,0.048822515795519814,0.9300213675213675,True,True,True,False,0.048822515795519814
source_group,PraNet,full_tie_groups,B,0.796017,case94,case94,1088,107,1071,90,0.08403361344537816,0.984375,True,True,True,False,0.08403361344537816
source_group,PraNet,full_tie_groups,B,0.796017,case96_1,case96,920,629,387,96,0.24806201550387597,0.4206521739130435,False,False,False,False,0.24806201550387597
source_group,PraNet,full_tie_groups,B,0.796017,case96_2,case96,1488,305,1254,71,0.05661881977671451,0.842741935483871,True,True,True,False,0.05661881977671451
source_group,PraNet,full_tie_groups,B,0.796017,case99,case99,1288,187,1149,48,0.04177545691906005,0.8920807453416149,True,True,True,False,0.04177545691906005
source_group,UACANet,prefix,A,0.9354750000000001,case10_1,case10,1704,547,1413,256,0.18117480537862704,0.829225352112676,False,True,False,False,0.18117480537862704
source_group,UACANet,prefix,A,0.9354750000000001,case10_2,case10,1784,323,1742,281,0.16130884041331803,0.976457399103139,False,True,False,False,0.16130884041331803
source_group,UACANet,prefix,A,0.9354750000000001,case11,case11,904,19,890,5,0.0056179775280898875,0.9845132743362832,True,True,True,False,0.0056179775280898875
source_group,UACANet,prefix,A,0.9354750000000001,case13_1,case13,784,112,772,100,0.12953367875647667,0.9846938775510204,True,True,True,False,0.12953367875647667
source_group,UACANet,prefix,A,0.9354750000000001,case13_2,case13,1640,17,1634,11,0.006731946144430845,0.9963414634146341,True,True,True,False,0.006731946144430845
source_group,UACANet,prefix,A,0.9354750000000001,case13_3,case13,1408,17,1406,15,0.010668563300142247,0.9985795454545454,True,True,True,False,0.010668563300142247
source_group,UACANet,prefix,A,0.9354750000000001,case19,case19,768,755,209,196,0.937799043062201,0.2721354166666667,False,False,False,False,0.937799043062201
source_group,UACANet,prefix,A,0.9354750000000001,case20_6,case20,1200,498,958,256,0.267223382045929,0.7983333333333333,False,True,False,False,0.267223382045929
source_group,UACANet,prefix,A,0.9354750000000001,case20_7,case20,1360,466,1190,296,0.24873949579831933,0.875,False,True,False,False,0.24873949579831933
source_group,UACANet,prefix,A,0.9354750000000001,case20_8,case20,1864,966,1368,470,0.3435672514619883,0.7339055793991416,False,True,False,False,0.3435672514619883
source_group,UACANet,prefix,A,0.9354750000000001,case20_9,case20,1200,310,1033,143,0.13843175217812198,0.8608333333333333,True,True,True,False,0.13843175217812198
source_group,UACANet,prefix,A,0.9354750000000001,case24_1,case24,1200,6,1199,5,0.004170141784820684,0.9991666666666666,True,True,True,False,0.004170141784820684
source_group,UACANet,prefix,A,0.9354750000000001,case24_2,case24,1200,0,1200,0,0.0,1.0,True,True,True,False,0.0
source_group,UACANet,prefix,A,0.9354750000000001,case24_3,case24,1216,0,1216,0,0.0,1.0,True,True,True,False,0.0
source_group,UACANet,prefix,A,0.9354750000000001,case24_4,case24,1200,0,1200,0,0.0,1.0,True,True,True,False,0.0
source_group,UACANet,prefix,A,0.9354750000000001,case24_5,case24,1200,6,1197,3,0.002506265664160401,0.9975,True,True,True,False,0.002506265664160401
source_group,UACANet,prefix,A,0.9354750000000001,case24_6,case24,1768,108,1732,72,0.04157043879907621,0.9796380090497737,True,True,True,False,0.04157043879907621
source_group,UACANet,prefix,A,0.9354750000000001,case27,case27,1992,220,1902,130,0.0683491062039958,0.9548192771084337,True,True,True,False,0.0683491062039958
source_group,UACANet,prefix,A,0.9354750000000001,case31,case31,1464,8,1464,8,0.00546448087431694,1.0,True,True,True,False,0.00546448087431694
source_group,UACANet,prefix,A,0.9354750000000001,case34_1,case34,968,265,878,175,0.19931662870159453,0.9070247933884298,False,True,False,False,0.19931662870159453
source_group,UACANet,prefix,A,0.9354750000000001,case34_2,case34,992,7,991,6,0.006054490413723511,0.998991935483871,True,True,True,False,0.006054490413723511
source_group,UACANet,prefix,A,0.9354750000000001,case36_1,case36,2672,1618,2000,946,0.473,0.7485029940119761,False,True,False,False,0.473
source_group,UACANet,prefix,A,0.9354750000000001,case36_2,case36,1200,913,883,596,0.6749716874292185,0.7358333333333333,False,True,False,False,0.6749716874292185
source_group,UACANet,prefix,A,0.9354750000000001,case36_3,case36,1624,734,1364,474,0.34750733137829914,0.8399014778325123,False,True,False,False,0.34750733137829914
source_group,UACANet,prefix,A,0.9354750000000001,case36_4,case36,1024,962,513,451,0.8791423001949318,0.5009765625,False,True,False,False,0.8791423001949318
source_group,UACANet,prefix,A,0.9354750000000001,case38_2,case38,2032,875,1727,570,0.33005211349160396,0.8499015748031497,False,True,False,False,0.33005211349160396
source_group,UACANet,prefix,A,0.9354750000000001,case3_1,case3,1584,95,1548,59,0.03811369509043928,0.9772727272727273,True,True,True,False,0.03811369509043928
source_group,UACANet,prefix,A,0.9354750000000001,case3_2,case3,752,265,610,123,0.20163934426229507,0.8111702127659575,False,True,False,False,0.20163934426229507
source_group,UACANet,prefix,A,0.9354750000000001,case40,case40,1272,242,1166,136,0.11663807890222985,0.9166666666666666,True,True,True,False,0.11663807890222985
source_group,UACANet,prefix,A,0.9354750000000001,case43,case43,2080,104,2022,46,0.02274975272007913,0.9721153846153846,True,True,True,False,0.02274975272007913
source_group,UACANet,prefix,A,0.9354750000000001,case47_2,case47,1200,53,1183,36,0.030431107354184278,0.9858333333333333,True,True,True,False,0.030431107354184278
source_group,UACANet,prefix,A,0.9354750000000001,case47_3,case47,1200,0,1200,0,0.0,1.0,True,True,True,False,0.0
source_group,UACANet,prefix,A,0.9354750000000001,case47_4,case47,1064,0,1064,0,0.0,1.0,True,True,True,False,0.0
source_group,UACANet,prefix,A,0.9354750000000001,case47_5,case47,976,0,976,0,0.0,1.0,True,True,True,False,0.0
source_group,UACANet,prefix,A,0.9354750000000001,case51_1,case51,1400,76,1378,54,0.03918722786647315,0.9842857142857143,True,True,True,False,0.03918722786647315
source_group,UACANet,prefix,A,0.9354750000000001,case51_10,case51,1744,20,1742,18,0.010332950631458095,0.9988532110091743,True,True,True,False,0.010332950631458095
source_group,UACANet,prefix,A,0.9354750000000001,case51_2,case51,2000,151,1959,110,0.05615109749872384,0.9795,True,True,True,False,0.05615109749872384
source_group,UACANet,prefix,A,0.9354750000000001,case51_3,case51,1680,93,1638,51,0.031135531135531136,0.975,True,True,True,False,0.031135531135531136
source_group,UACANet,prefix,A,0.9354750000000001,case51_4,case51,1200,10,1200,10,0.008333333333333333,1.0,True,True,True,False,0.008333333333333333
source_group,UACANet,prefix,A,0.9354750000000001,case51_5,case51,1200,106,1151,57,0.04952215464813206,0.9591666666666666,True,True,True,False,0.04952215464813206
source_group,UACANet,prefix,A,0.9354750000000001,case51_6,case51,1200,18,1195,13,0.010878661087866108,0.9958333333333333,True,True,True,False,0.010878661087866108
source_group,UACANet,prefix,A,0.9354750000000001,case51_7,case51,1072,282,855,65,0.07602339181286549,0.7975746268656716,True,True,True,False,0.07602339181286549
source_group,UACANet,prefix,A,0.9354750000000001,case51_8,case51,1200,209,1192,201,0.1686241610738255,0.9933333333333333,False,True,False,False,0.1686241610738255
source_group,UACANet,prefix,A,0.9354750000000001,case51_9,case51,1200,354,1129,283,0.25066430469441986,0.9408333333333333,False,True,False,False,0.25066430469441986
source_group,UACANet,prefix,A,0.9354750000000001,case54_1,case54,1688,845,1108,265,0.23916967509025272,0.6563981042654028,False,True,False,False,0.23916967509025272
source_group,UACANet,prefix,A,0.9354750000000001,case54_2,case54,1072,233,974,135,0.13860369609856263,0.9085820895522388,True,True,True,False,0.13860369609856263
source_group,UACANet,prefix,A,0.9354750000000001,case5_4,case5,1200,1,1200,1,0.0008333333333333334,1.0,True,True,True,False,0.0008333333333333334
source_group,UACANet,prefix,A,0.9354750000000001,case5_6,case5,1400,62,1387,49,0.035328046142754144,0.9907142857142858,True,True,True,False,0.035328046142754144
source_group,UACANet,prefix,A,0.9354750000000001,case61_2,case61,1592,376,1493,277,0.1855324849296718,0.9378140703517588,False,True,False,False,0.1855324849296718
source_group,UACANet,prefix,A,0.9354750000000001,case61_3,case61,1768,132,1732,96,0.05542725173210162,0.9796380090497737,True,True,True,False,0.05542725173210162
source_group,UACANet,prefix,A,0.9354750000000001,case64,case64,648,172,550,74,0.13454545454545455,0.8487654320987654,True,True,True,False,0.13454545454545455
source_group,UACANet,prefix,A,0.9354750000000001,case67,case67,1528,577,1234,283,0.2293354943273906,0.8075916230366492,False,True,False,False,0.2293354943273906
source_group,UACANet,prefix,A,0.9354750000000001,case6_2,case6,1200,1077,589,466,0.7911714770797963,0.49083333333333334,False,False,False,False,0.7911714770797963
source_group,UACANet,prefix,A,0.9354750000000001,case6_3,case6,1680,1464,783,567,0.7241379310344828,0.4660714285714286,False,False,False,False,0.7241379310344828
source_group,UACANet,prefix,A,0.9354750000000001,case71_1,case71,1024,229,924,129,0.1396103896103896,0.90234375,True,True,True,False,0.1396103896103896
source_group,UACANet,prefix,A,0.9354750000000001,case71_2,case71,1200,297,1090,187,0.17155963302752295,0.9083333333333333,False,True,False,False,0.17155963302752295
source_group,UACANet,prefix,A,0.9354750000000001,case71_5,case71,1808,33,1785,10,0.0056022408963585435,0.9872787610619469,True,True,True,False,0.0056022408963585435
source_group,UACANet,prefix,A,0.9354750000000001,case74_1,case74,1256,494,1016,254,0.25,0.8089171974522293,False,True,False,False,0.25
source_group,UACANet,prefix,A,0.9354750000000001,case74_2,case74,952,5,951,4,0.004206098843322818,0.9989495798319328,True,True,True,False,0.004206098843322818
source_group,UACANet,prefix,A,0.9354750000000001,case79,case79,608,442,316,150,0.47468354430379744,0.5197368421052632,False,True,False,False,0.47468354430379744
source_group,UACANet,prefix,A,0.9354750000000001,case7_2,case7,1048,40,1027,19,0.018500486854917234,0.9799618320610687,True,True,True,False,0.018500486854917234
source_group,UACANet,prefix,A,0.9354750000000001,case80_1,case80,1280,51,1261,32,0.025376685170499604,0.98515625,True,True,True,False,0.025376685170499604
source_group,UACANet,prefix,A,0.9354750000000001,case80_2,case80,1200,0,1200,0,0.0,1.0,True,True,True,False,0.0
source_group,UACANet,prefix,A,0.9354750000000001,case80_3,case80,1200,0,1200,0,0.0,1.0,True,True,True,False,0.0
source_group,UACANet,prefix,A,0.9354750000000001,case80_4,case80,1200,0,1200,0,0.0,1.0,True,True,True,False,0.0
source_group,UACANet,prefix,A,0.9354750000000001,case80_5,case80,1096,0,1096,0,0.0,1.0,True,True,True,False,0.0
source_group,UACANet,prefix,A,0.9354750000000001,case80_6,case80,1200,0,1200,0,0.0,1.0,True,True,True,False,0.0
source_group,UACANet,prefix,A,0.9354750000000001,case80_7,case80,1200,0,1200,0,0.0,1.0,True,True,True,False,0.0
source_group,UACANet,prefix,A,0.9354750000000001,case80_8,case80,1160,0,1160,0,0.0,1.0,True,True,True,False,0.0
source_group,UACANet,prefix,A,0.9354750000000001,case83_2,case83,3024,44,3019,39,0.012918184829413714,0.9983465608465608,True,True,True,False,0.012918184829413714
source_group,UACANet,prefix,A,0.9354750000000001,case83_3,case83,1072,0,1072,0,0.0,1.0,True,True,True,False,0.0
source_group,UACANet,prefix,A,0.9354750000000001,case85_7,case85,1200,522,861,183,0.21254355400696864,0.7175,False,True,False,False,0.21254355400696864
source_group,UACANet,prefix,A,0.9354750000000001,case85_8,case85,1760,315,1539,94,0.06107862248213125,0.8744318181818181,True,True,True,False,0.06107862248213125
source_group,UACANet,prefix,A,0.9354750000000001,case89,case89,1192,152,1189,149,0.12531539108494533,0.99748322147651,True,True,True,False,0.12531539108494533
source_group,UACANet,prefix,A,0.9354750000000001,case90_1,case90,1200,0,1200,0,0.0,1.0,True,True,True,False,0.0
source_group,UACANet,prefix,A,0.9354750000000001,case90_3,case90,1432,22,1426,16,0.011220196353436185,0.9958100558659218,True,True,True,False,0.011220196353436185
source_group,UACANet,prefix,A,0.9354750000000001,case93_1,case93,1736,160,1661,85,0.051173991571342566,0.9567972350230415,True,True,True,False,0.051173991571342566
source_group,UACANet,prefix,A,0.9354750000000001,case93_2,case93,1880,183,1791,94,0.05248464544946957,0.9526595744680851,True,True,True,False,0.05248464544946957
source_group,UACANet,prefix,A,0.9354750000000001,case95_1,case95,2072,392,1966,286,0.14547304170905392,0.9488416988416989,True,True,True,False,0.14547304170905392
source_group,UACANet,prefix,A,0.9354750000000001,case95_2,case95,816,0,816,0,0.0,1.0,True,True,True,False,0.0
source_group,UACANet,prefix,A,0.9354750000000001,case95_3,case95,1200,1178,230,208,0.9043478260869565,0.19166666666666668,False,False,False,False,0.9043478260869565
source_group,UACANet,prefix,A,0.9354750000000001,case95_4,case95,760,299,654,193,0.29510703363914376,0.8605263157894737,False,True,False,False,0.29510703363914376
source_group,UACANet,prefix,A,0.9354750000000001,case97_1,case97,1200,1075,690,565,0.8188405797101449,0.575,False,True,False,False,0.8188405797101449
source_group,UACANet,prefix,A,0.9354750000000001,case97_2,case97,1232,1004,788,560,0.7106598984771574,0.6396103896103896,False,True,False,False,0.7106598984771574
source_group,UACANet,prefix,A,0.9354750000000001,case97_3,case97,1016,383,931,298,0.3200859291084855,0.9163385826771654,False,True,False,False,0.3200859291084855
source_group,UACANet,prefix,B,0.811057,case100,case100,1504,43,1491,30,0.02012072434607646,0.9913563829787234,True,True,True,False,0.02012072434607646
source_group,UACANet,prefix,B,0.811057,case12_1,case12,1472,85,1424,37,0.02598314606741573,0.967391304347826,True,True,True,False,0.02598314606741573
source_group,UACANet,prefix,B,0.811057,case12_2,case12,1984,378,1747,141,0.08070978820835718,0.8805443548387096,True,True,True,False,0.08070978820835718
source_group,UACANet,prefix,B,0.811057,case12_3,case12,848,0,848,0,0.0,1.0,True,True,True,False,0.0
source_group,UACANet,prefix,B,0.811057,case14_1,case14,1200,1160,494,454,0.9190283400809717,0.4116666666666667,False,False,False,False,0.9190283400809717
source_group,UACANet,prefix,B,0.811057,case14_2,case14,1200,1182,480,462,0.9625,0.4,False,False,False,False,0.9625
source_group,UACANet,prefix,B,0.811057,case14_3,case14,3024,2410,1371,757,0.5521517140773158,0.45337301587301587,False,False,False,False,0.5521517140773158
source_group,UACANet,prefix,B,0.811057,case14_4,case14,1160,993,660,493,0.746969696969697,0.5689655172413793,False,True,False,False,0.746969696969697
source_group,UACANet,prefix,B,0.811057,case14_5,case14,1280,978,810,508,0.6271604938271605,0.6328125,False,True,False,False,0.6271604938271605
source_group,UACANet,prefix,B,0.811057,case14_6,case14,1600,1520,491,411,0.8370672097759674,0.306875,False,False,False,False,0.8370672097759674
source_group,UACANet,prefix,B,0.811057,case1_2,case1,1728,0,1728,0,0.0,1.0,True,True,True,False,0.0
source_group,UACANet,prefix,B,0.811057,case23,case23,1456,319,1322,185,0.13993948562783662,0.907967032967033,True,True,True,False,0.13993948562783662
source_group,UACANet,prefix,B,0.811057,case25_2,case25,1088,24,1082,18,0.0166358595194085,0.9944852941176471,True,True,True,False,0.0166358595194085
source_group,UACANet,prefix,B,0.811057,case29_1,case29,1712,203,1621,112,0.06909315237507711,0.9468457943925234,True,True,True,False,0.06909315237507711
source_group,UACANet,prefix,B,0.811057,case29_2,case29,1304,12,1300,8,0.006153846153846154,0.9969325153374233,True,True,True,False,0.006153846153846154
source_group,UACANet,prefix,B,0.811057,case2_3,case2,1200,0,1200,0,0.0,1.0,True,True,True,False,0.0
source_group,UACANet,prefix,B,0.811057,case2_5,case2,1368,12,1366,10,0.007320644216691069,0.9985380116959064,True,True,True,False,0.007320644216691069
source_group,UACANet,prefix,B,0.811057,case2_6,case2,792,0,792,0,0.0,1.0,True,True,True,False,0.0
source_group,UACANet,prefix,B,0.811057,case2_8,case2,1448,35,1425,12,0.008421052631578947,0.9841160220994475,True,True,True,False,0.008421052631578947
source_group,UACANet,prefix,B,0.811057,case2_9,case2,896,0,896,0,0.0,1.0,True,True,True,False,0.0
source_group,UACANet,prefix,B,0.811057,case30,case30,1792,43,1773,24,0.01353637901861252,0.9893973214285714,True,True,True,False,0.01353637901861252
source_group,UACANet,prefix,B,0.811057,case32_1,case32,1680,21,1674,15,0.008960573476702509,0.9964285714285714,True,True,True,False,0.008960573476702509
source_group,UACANet,prefix,B,0.811057,case32_2,case32,800,1,800,1,0.00125,1.0,True,True,True,False,0.00125
source_group,UACANet,prefix,B,0.811057,case32_3,case32,1320,197,1218,95,0.07799671592775041,0.9227272727272727,True,True,True,False,0.07799671592775041
source_group,UACANet,prefix,B,0.811057,case32_4,case32,1480,179,1376,75,0.05450581395348837,0.9297297297297298,True,True,True,False,0.05450581395348837
source_group,UACANet,prefix,B,0.811057,case32_5,case32,1200,0,1200,0,0.0,1.0,True,True,True,False,0.0
source_group,UACANet,prefix,B,0.811057,case32_6,case32,1368,20,1365,17,0.012454212454212455,0.9978070175438597,True,True,True,False,0.012454212454212455
source_group,UACANet,prefix,B,0.811057,case35_1,case35,1480,0,1480,0,0.0,1.0,True,True,True,False,0.0
source_group,UACANet,prefix,B,0.811057,case35_2,case35,720,0,720,0,0.0,1.0,True,True,True,False,0.0
source_group,UACANet,prefix,B,0.811057,case35_3,case35,1544,153,1544,153,0.09909326424870467,1.0,True,True,True,False,0.09909326424870467
source_group,UACANet,prefix,B,0.811057,case35_8,case35,928,228,927,227,0.24487594390507011,0.9989224137931034,False,True,False,False,0.24487594390507011
source_group,UACANet,prefix,B,0.811057,case37_1,case37,1496,2,1496,2,0.001336898395721925,1.0,True,True,True,False,0.001336898395721925
source_group,UACANet,prefix,B,0.811057,case37_2,case37,1272,98,1228,54,0.043973941368078175,0.9654088050314465,True,True,True,False,0.043973941368078175
source_group,UACANet,prefix,B,0.811057,case37_3,case37,816,0,816,0,0.0,1.0,True,True,True,False,0.0
source_group,UACANet,prefix,B,0.811057,case39_1,case39,2352,503,2146,297,0.13839701770736254,0.9124149659863946,True,True,True,False,0.13839701770736254
source_group,UACANet,prefix,B,0.811057,case39_2,case39,2160,154,2115,109,0.051536643026004726,0.9791666666666666,True,True,True,False,0.051536643026004726
source_group,UACANet,prefix,B,0.811057,case39_3,case39,1192,9,1191,8,0.006717044500419815,0.9991610738255033,True,True,True,False,0.006717044500419815
source_group,UACANet,prefix,B,0.811057,case42,case42,2144,339,1957,152,0.07766990291262135,0.9127798507462687,True,True,True,False,0.07766990291262135
source_group,UACANet,prefix,B,0.811057,case44_1,case44,1200,342,947,89,0.09398099260823653,0.7891666666666667,True,True,True,False,0.09398099260823653
source_group,UACANet,prefix,B,0.811057,case48,case48,1408,267,1272,131,0.1029874213836478,0.9034090909090909,True,True,True,False,0.1029874213836478
source_group,UACANet,prefix,B,0.811057,case50_1,case50,1624,174,1571,121,0.07702100572883513,0.9673645320197044,True,True,True,False,0.07702100572883513
source_group,UACANet,prefix,B,0.811057,case50_2,case50,1200,5,1198,3,0.0025041736227045075,0.9983333333333333,True,True,True,False,0.0025041736227045075
source_group,UACANet,prefix,B,0.811057,case50_3,case50,1200,0,1200,0,0.0,1.0,True,True,True,False,0.0
source_group,UACANet,prefix,B,0.811057,case50_4,case50,1896,111,1841,56,0.030418250950570342,0.9709915611814346,True,True,True,False,0.030418250950570342
source_group,UACANet,prefix,B,0.811057,case52,case52,1656,112,1618,74,0.04573547589616811,0.9770531400966184,True,True,True,False,0.04573547589616811
source_group,UACANet,prefix,B,0.811057,case56_1,case56,1200,51,1179,30,0.02544529262086514,0.9825,True,True,True,False,0.02544529262086514
source_group,UACANet,prefix,B,0.811057,case56_2,case56,784,0,784,0,0.0,1.0,True,True,True,False,0.0
source_group,UACANet,prefix,B,0.811057,case60,case60,1168,615,974,421,0.4322381930184805,0.833904109589041,False,True,False,False,0.4322381930184805
source_group,UACANet,prefix,B,0.811057,case63_2,case63,1064,3,1064,3,0.002819548872180451,1.0,True,True,True,False,0.002819548872180451
source_group,UACANet,prefix,B,0.811057,case63_3,case63,1384,17,1381,14,0.010137581462708182,0.9978323699421965,True,True,True,False,0.010137581462708182
source_group,UACANet,prefix,B,0.811057,case66_2,case66,2584,2,2584,2,0.0007739938080495357,1.0,True,True,True,False,0.0007739938080495357
source_group,UACANet,prefix,B,0.811057,case66_3,case66,1200,0,1200,0,0.0,1.0,True,True,True,False,0.0
source_group,UACANet,prefix,B,0.811057,case66_4,case66,1888,0,1888,0,0.0,1.0,True,True,True,False,0.0
source_group,UACANet,prefix,B,0.811057,case66_5,case66,1200,1,1200,1,0.0008333333333333334,1.0,True,True,True,False,0.0008333333333333334
source_group,UACANet,prefix,B,0.811057,case66_6,case66,1072,0,1072,0,0.0,1.0,True,True,True,False,0.0
source_group,UACANet,prefix,B,0.811057,case66_8,case66,1200,0,1200,0,0.0,1.0,True,True,True,False,0.0
source_group,UACANet,prefix,B,0.811057,case66_9,case66,1600,0,1600,0,0.0,1.0,True,True,True,False,0.0
source_group,UACANet,prefix,B,0.811057,case68_1,case68,1312,158,1248,94,0.07532051282051282,0.9512195121951219,True,True,True,False,0.07532051282051282
source_group,UACANet,prefix,B,0.811057,case68_2,case68,1440,245,1370,175,0.12773722627737227,0.9513888888888888,True,True,True,False,0.12773722627737227
source_group,UACANet,prefix,B,0.811057,case68_3,case68,1304,376,1122,194,0.17290552584670232,0.8604294478527608,False,True,False,False,0.17290552584670232
source_group,UACANet,prefix,B,0.811057,case68_4,case68,1824,87,1801,64,0.03553581343697946,0.987390350877193,True,True,True,False,0.03553581343697946
source_group,UACANet,prefix,B,0.811057,case68_5,case68,1200,80,1179,59,0.05004240882103478,0.9825,True,True,True,False,0.05004240882103478
source_group,UACANet,prefix,B,0.811057,case68_6,case68,1632,174,1557,99,0.06358381502890173,0.9540441176470589,True,True,True,False,0.06358381502890173
source_group,UACANet,prefix,B,0.811057,case68_7,case68,1840,176,1772,108,0.060948081264108354,0.9630434782608696,True,True,True,False,0.060948081264108354
source_group,UACANet,prefix,B,0.811057,case70,case70,2112,42,2093,23,0.01098901098901099,0.9910037878787878,True,True,True,False,0.01098901098901099
source_group,UACANet,prefix,B,0.811057,case72_1,case72,1768,14,1763,9,0.005104934770277935,0.9971719457013575,True,True,True,False,0.005104934770277935
source_group,UACANet,prefix,B,0.811057,case72_3,case72,832,0,832,0,0.0,1.0,True,True,True,False,0.0
source_group,UACANet,prefix,B,0.811057,case72_4,case72,1720,366,1447,93,0.06427090532135453,0.8412790697674418,True,True,True,False,0.06427090532135453
source_group,UACANet,prefix,B,0.811057,case75_1,case75,1200,87,1139,26,0.0228270412642669,0.9491666666666667,True,True,True,False,0.0228270412642669
source_group,UACANet,prefix,B,0.811057,case81_1,case81,1224,0,1224,0,0.0,1.0,True,True,True,False,0.0
source_group,UACANet,prefix,B,0.811057,case81_2,case81,2192,57,2147,12,0.0055891942244993015,0.979470802919708,True,True,True,False,0.0055891942244993015
source_group,UACANet,prefix,B,0.811057,case84,case84,1744,564,1474,294,0.1994572591587517,0.8451834862385321,False,True,False,False,0.1994572591587517
source_group,UACANet,prefix,B,0.811057,case86_1,case86,1200,29,1174,3,0.002555366269165247,0.9783333333333334,True,True,True,False,0.002555366269165247
source_group,UACANet,prefix,B,0.811057,case86_2,case86,856,0,856,0,0.0,1.0,True,True,True,False,0.0
source_group,UACANet,prefix,B,0.811057,case8_1,case8,920,19,914,13,0.014223194748358862,0.9934782608695653,True,True,True,False,0.014223194748358862
source_group,UACANet,prefix,B,0.811057,case8_2,case8,1128,6,1128,6,0.005319148936170213,1.0,True,True,True,False,0.005319148936170213
source_group,UACANet,prefix,B,0.811057,case9,case9,1088,2,1087,1,0.0009199632014719411,0.9990808823529411,True,True,True,False,0.0009199632014719411
source_group,UACANet,prefix,B,0.811057,case91_1,case91,1200,631,893,324,0.3628219484882419,0.7441666666666666,False,True,False,False,0.3628219484882419
source_group,UACANet,prefix,B,0.811057,case91_2,case91,1200,512,913,225,0.24644030668127054,0.7608333333333334,False,True,False,False,0.24644030668127054
source_group,UACANet,prefix,B,0.811057,case91_3,case91,1200,1070,460,330,0.717391304347826,0.38333333333333336,False,False,False,False,0.717391304347826
source_group,UACANet,prefix,B,0.811057,case91_4,case91,872,725,453,306,0.6754966887417219,0.5194954128440367,False,True,False,False,0.6754966887417219
source_group,UACANet,prefix,B,0.811057,case91_5,case91,1200,659,806,265,0.32878411910669975,0.6716666666666666,False,True,False,False,0.32878411910669975
source_group,UACANet,prefix,B,0.811057,case91_6,case91,944,174,871,101,0.11595866819747416,0.9226694915254238,True,True,True,False,0.11595866819747416
source_group,UACANet,prefix,B,0.811057,case91_7,case91,1872,154,1794,76,0.042363433667781496,0.9583333333333334,True,True,True,False,0.042363433667781496
source_group,UACANet,prefix,B,0.811057,case94,case94,1088,113,1017,42,0.04129793510324484,0.9347426470588235,True,True,True,False,0.04129793510324484
source_group,UACANet,prefix,B,0.811057,case96_1,case96,920,591,430,101,0.23488372093023255,0.4673913043478261,False,False,False,False,0.23488372093023255
source_group,UACANet,prefix,B,0.811057,case96_2,case96,1488,126,1426,64,0.04488078541374474,0.9583333333333334,True,True,True,False,0.04488078541374474
source_group,UACANet,prefix,B,0.811057,case99,case99,1288,63,1253,28,0.0223463687150838,0.9728260869565217,True,True,True,False,0.0223463687150838
source_group,UACANet,full_tie_groups,A,0.9354750000000001,case10_1,case10,1704,547,1413,256,0.18117480537862704,0.829225352112676,False,True,False,False,0.18117480537862704
source_group,UACANet,full_tie_groups,A,0.9354750000000001,case10_2,case10,1784,323,1742,281,0.16130884041331803,0.976457399103139,False,True,False,False,0.16130884041331803
source_group,UACANet,full_tie_groups,A,0.9354750000000001,case11,case11,904,19,890,5,0.0056179775280898875,0.9845132743362832,True,True,True,False,0.0056179775280898875
source_group,UACANet,full_tie_groups,A,0.9354750000000001,case13_1,case13,784,112,772,100,0.12953367875647667,0.9846938775510204,True,True,True,False,0.12953367875647667
source_group,UACANet,full_tie_groups,A,0.9354750000000001,case13_2,case13,1640,17,1634,11,0.006731946144430845,0.9963414634146341,True,True,True,False,0.006731946144430845
source_group,UACANet,full_tie_groups,A,0.9354750000000001,case13_3,case13,1408,17,1406,15,0.010668563300142247,0.9985795454545454,True,True,True,False,0.010668563300142247
source_group,UACANet,full_tie_groups,A,0.9354750000000001,case19,case19,768,755,209,196,0.937799043062201,0.2721354166666667,False,False,False,False,0.937799043062201
source_group,UACANet,full_tie_groups,A,0.9354750000000001,case20_6,case20,1200,498,958,256,0.267223382045929,0.7983333333333333,False,True,False,False,0.267223382045929
source_group,UACANet,full_tie_groups,A,0.9354750000000001,case20_7,case20,1360,466,1190,296,0.24873949579831933,0.875,False,True,False,False,0.24873949579831933
source_group,UACANet,full_tie_groups,A,0.9354750000000001,case20_8,case20,1864,966,1368,470,0.3435672514619883,0.7339055793991416,False,True,False,False,0.3435672514619883
source_group,UACANet,full_tie_groups,A,0.9354750000000001,case20_9,case20,1200,310,1033,143,0.13843175217812198,0.8608333333333333,True,True,True,False,0.13843175217812198
source_group,UACANet,full_tie_groups,A,0.9354750000000001,case24_1,case24,1200,6,1199,5,0.004170141784820684,0.9991666666666666,True,True,True,False,0.004170141784820684
source_group,UACANet,full_tie_groups,A,0.9354750000000001,case24_2,case24,1200,0,1200,0,0.0,1.0,True,True,True,False,0.0
source_group,UACANet,full_tie_groups,A,0.9354750000000001,case24_3,case24,1216,0,1216,0,0.0,1.0,True,True,True,False,0.0
source_group,UACANet,full_tie_groups,A,0.9354750000000001,case24_4,case24,1200,0,1200,0,0.0,1.0,True,True,True,False,0.0
source_group,UACANet,full_tie_groups,A,0.9354750000000001,case24_5,case24,1200,6,1197,3,0.002506265664160401,0.9975,True,True,True,False,0.002506265664160401
source_group,UACANet,full_tie_groups,A,0.9354750000000001,case24_6,case24,1768,108,1732,72,0.04157043879907621,0.9796380090497737,True,True,True,False,0.04157043879907621
source_group,UACANet,full_tie_groups,A,0.9354750000000001,case27,case27,1992,220,1902,130,0.0683491062039958,0.9548192771084337,True,True,True,False,0.0683491062039958
source_group,UACANet,full_tie_groups,A,0.9354750000000001,case31,case31,1464,8,1464,8,0.00546448087431694,1.0,True,True,True,False,0.00546448087431694
source_group,UACANet,full_tie_groups,A,0.9354750000000001,case34_1,case34,968,265,878,175,0.19931662870159453,0.9070247933884298,False,True,False,False,0.19931662870159453
source_group,UACANet,full_tie_groups,A,0.9354750000000001,case34_2,case34,992,7,991,6,0.006054490413723511,0.998991935483871,True,True,True,False,0.006054490413723511
source_group,UACANet,full_tie_groups,A,0.9354750000000001,case36_1,case36,2672,1618,2000,946,0.473,0.7485029940119761,False,True,False,False,0.473
source_group,UACANet,full_tie_groups,A,0.9354750000000001,case36_2,case36,1200,913,883,596,0.6749716874292185,0.7358333333333333,False,True,False,False,0.6749716874292185
source_group,UACANet,full_tie_groups,A,0.9354750000000001,case36_3,case36,1624,734,1364,474,0.34750733137829914,0.8399014778325123,False,True,False,False,0.34750733137829914
source_group,UACANet,full_tie_groups,A,0.9354750000000001,case36_4,case36,1024,962,513,451,0.8791423001949318,0.5009765625,False,True,False,False,0.8791423001949318
source_group,UACANet,full_tie_groups,A,0.9354750000000001,case38_2,case38,2032,875,1727,570,0.33005211349160396,0.8499015748031497,False,True,False,False,0.33005211349160396
source_group,UACANet,full_tie_groups,A,0.9354750000000001,case3_1,case3,1584,95,1548,59,0.03811369509043928,0.9772727272727273,True,True,True,False,0.03811369509043928
source_group,UACANet,full_tie_groups,A,0.9354750000000001,case3_2,case3,752,265,610,123,0.20163934426229507,0.8111702127659575,False,True,False,False,0.20163934426229507
source_group,UACANet,full_tie_groups,A,0.9354750000000001,case40,case40,1272,242,1166,136,0.11663807890222985,0.9166666666666666,True,True,True,False,0.11663807890222985
source_group,UACANet,full_tie_groups,A,0.9354750000000001,case43,case43,2080,104,2022,46,0.02274975272007913,0.9721153846153846,True,True,True,False,0.02274975272007913
source_group,UACANet,full_tie_groups,A,0.9354750000000001,case47_2,case47,1200,53,1183,36,0.030431107354184278,0.9858333333333333,True,True,True,False,0.030431107354184278
source_group,UACANet,full_tie_groups,A,0.9354750000000001,case47_3,case47,1200,0,1200,0,0.0,1.0,True,True,True,False,0.0
source_group,UACANet,full_tie_groups,A,0.9354750000000001,case47_4,case47,1064,0,1064,0,0.0,1.0,True,True,True,False,0.0
source_group,UACANet,full_tie_groups,A,0.9354750000000001,case47_5,case47,976,0,976,0,0.0,1.0,True,True,True,False,0.0
source_group,UACANet,full_tie_groups,A,0.9354750000000001,case51_1,case51,1400,76,1378,54,0.03918722786647315,0.9842857142857143,True,True,True,False,0.03918722786647315
source_group,UACANet,full_tie_groups,A,0.9354750000000001,case51_10,case51,1744,20,1742,18,0.010332950631458095,0.9988532110091743,True,True,True,False,0.010332950631458095
source_group,UACANet,full_tie_groups,A,0.9354750000000001,case51_2,case51,2000,151,1959,110,0.05615109749872384,0.9795,True,True,True,False,0.05615109749872384
source_group,UACANet,full_tie_groups,A,0.9354750000000001,case51_3,case51,1680,93,1638,51,0.031135531135531136,0.975,True,True,True,False,0.031135531135531136
source_group,UACANet,full_tie_groups,A,0.9354750000000001,case51_4,case51,1200,10,1200,10,0.008333333333333333,1.0,True,True,True,False,0.008333333333333333
source_group,UACANet,full_tie_groups,A,0.9354750000000001,case51_5,case51,1200,106,1151,57,0.04952215464813206,0.9591666666666666,True,True,True,False,0.04952215464813206
source_group,UACANet,full_tie_groups,A,0.9354750000000001,case51_6,case51,1200,18,1195,13,0.010878661087866108,0.9958333333333333,True,True,True,False,0.010878661087866108
source_group,UACANet,full_tie_groups,A,0.9354750000000001,case51_7,case51,1072,282,855,65,0.07602339181286549,0.7975746268656716,True,True,True,False,0.07602339181286549
source_group,UACANet,full_tie_groups,A,0.9354750000000001,case51_8,case51,1200,209,1192,201,0.1686241610738255,0.9933333333333333,False,True,False,False,0.1686241610738255
source_group,UACANet,full_tie_groups,A,0.9354750000000001,case51_9,case51,1200,354,1129,283,0.25066430469441986,0.9408333333333333,False,True,False,False,0.25066430469441986
source_group,UACANet,full_tie_groups,A,0.9354750000000001,case54_1,case54,1688,845,1108,265,0.23916967509025272,0.6563981042654028,False,True,False,False,0.23916967509025272
source_group,UACANet,full_tie_groups,A,0.9354750000000001,case54_2,case54,1072,233,974,135,0.13860369609856263,0.9085820895522388,True,True,True,False,0.13860369609856263
source_group,UACANet,full_tie_groups,A,0.9354750000000001,case5_4,case5,1200,1,1200,1,0.0008333333333333334,1.0,True,True,True,False,0.0008333333333333334
source_group,UACANet,full_tie_groups,A,0.9354750000000001,case5_6,case5,1400,62,1387,49,0.035328046142754144,0.9907142857142858,True,True,True,False,0.035328046142754144
source_group,UACANet,full_tie_groups,A,0.9354750000000001,case61_2,case61,1592,376,1493,277,0.1855324849296718,0.9378140703517588,False,True,False,False,0.1855324849296718
source_group,UACANet,full_tie_groups,A,0.9354750000000001,case61_3,case61,1768,132,1732,96,0.05542725173210162,0.9796380090497737,True,True,True,False,0.05542725173210162
source_group,UACANet,full_tie_groups,A,0.9354750000000001,case64,case64,648,172,550,74,0.13454545454545455,0.8487654320987654,True,True,True,False,0.13454545454545455
source_group,UACANet,full_tie_groups,A,0.9354750000000001,case67,case67,1528,577,1234,283,0.2293354943273906,0.8075916230366492,False,True,False,False,0.2293354943273906
source_group,UACANet,full_tie_groups,A,0.9354750000000001,case6_2,case6,1200,1077,589,466,0.7911714770797963,0.49083333333333334,False,False,False,False,0.7911714770797963
source_group,UACANet,full_tie_groups,A,0.9354750000000001,case6_3,case6,1680,1464,783,567,0.7241379310344828,0.4660714285714286,False,False,False,False,0.7241379310344828
source_group,UACANet,full_tie_groups,A,0.9354750000000001,case71_1,case71,1024,229,924,129,0.1396103896103896,0.90234375,True,True,True,False,0.1396103896103896
source_group,UACANet,full_tie_groups,A,0.9354750000000001,case71_2,case71,1200,297,1090,187,0.17155963302752295,0.9083333333333333,False,True,False,False,0.17155963302752295
source_group,UACANet,full_tie_groups,A,0.9354750000000001,case71_5,case71,1808,33,1785,10,0.0056022408963585435,0.9872787610619469,True,True,True,False,0.0056022408963585435
source_group,UACANet,full_tie_groups,A,0.9354750000000001,case74_1,case74,1256,494,1016,254,0.25,0.8089171974522293,False,True,False,False,0.25
source_group,UACANet,full_tie_groups,A,0.9354750000000001,case74_2,case74,952,5,951,4,0.004206098843322818,0.9989495798319328,True,True,True,False,0.004206098843322818
source_group,UACANet,full_tie_groups,A,0.9354750000000001,case79,case79,608,442,316,150,0.47468354430379744,0.5197368421052632,False,True,False,False,0.47468354430379744
source_group,UACANet,full_tie_groups,A,0.9354750000000001,case7_2,case7,1048,40,1027,19,0.018500486854917234,0.9799618320610687,True,True,True,False,0.018500486854917234
source_group,UACANet,full_tie_groups,A,0.9354750000000001,case80_1,case80,1280,51,1261,32,0.025376685170499604,0.98515625,True,True,True,False,0.025376685170499604
source_group,UACANet,full_tie_groups,A,0.9354750000000001,case80_2,case80,1200,0,1200,0,0.0,1.0,True,True,True,False,0.0
source_group,UACANet,full_tie_groups,A,0.9354750000000001,case80_3,case80,1200,0,1200,0,0.0,1.0,True,True,True,False,0.0
source_group,UACANet,full_tie_groups,A,0.9354750000000001,case80_4,case80,1200,0,1200,0,0.0,1.0,True,True,True,False,0.0
source_group,UACANet,full_tie_groups,A,0.9354750000000001,case80_5,case80,1096,0,1096,0,0.0,1.0,True,True,True,False,0.0
source_group,UACANet,full_tie_groups,A,0.9354750000000001,case80_6,case80,1200,0,1200,0,0.0,1.0,True,True,True,False,0.0
source_group,UACANet,full_tie_groups,A,0.9354750000000001,case80_7,case80,1200,0,1200,0,0.0,1.0,True,True,True,False,0.0
source_group,UACANet,full_tie_groups,A,0.9354750000000001,case80_8,case80,1160,0,1160,0,0.0,1.0,True,True,True,False,0.0
source_group,UACANet,full_tie_groups,A,0.9354750000000001,case83_2,case83,3024,44,3019,39,0.012918184829413714,0.9983465608465608,True,True,True,False,0.012918184829413714
source_group,UACANet,full_tie_groups,A,0.9354750000000001,case83_3,case83,1072,0,1072,0,0.0,1.0,True,True,True,False,0.0
source_group,UACANet,full_tie_groups,A,0.9354750000000001,case85_7,case85,1200,522,861,183,0.21254355400696864,0.7175,False,True,False,False,0.21254355400696864
source_group,UACANet,full_tie_groups,A,0.9354750000000001,case85_8,case85,1760,315,1539,94,0.06107862248213125,0.8744318181818181,True,True,True,False,0.06107862248213125
source_group,UACANet,full_tie_groups,A,0.9354750000000001,case89,case89,1192,152,1189,149,0.12531539108494533,0.99748322147651,True,True,True,False,0.12531539108494533
source_group,UACANet,full_tie_groups,A,0.9354750000000001,case90_1,case90,1200,0,1200,0,0.0,1.0,True,True,True,False,0.0
source_group,UACANet,full_tie_groups,A,0.9354750000000001,case90_3,case90,1432,22,1426,16,0.011220196353436185,0.9958100558659218,True,True,True,False,0.011220196353436185
source_group,UACANet,full_tie_groups,A,0.9354750000000001,case93_1,case93,1736,160,1661,85,0.051173991571342566,0.9567972350230415,True,True,True,False,0.051173991571342566
source_group,UACANet,full_tie_groups,A,0.9354750000000001,case93_2,case93,1880,183,1791,94,0.05248464544946957,0.9526595744680851,True,True,True,False,0.05248464544946957
source_group,UACANet,full_tie_groups,A,0.9354750000000001,case95_1,case95,2072,392,1966,286,0.14547304170905392,0.9488416988416989,True,True,True,False,0.14547304170905392
source_group,UACANet,full_tie_groups,A,0.9354750000000001,case95_2,case95,816,0,816,0,0.0,1.0,True,True,True,False,0.0
source_group,UACANet,full_tie_groups,A,0.9354750000000001,case95_3,case95,1200,1178,230,208,0.9043478260869565,0.19166666666666668,False,False,False,False,0.9043478260869565
source_group,UACANet,full_tie_groups,A,0.9354750000000001,case95_4,case95,760,299,654,193,0.29510703363914376,0.8605263157894737,False,True,False,False,0.29510703363914376
source_group,UACANet,full_tie_groups,A,0.9354750000000001,case97_1,case97,1200,1075,690,565,0.8188405797101449,0.575,False,True,False,False,0.8188405797101449
source_group,UACANet,full_tie_groups,A,0.9354750000000001,case97_2,case97,1232,1004,788,560,0.7106598984771574,0.6396103896103896,False,True,False,False,0.7106598984771574
source_group,UACANet,full_tie_groups,A,0.9354750000000001,case97_3,case97,1016,383,931,298,0.3200859291084855,0.9163385826771654,False,True,False,False,0.3200859291084855
source_group,UACANet,full_tie_groups,B,0.811057,case100,case100,1504,43,1491,30,0.02012072434607646,0.9913563829787234,True,True,True,False,0.02012072434607646
source_group,UACANet,full_tie_groups,B,0.811057,case12_1,case12,1472,85,1424,37,0.02598314606741573,0.967391304347826,True,True,True,False,0.02598314606741573
source_group,UACANet,full_tie_groups,B,0.811057,case12_2,case12,1984,378,1747,141,0.08070978820835718,0.8805443548387096,True,True,True,False,0.08070978820835718
source_group,UACANet,full_tie_groups,B,0.811057,case12_3,case12,848,0,848,0,0.0,1.0,True,True,True,False,0.0
source_group,UACANet,full_tie_groups,B,0.811057,case14_1,case14,1200,1160,494,454,0.9190283400809717,0.4116666666666667,False,False,False,False,0.9190283400809717
source_group,UACANet,full_tie_groups,B,0.811057,case14_2,case14,1200,1182,480,462,0.9625,0.4,False,False,False,False,0.9625
source_group,UACANet,full_tie_groups,B,0.811057,case14_3,case14,3024,2410,1371,757,0.5521517140773158,0.45337301587301587,False,False,False,False,0.5521517140773158
source_group,UACANet,full_tie_groups,B,0.811057,case14_4,case14,1160,993,660,493,0.746969696969697,0.5689655172413793,False,True,False,False,0.746969696969697
source_group,UACANet,full_tie_groups,B,0.811057,case14_5,case14,1280,978,810,508,0.6271604938271605,0.6328125,False,True,False,False,0.6271604938271605
source_group,UACANet,full_tie_groups,B,0.811057,case14_6,case14,1600,1520,491,411,0.8370672097759674,0.306875,False,False,False,False,0.8370672097759674
source_group,UACANet,full_tie_groups,B,0.811057,case1_2,case1,1728,0,1728,0,0.0,1.0,True,True,True,False,0.0
source_group,UACANet,full_tie_groups,B,0.811057,case23,case23,1456,319,1322,185,0.13993948562783662,0.907967032967033,True,True,True,False,0.13993948562783662
source_group,UACANet,full_tie_groups,B,0.811057,case25_2,case25,1088,24,1082,18,0.0166358595194085,0.9944852941176471,True,True,True,False,0.0166358595194085
source_group,UACANet,full_tie_groups,B,0.811057,case29_1,case29,1712,203,1621,112,0.06909315237507711,0.9468457943925234,True,True,True,False,0.06909315237507711
source_group,UACANet,full_tie_groups,B,0.811057,case29_2,case29,1304,12,1300,8,0.006153846153846154,0.9969325153374233,True,True,True,False,0.006153846153846154
source_group,UACANet,full_tie_groups,B,0.811057,case2_3,case2,1200,0,1200,0,0.0,1.0,True,True,True,False,0.0
source_group,UACANet,full_tie_groups,B,0.811057,case2_5,case2,1368,12,1366,10,0.007320644216691069,0.9985380116959064,True,True,True,False,0.007320644216691069
source_group,UACANet,full_tie_groups,B,0.811057,case2_6,case2,792,0,792,0,0.0,1.0,True,True,True,False,0.0
source_group,UACANet,full_tie_groups,B,0.811057,case2_8,case2,1448,35,1425,12,0.008421052631578947,0.9841160220994475,True,True,True,False,0.008421052631578947
source_group,UACANet,full_tie_groups,B,0.811057,case2_9,case2,896,0,896,0,0.0,1.0,True,True,True,False,0.0
source_group,UACANet,full_tie_groups,B,0.811057,case30,case30,1792,43,1773,24,0.01353637901861252,0.9893973214285714,True,True,True,False,0.01353637901861252
source_group,UACANet,full_tie_groups,B,0.811057,case32_1,case32,1680,21,1674,15,0.008960573476702509,0.9964285714285714,True,True,True,False,0.008960573476702509
source_group,UACANet,full_tie_groups,B,0.811057,case32_2,case32,800,1,800,1,0.00125,1.0,True,True,True,False,0.00125
source_group,UACANet,full_tie_groups,B,0.811057,case32_3,case32,1320,197,1218,95,0.07799671592775041,0.9227272727272727,True,True,True,False,0.07799671592775041
source_group,UACANet,full_tie_groups,B,0.811057,case32_4,case32,1480,179,1376,75,0.05450581395348837,0.9297297297297298,True,True,True,False,0.05450581395348837
source_group,UACANet,full_tie_groups,B,0.811057,case32_5,case32,1200,0,1200,0,0.0,1.0,True,True,True,False,0.0
source_group,UACANet,full_tie_groups,B,0.811057,case32_6,case32,1368,20,1365,17,0.012454212454212455,0.9978070175438597,True,True,True,False,0.012454212454212455
source_group,UACANet,full_tie_groups,B,0.811057,case35_1,case35,1480,0,1480,0,0.0,1.0,True,True,True,False,0.0
source_group,UACANet,full_tie_groups,B,0.811057,case35_2,case35,720,0,720,0,0.0,1.0,True,True,True,False,0.0
source_group,UACANet,full_tie_groups,B,0.811057,case35_3,case35,1544,153,1544,153,0.09909326424870467,1.0,True,True,True,False,0.09909326424870467
source_group,UACANet,full_tie_groups,B,0.811057,case35_8,case35,928,228,927,227,0.24487594390507011,0.9989224137931034,False,True,False,False,0.24487594390507011
source_group,UACANet,full_tie_groups,B,0.811057,case37_1,case37,1496,2,1496,2,0.001336898395721925,1.0,True,True,True,False,0.001336898395721925
source_group,UACANet,full_tie_groups,B,0.811057,case37_2,case37,1272,98,1228,54,0.043973941368078175,0.9654088050314465,True,True,True,False,0.043973941368078175
source_group,UACANet,full_tie_groups,B,0.811057,case37_3,case37,816,0,816,0,0.0,1.0,True,True,True,False,0.0
source_group,UACANet,full_tie_groups,B,0.811057,case39_1,case39,2352,503,2146,297,0.13839701770736254,0.9124149659863946,True,True,True,False,0.13839701770736254
source_group,UACANet,full_tie_groups,B,0.811057,case39_2,case39,2160,154,2115,109,0.051536643026004726,0.9791666666666666,True,True,True,False,0.051536643026004726
source_group,UACANet,full_tie_groups,B,0.811057,case39_3,case39,1192,9,1191,8,0.006717044500419815,0.9991610738255033,True,True,True,False,0.006717044500419815
source_group,UACANet,full_tie_groups,B,0.811057,case42,case42,2144,339,1957,152,0.07766990291262135,0.9127798507462687,True,True,True,False,0.07766990291262135
source_group,UACANet,full_tie_groups,B,0.811057,case44_1,case44,1200,342,947,89,0.09398099260823653,0.7891666666666667,True,True,True,False,0.09398099260823653
source_group,UACANet,full_tie_groups,B,0.811057,case48,case48,1408,267,1272,131,0.1029874213836478,0.9034090909090909,True,True,True,False,0.1029874213836478
source_group,UACANet,full_tie_groups,B,0.811057,case50_1,case50,1624,174,1571,121,0.07702100572883513,0.9673645320197044,True,True,True,False,0.07702100572883513
source_group,UACANet,full_tie_groups,B,0.811057,case50_2,case50,1200,5,1198,3,0.0025041736227045075,0.9983333333333333,True,True,True,False,0.0025041736227045075
source_group,UACANet,full_tie_groups,B,0.811057,case50_3,case50,1200,0,1200,0,0.0,1.0,True,True,True,False,0.0
source_group,UACANet,full_tie_groups,B,0.811057,case50_4,case50,1896,111,1841,56,0.030418250950570342,0.9709915611814346,True,True,True,False,0.030418250950570342
source_group,UACANet,full_tie_groups,B,0.811057,case52,case52,1656,112,1618,74,0.04573547589616811,0.9770531400966184,True,True,True,False,0.04573547589616811
source_group,UACANet,full_tie_groups,B,0.811057,case56_1,case56,1200,51,1179,30,0.02544529262086514,0.9825,True,True,True,False,0.02544529262086514
source_group,UACANet,full_tie_groups,B,0.811057,case56_2,case56,784,0,784,0,0.0,1.0,True,True,True,False,0.0
source_group,UACANet,full_tie_groups,B,0.811057,case60,case60,1168,615,974,421,0.4322381930184805,0.833904109589041,False,True,False,False,0.4322381930184805
source_group,UACANet,full_tie_groups,B,0.811057,case63_2,case63,1064,3,1064,3,0.002819548872180451,1.0,True,True,True,False,0.002819548872180451
source_group,UACANet,full_tie_groups,B,0.811057,case63_3,case63,1384,17,1381,14,0.010137581462708182,0.9978323699421965,True,True,True,False,0.010137581462708182
source_group,UACANet,full_tie_groups,B,0.811057,case66_2,case66,2584,2,2584,2,0.0007739938080495357,1.0,True,True,True,False,0.0007739938080495357
source_group,UACANet,full_tie_groups,B,0.811057,case66_3,case66,1200,0,1200,0,0.0,1.0,True,True,True,False,0.0
source_group,UACANet,full_tie_groups,B,0.811057,case66_4,case66,1888,0,1888,0,0.0,1.0,True,True,True,False,0.0
source_group,UACANet,full_tie_groups,B,0.811057,case66_5,case66,1200,1,1200,1,0.0008333333333333334,1.0,True,True,True,False,0.0008333333333333334
source_group,UACANet,full_tie_groups,B,0.811057,case66_6,case66,1072,0,1072,0,0.0,1.0,True,True,True,False,0.0
source_group,UACANet,full_tie_groups,B,0.811057,case66_8,case66,1200,0,1200,0,0.0,1.0,True,True,True,False,0.0
source_group,UACANet,full_tie_groups,B,0.811057,case66_9,case66,1600,0,1600,0,0.0,1.0,True,True,True,False,0.0
source_group,UACANet,full_tie_groups,B,0.811057,case68_1,case68,1312,158,1248,94,0.07532051282051282,0.9512195121951219,True,True,True,False,0.07532051282051282
source_group,UACANet,full_tie_groups,B,0.811057,case68_2,case68,1440,245,1370,175,0.12773722627737227,0.9513888888888888,True,True,True,False,0.12773722627737227
source_group,UACANet,full_tie_groups,B,0.811057,case68_3,case68,1304,376,1122,194,0.17290552584670232,0.8604294478527608,False,True,False,False,0.17290552584670232
source_group,UACANet,full_tie_groups,B,0.811057,case68_4,case68,1824,87,1801,64,0.03553581343697946,0.987390350877193,True,True,True,False,0.03553581343697946
source_group,UACANet,full_tie_groups,B,0.811057,case68_5,case68,1200,80,1179,59,0.05004240882103478,0.9825,True,True,True,False,0.05004240882103478
source_group,UACANet,full_tie_groups,B,0.811057,case68_6,case68,1632,174,1557,99,0.06358381502890173,0.9540441176470589,True,True,True,False,0.06358381502890173
source_group,UACANet,full_tie_groups,B,0.811057,case68_7,case68,1840,176,1772,108,0.060948081264108354,0.9630434782608696,True,True,True,False,0.060948081264108354
source_group,UACANet,full_tie_groups,B,0.811057,case70,case70,2112,42,2093,23,0.01098901098901099,0.9910037878787878,True,True,True,False,0.01098901098901099
source_group,UACANet,full_tie_groups,B,0.811057,case72_1,case72,1768,14,1763,9,0.005104934770277935,0.9971719457013575,True,True,True,False,0.005104934770277935
source_group,UACANet,full_tie_groups,B,0.811057,case72_3,case72,832,0,832,0,0.0,1.0,True,True,True,False,0.0
source_group,UACANet,full_tie_groups,B,0.811057,case72_4,case72,1720,366,1447,93,0.06427090532135453,0.8412790697674418,True,True,True,False,0.06427090532135453
source_group,UACANet,full_tie_groups,B,0.811057,case75_1,case75,1200,87,1139,26,0.0228270412642669,0.9491666666666667,True,True,True,False,0.0228270412642669
source_group,UACANet,full_tie_groups,B,0.811057,case81_1,case81,1224,0,1224,0,0.0,1.0,True,True,True,False,0.0
source_group,UACANet,full_tie_groups,B,0.811057,case81_2,case81,2192,57,2147,12,0.0055891942244993015,0.979470802919708,True,True,True,False,0.0055891942244993015
source_group,UACANet,full_tie_groups,B,0.811057,case84,case84,1744,564,1474,294,0.1994572591587517,0.8451834862385321,False,True,False,False,0.1994572591587517
source_group,UACANet,full_tie_groups,B,0.811057,case86_1,case86,1200,29,1174,3,0.002555366269165247,0.9783333333333334,True,True,True,False,0.002555366269165247
source_group,UACANet,full_tie_groups,B,0.811057,case86_2,case86,856,0,856,0,0.0,1.0,True,True,True,False,0.0
source_group,UACANet,full_tie_groups,B,0.811057,case8_1,case8,920,19,914,13,0.014223194748358862,0.9934782608695653,True,True,True,False,0.014223194748358862
source_group,UACANet,full_tie_groups,B,0.811057,case8_2,case8,1128,6,1128,6,0.005319148936170213,1.0,True,True,True,False,0.005319148936170213
source_group,UACANet,full_tie_groups,B,0.811057,case9,case9,1088,2,1087,1,0.0009199632014719411,0.9990808823529411,True,True,True,False,0.0009199632014719411
source_group,UACANet,full_tie_groups,B,0.811057,case91_1,case91,1200,631,893,324,0.3628219484882419,0.7441666666666666,False,True,False,False,0.3628219484882419
source_group,UACANet,full_tie_groups,B,0.811057,case91_2,case91,1200,512,913,225,0.24644030668127054,0.7608333333333334,False,True,False,False,0.24644030668127054
source_group,UACANet,full_tie_groups,B,0.811057,case91_3,case91,1200,1070,460,330,0.717391304347826,0.38333333333333336,False,False,False,False,0.717391304347826
source_group,UACANet,full_tie_groups,B,0.811057,case91_4,case91,872,725,453,306,0.6754966887417219,0.5194954128440367,False,True,False,False,0.6754966887417219
source_group,UACANet,full_tie_groups,B,0.811057,case91_5,case91,1200,659,806,265,0.32878411910669975,0.6716666666666666,False,True,False,False,0.32878411910669975
source_group,UACANet,full_tie_groups,B,0.811057,case91_6,case91,944,174,871,101,0.11595866819747416,0.9226694915254238,True,True,True,False,0.11595866819747416
source_group,UACANet,full_tie_groups,B,0.811057,case91_7,case91,1872,154,1794,76,0.042363433667781496,0.9583333333333334,True,True,True,False,0.042363433667781496
source_group,UACANet,full_tie_groups,B,0.811057,case94,case94,1088,113,1017,42,0.04129793510324484,0.9347426470588235,True,True,True,False,0.04129793510324484
source_group,UACANet,full_tie_groups,B,0.811057,case96_1,case96,920,591,430,101,0.23488372093023255,0.4673913043478261,False,False,False,False,0.23488372093023255
source_group,UACANet,full_tie_groups,B,0.811057,case96_2,case96,1488,126,1426,64,0.04488078541374474,0.9583333333333334,True,True,True,False,0.04488078541374474
source_group,UACANet,full_tie_groups,B,0.811057,case99,case99,1288,63,1253,28,0.0223463687150838,0.9728260869565217,True,True,True,False,0.0223463687150838
